[     405ms] [INFO] %cDownload the React DevTools for a better development experience: https://react.dev/link/react-devtools font-weight:bold @ http://localhost:3000/_next/static/chunks/node_modules_next_dist_1ybzpk2._.js:2477
[     482ms] [LOG] [HMR] connected @ http://localhost:3000/_next/static/chunks/node_modules_next_dist_1ybzpk2._.js:2477
[  440750ms] [LOG] [Fast Refresh] rebuilding @ http://localhost:3000/_next/static/chunks/node_modules_next_dist_1ybzpk2._.js:2477
[  440914ms] [LOG] [Fast Refresh] done in 242ms @ http://localhost:3000/_next/static/chunks/node_modules_next_dist_1ybzpk2._.js:2477
[  462757ms] [LOG] [Fast Refresh] rebuilding @ http://localhost:3000/_next/static/chunks/node_modules_next_dist_1ybzpk2._.js:2477
[  462833ms] [LOG] [Fast Refresh] done in 135ms @ http://localhost:3000/_next/static/chunks/node_modules_next_dist_1ybzpk2._.js:2477
[  503269ms] [LOG] [Fast Refresh] rebuilding @ http://localhost:3000/_next/static/chunks/node_modules_next_dist_1ybzpk2._.js:2477
[  503472ms] [LOG] [Fast Refresh] done in 308ms @ http://localhost:3000/_next/static/chunks/node_modules_next_dist_1ybzpk2._.js:2477
[  594780ms] [LOG] [Fast Refresh] rebuilding @ http://localhost:3000/_next/static/chunks/node_modules_next_dist_1ybzpk2._.js:2477
[  594968ms] [LOG] [Fast Refresh] done in 295ms @ http://localhost:3000/_next/static/chunks/node_modules_next_dist_1ybzpk2._.js:2477
[  601202ms] [LOG] [Fast Refresh] rebuilding @ http://localhost:3000/_next/static/chunks/node_modules_next_dist_1ybzpk2._.js:2477
[  601220ms] [LOG] [Fast Refresh] done in 119ms @ http://localhost:3000/_next/static/chunks/node_modules_next_dist_1ybzpk2._.js:2477
[  660853ms] [LOG] [Fast Refresh] rebuilding @ http://localhost:3000/_next/static/chunks/node_modules_next_dist_1ybzpk2._.js:2477
[  660861ms] [LOG] [Fast Refresh] done in 124ms @ http://localhost:3000/_next/static/chunks/node_modules_next_dist_1ybzpk2._.js:2477
[  704968ms] [LOG] [Fast Refresh] rebuilding @ http://localhost:3000/_next/static/chunks/node_modules_next_dist_1ybzpk2._.js:2477
[  705078ms] [LOG] [Fast Refresh] done in 213ms @ http://localhost:3000/_next/static/chunks/node_modules_next_dist_1ybzpk2._.js:2477
[  720665ms] [LOG] [Fast Refresh] rebuilding @ http://localhost:3000/_next/static/chunks/node_modules_next_dist_1ybzpk2._.js:2477
[  720746ms] [LOG] [Fast Refresh] done in 150ms @ http://localhost:3000/_next/static/chunks/node_modules_next_dist_1ybzpk2._.js:2477
[  743348ms] [LOG] [Fast Refresh] rebuilding @ http://localhost:3000/_next/static/chunks/node_modules_next_dist_1ybzpk2._.js:2477
[  743350ms] [LOG] [Fast Refresh] done in 103ms @ http://localhost:3000/_next/static/chunks/node_modules_next_dist_1ybzpk2._.js:2477
[ 1239329ms] [LOG] [Fast Refresh] rebuilding @ http://localhost:3000/_next/static/chunks/node_modules_next_dist_1ybzpk2._.js:2477
[ 1239425ms] [LOG] [Fast Refresh] done in 165ms @ http://localhost:3000/_next/static/chunks/node_modules_next_dist_1ybzpk2._.js:2477
[ 1253860ms] [LOG] [Fast Refresh] rebuilding @ http://localhost:3000/_next/static/chunks/node_modules_next_dist_1ybzpk2._.js:2477
[ 1253944ms] [LOG] [Fast Refresh] done in 128ms @ http://localhost:3000/_next/static/chunks/node_modules_next_dist_1ybzpk2._.js:2477
[ 1294513ms] [LOG] [Fast Refresh] rebuilding @ http://localhost:3000/_next/static/chunks/node_modules_next_dist_1ybzpk2._.js:2477
[ 1294577ms] [LOG] [Fast Refresh] done in 170ms @ http://localhost:3000/_next/static/chunks/node_modules_next_dist_1ybzpk2._.js:2477
[ 1403562ms] [LOG] [Fast Refresh] rebuilding @ http://localhost:3000/_next/static/chunks/node_modules_next_dist_1ybzpk2._.js:2477
[ 1403625ms] [LOG] [Fast Refresh] done in 168ms @ http://localhost:3000/_next/static/chunks/node_modules_next_dist_1ybzpk2._.js:2477
[38965009ms] [LOG] [HMR] connected @ http://localhost:3000/_next/static/chunks/node_modules_next_dist_1ybzpk2._.js:2477
[39577178ms] [LOG] [HMR] connected @ http://localhost:3000/_next/static/chunks/node_modules_next_dist_1ybzpk2._.js:2477
[54585849ms] [LOG] [HMR] connected @ http://localhost:3000/_next/static/chunks/node_modules_next_dist_1ybzpk2._.js:2477
[54586575ms] [LOG] [Fast Refresh] rebuilding @ http://localhost:3000/_next/static/chunks/node_modules_next_dist_1ybzpk2._.js:2477
[54586868ms] [LOG] [Fast Refresh] done in 411ms @ http://localhost:3000/_next/static/chunks/node_modules_next_dist_1ybzpk2._.js:2477
[58215059ms] [LOG] [HMR] connected @ http://localhost:3000/_next/static/chunks/node_modules_next_dist_1ybzpk2._.js:2477
[58215265ms] [LOG] [Fast Refresh] rebuilding @ http://localhost:3000/_next/static/chunks/node_modules_next_dist_1ybzpk2._.js:2477
[58216493ms] [LOG] [Fast Refresh] done in 1333ms @ http://localhost:3000/_next/static/chunks/node_modules_next_dist_1ybzpk2._.js:2477
[61785041ms] [LOG] [HMR] connected @ http://localhost:3000/_next/static/chunks/node_modules_next_dist_1ybzpk2._.js:2477
[61785157ms] [LOG] [Fast Refresh] rebuilding @ http://localhost:3000/_next/static/chunks/node_modules_next_dist_1ybzpk2._.js:2477
[68097934ms] [LOG] [HMR] connected @ http://localhost:3000/_next/static/chunks/node_modules_next_dist_1ybzpk2._.js:2477
[106841612ms] [ERROR] WebSocket connection to 'ws://localhost:3000/_next/webpack-hmr?id=-HyOdj-p8o2oVZVXOjwS7' failed: Error in connection establishment: net::ERR_CONNECTION_REFUSED @ http://localhost:3000/_next/static/chunks/node_modules_next_dist_client_0r5nbpw._.js:13422
[106845051ms] [ERROR] WebSocket connection to 'ws://localhost:3000/_next/webpack-hmr?id=-HyOdj-p8o2oVZVXOjwS7' failed: Error in connection establishment: net::ERR_CONNECTION_REFUSED @ http://localhost:3000/_next/static/chunks/node_modules_next_dist_client_0r5nbpw._.js:13422
[106852406ms] [ERROR] WebSocket connection to 'ws://localhost:3000/_next/webpack-hmr?id=-HyOdj-p8o2oVZVXOjwS7' failed: Error in connection establishment: net::ERR_CONNECTION_REFUSED @ http://localhost:3000/_next/static/chunks/node_modules_next_dist_client_0r5nbpw._.js:13422
[106859757ms] [ERROR] WebSocket connection to 'ws://localhost:3000/_next/webpack-hmr?id=-HyOdj-p8o2oVZVXOjwS7' failed: Error in connection establishment: net::ERR_CONNECTION_REFUSED @ http://localhost:3000/_next/static/chunks/node_modules_next_dist_client_0r5nbpw._.js:13422
[106867130ms] [ERROR] WebSocket connection to 'ws://localhost:3000/_next/webpack-hmr?id=-HyOdj-p8o2oVZVXOjwS7' failed: Error in connection establishment: net::ERR_CONNECTION_REFUSED @ http://localhost:3000/_next/static/chunks/node_modules_next_dist_client_0r5nbpw._.js:13422
[106874510ms] [ERROR] WebSocket connection to 'ws://localhost:3000/_next/webpack-hmr?id=-HyOdj-p8o2oVZVXOjwS7' failed: Error in connection establishment: net::ERR_CONNECTION_REFUSED @ http://localhost:3000/_next/static/chunks/node_modules_next_dist_client_0r5nbpw._.js:13422
[106881882ms] [ERROR] WebSocket connection to 'ws://localhost:3000/_next/webpack-hmr?id=-HyOdj-p8o2oVZVXOjwS7' failed: Error in connection establishment: net::ERR_CONNECTION_REFUSED @ http://localhost:3000/_next/static/chunks/node_modules_next_dist_client_0r5nbpw._.js:13422
[106889237ms] [ERROR] WebSocket connection to 'ws://localhost:3000/_next/webpack-hmr?id=-HyOdj-p8o2oVZVXOjwS7' failed: Error in connection establishment: net::ERR_CONNECTION_REFUSED @ http://localhost:3000/_next/static/chunks/node_modules_next_dist_client_0r5nbpw._.js:13422
[106896623ms] [ERROR] WebSocket connection to 'ws://localhost:3000/_next/webpack-hmr?id=-HyOdj-p8o2oVZVXOjwS7' failed: Error in connection establishment: net::ERR_CONNECTION_REFUSED @ http://localhost:3000/_next/static/chunks/node_modules_next_dist_client_0r5nbpw._.js:13422
[106940010ms] [INFO] %cDownload the React DevTools for a better development experience: https://react.dev/link/react-devtools font-weight:bold @ http://localhost:3000/_next/static/chunks/node_modules_next_dist_1ybzpk2._.js:2477
[106940093ms] [LOG] [HMR] connected @ http://localhost:3000/_next/static/chunks/node_modules_next_dist_1ybzpk2._.js:2477
[106956073ms] [LOG] [Fast Refresh] rebuilding @ http://localhost:3000/_next/static/chunks/node_modules_next_dist_1ybzpk2._.js:2477
[106956105ms] [LOG] [Fast Refresh] done in 145ms @ http://localhost:3000/_next/static/chunks/node_modules_next_dist_1ybzpk2._.js:2477
[107102552ms] [LOG] [Fast Refresh] rebuilding @ http://localhost:3000/_next/static/chunks/node_modules_next_dist_1ybzpk2._.js:2477
[107103586ms] [LOG] [Fast Refresh] done in 1120ms @ http://localhost:3000/_next/static/chunks/node_modules_next_dist_1ybzpk2._.js:2477
[107147463ms] [LOG] [Fast Refresh] rebuilding @ http://localhost:3000/_next/static/chunks/node_modules_next_dist_1ybzpk2._.js:2477
[107147517ms] [LOG] [Fast Refresh] done in 156ms @ http://localhost:3000/_next/static/chunks/node_modules_next_dist_1ybzpk2._.js:2477
[107148511ms] [LOG] [Fast Refresh] rebuilding @ http://localhost:3000/_next/static/chunks/node_modules_next_dist_1ybzpk2._.js:2477
[107148606ms] [LOG] [Fast Refresh] done in 202ms @ http://localhost:3000/_next/static/chunks/node_modules_next_dist_1ybzpk2._.js:2477
[107173536ms] [LOG] [Fast Refresh] rebuilding @ http://localhost:3000/_next/static/chunks/node_modules_next_dist_1ybzpk2._.js:2477
[107173536ms] [LOG] [Fast Refresh] done in 114ms @ http://localhost:3000/_next/static/chunks/node_modules_next_dist_1ybzpk2._.js:2477
[107193394ms] [LOG] [Fast Refresh] rebuilding @ http://localhost:3000/_next/static/chunks/node_modules_next_dist_1ybzpk2._.js:2477
[107194296ms] [LOG] [Fast Refresh] done in 816ms @ http://localhost:3000/_next/static/chunks/node_modules_next_dist_1ybzpk2._.js:2477
[107194410ms] [LOG] [Fast Refresh] rebuilding @ http://localhost:3000/_next/static/chunks/node_modules_next_dist_1ybzpk2._.js:2477
[107194464ms] [LOG] [Fast Refresh] done in 154ms @ http://localhost:3000/_next/static/chunks/node_modules_next_dist_1ybzpk2._.js:2477
[107194582ms] [LOG] [Fast Refresh] rebuilding @ http://localhost:3000/_next/static/chunks/node_modules_next_dist_1ybzpk2._.js:2477
[107194756ms] [LOG] [Fast Refresh] done in 279ms @ http://localhost:3000/_next/static/chunks/node_modules_next_dist_1ybzpk2._.js:2477
[107200691ms] [LOG] [Fast Refresh] rebuilding @ http://localhost:3000/_next/static/chunks/node_modules_next_dist_1ybzpk2._.js:2477
[107201255ms] [LOG] [Fast Refresh] done in 356ms @ http://localhost:3000/_next/static/chunks/node_modules_next_dist_1ybzpk2._.js:2477
[107201367ms] [LOG] [Fast Refresh] rebuilding @ http://localhost:3000/_next/static/chunks/node_modules_next_dist_1ybzpk2._.js:2477
[107201415ms] [LOG] [Fast Refresh] done in 154ms @ http://localhost:3000/_next/static/chunks/node_modules_next_dist_1ybzpk2._.js:2477
[107208988ms] [LOG] [Fast Refresh] rebuilding @ http://localhost:3000/_next/static/chunks/node_modules_next_dist_1ybzpk2._.js:2477
[107209113ms] [LOG] [Fast Refresh] done in 196ms @ http://localhost:3000/_next/static/chunks/node_modules_next_dist_1ybzpk2._.js:2477
[107260083ms] [LOG] [Fast Refresh] rebuilding @ http://localhost:3000/_next/static/chunks/node_modules_next_dist_1ybzpk2._.js:2477
[107260222ms] [LOG] [Fast Refresh] done in 253ms @ http://localhost:3000/_next/static/chunks/node_modules_next_dist_1ybzpk2._.js:2477
[107742551ms] [LOG] [Fast Refresh] rebuilding @ http://localhost:3000/_next/static/chunks/node_modules_next_dist_1ybzpk2._.js:2477
[107742769ms] [LOG] [Fast Refresh] done in 324ms @ http://localhost:3000/_next/static/chunks/node_modules_next_dist_1ybzpk2._.js:2477
[107743176ms] [LOG] [Fast Refresh] rebuilding @ http://localhost:3000/_next/static/chunks/node_modules_next_dist_1ybzpk2._.js:2477
[107743332ms] [LOG] [Fast Refresh] done in 260ms @ http://localhost:3000/_next/static/chunks/node_modules_next_dist_1ybzpk2._.js:2477
[107743455ms] [LOG] [Fast Refresh] rebuilding @ http://localhost:3000/_next/static/chunks/node_modules_next_dist_1ybzpk2._.js:2477
[107743532ms] [LOG] [Fast Refresh] done in 190ms @ http://localhost:3000/_next/static/chunks/node_modules_next_dist_1ybzpk2._.js:2477
[107782509ms] [LOG] [Fast Refresh] rebuilding @ http://localhost:3000/_next/static/chunks/node_modules_next_dist_1ybzpk2._.js:2477
[107782715ms] [LOG] [Fast Refresh] done in 312ms @ http://localhost:3000/_next/static/chunks/node_modules_next_dist_1ybzpk2._.js:2477
[107799256ms] [LOG] [Fast Refresh] rebuilding @ http://localhost:3000/_next/static/chunks/node_modules_next_dist_1ybzpk2._.js:2477
[107799428ms] [LOG] [Fast Refresh] done in 278ms @ http://localhost:3000/_next/static/chunks/node_modules_next_dist_1ybzpk2._.js:2477
[107873955ms] [LOG] [Fast Refresh] rebuilding @ http://localhost:3000/_next/static/chunks/node_modules_next_dist_1ybzpk2._.js:2477
[107874171ms] [LOG] [Fast Refresh] done in 328ms @ http://localhost:3000/_next/static/chunks/node_modules_next_dist_1ybzpk2._.js:2477
[107887895ms] [LOG] [Fast Refresh] rebuilding @ http://localhost:3000/_next/static/chunks/node_modules_next_dist_1ybzpk2._.js:2477
[107888156ms] [LOG] [Fast Refresh] done in 363ms @ http://localhost:3000/_next/static/chunks/node_modules_next_dist_1ybzpk2._.js:2477
[107896010ms] [LOG] [Fast Refresh] rebuilding @ http://localhost:3000/_next/static/chunks/node_modules_next_dist_1ybzpk2._.js:2477
[107896024ms] [LOG] [Fast Refresh] done in 121ms @ http://localhost:3000/_next/static/chunks/node_modules_next_dist_1ybzpk2._.js:2477
[107913564ms] [LOG] [Fast Refresh] rebuilding @ http://localhost:3000/_next/static/chunks/node_modules_next_dist_1ybzpk2._.js:2477
[107913577ms] [LOG] [Fast Refresh] done in 116ms @ http://localhost:3000/_next/static/chunks/node_modules_next_dist_1ybzpk2._.js:2477
[107936900ms] [LOG] [Fast Refresh] rebuilding @ http://localhost:3000/_next/static/chunks/node_modules_next_dist_1ybzpk2._.js:2477
[107936916ms] [LOG] [Fast Refresh] done in 116ms @ http://localhost:3000/_next/static/chunks/node_modules_next_dist_1ybzpk2._.js:2477
[107993994ms] [LOG] [Fast Refresh] rebuilding @ http://localhost:3000/_next/static/chunks/node_modules_next_dist_1ybzpk2._.js:2477
[107993994ms] [LOG] [Fast Refresh] done in 112ms @ http://localhost:3000/_next/static/chunks/node_modules_next_dist_1ybzpk2._.js:2477
[107998615ms] [LOG] [Fast Refresh] rebuilding @ http://localhost:3000/_next/static/chunks/node_modules_next_dist_1ybzpk2._.js:2477
[107998618ms] [LOG] [Fast Refresh] done in 118ms @ http://localhost:3000/_next/static/chunks/node_modules_next_dist_1ybzpk2._.js:2477
[108153161ms] [LOG] [Fast Refresh] rebuilding @ http://localhost:3000/_next/static/chunks/node_modules_next_dist_1ybzpk2._.js:2477
[108153188ms] [LOG] [Fast Refresh] done in 131ms @ http://localhost:3000/_next/static/chunks/node_modules_next_dist_1ybzpk2._.js:2477
[108180073ms] [LOG] [Fast Refresh] rebuilding @ http://localhost:3000/_next/static/chunks/node_modules_next_dist_1ybzpk2._.js:2477
[108181392ms] [LOG] [Fast Refresh] done in 1412ms @ http://localhost:3000/_next/static/chunks/node_modules_next_dist_1ybzpk2._.js:2477
[108181502ms] [LOG] [Fast Refresh] rebuilding @ http://localhost:3000/_next/static/chunks/node_modules_next_dist_1ybzpk2._.js:2477
[108181664ms] [LOG] [Fast Refresh] done in 263ms @ http://localhost:3000/_next/static/chunks/node_modules_next_dist_1ybzpk2._.js:2477
[108189698ms] [LOG] [Fast Refresh] rebuilding @ http://localhost:3000/_next/static/chunks/node_modules_next_dist_1ybzpk2._.js:2477
[108189915ms] [LOG] [Fast Refresh] done in 306ms @ http://localhost:3000/_next/static/chunks/node_modules_next_dist_1ybzpk2._.js:2477
[108200392ms] [LOG] [Fast Refresh] rebuilding @ http://localhost:3000/_next/static/chunks/node_modules_next_dist_1ybzpk2._.js:2477
[108200541ms] [LOG] [Fast Refresh] done in 265ms @ http://localhost:3000/_next/static/chunks/node_modules_next_dist_1ybzpk2._.js:2477
[108242475ms] [LOG] [Fast Refresh] rebuilding @ http://localhost:3000/_next/static/chunks/node_modules_next_dist_1ybzpk2._.js:2477
[108242845ms] [LOG] [Fast Refresh] done in 89ms @ http://localhost:3000/_next/static/chunks/node_modules_next_dist_1ybzpk2._.js:2477
[108243040ms] [LOG] [Fast Refresh] rebuilding @ http://localhost:3000/_next/static/chunks/node_modules_next_dist_1ybzpk2._.js:2477
[108243177ms] [LOG] [Fast Refresh] done in 240ms @ http://localhost:3000/_next/static/chunks/node_modules_next_dist_1ybzpk2._.js:2477
[108265697ms] [LOG] [Fast Refresh] rebuilding @ http://localhost:3000/_next/static/chunks/node_modules_next_dist_1ybzpk2._.js:2477
[108265827ms] [LOG] [Fast Refresh] done in 245ms @ http://localhost:3000/_next/static/chunks/node_modules_next_dist_1ybzpk2._.js:2477
[108294367ms] [LOG] [Fast Refresh] rebuilding @ http://localhost:3000/_next/static/chunks/node_modules_next_dist_1ybzpk2._.js:2477
[108294779ms] [LOG] [Fast Refresh] done in 80ms @ http://localhost:3000/_next/static/chunks/node_modules_next_dist_1ybzpk2._.js:2477
[108294913ms] [LOG] [Fast Refresh] rebuilding @ http://localhost:3000/_next/static/chunks/node_modules_next_dist_1ybzpk2._.js:2477
[108295046ms] [LOG] [Fast Refresh] done in 249ms @ http://localhost:3000/_next/static/chunks/node_modules_next_dist_1ybzpk2._.js:2477
[108305252ms] [LOG] [Fast Refresh] rebuilding @ http://localhost:3000/_next/static/chunks/node_modules_next_dist_1ybzpk2._.js:2477
[108305366ms] [LOG] [Fast Refresh] done in 221ms @ http://localhost:3000/_next/static/chunks/node_modules_next_dist_1ybzpk2._.js:2477
[108307729ms] [LOG] [Fast Refresh] rebuilding @ http://localhost:3000/_next/static/chunks/node_modules_next_dist_1ybzpk2._.js:2477
[108307759ms] [LOG] [Fast Refresh] done in 135ms @ http://localhost:3000/_next/static/chunks/node_modules_next_dist_1ybzpk2._.js:2477
[108307930ms] [LOG] [Fast Refresh] rebuilding @ http://localhost:3000/_next/static/chunks/node_modules_next_dist_1ybzpk2._.js:2477
[108307954ms] [LOG] [Fast Refresh] done in 131ms @ http://localhost:3000/_next/static/chunks/node_modules_next_dist_1ybzpk2._.js:2477
[108314424ms] [LOG] [Fast Refresh] rebuilding @ http://localhost:3000/_next/static/chunks/node_modules_next_dist_1ybzpk2._.js:2477
[108314440ms] [LOG] [Fast Refresh] done in 117ms @ http://localhost:3000/_next/static/chunks/node_modules_next_dist_1ybzpk2._.js:2477
[108345164ms] [LOG] [Fast Refresh] rebuilding @ http://localhost:3000/_next/static/chunks/node_modules_next_dist_1ybzpk2._.js:2477
[108345259ms] [LOG] [Fast Refresh] done in 197ms @ http://localhost:3000/_next/static/chunks/node_modules_next_dist_1ybzpk2._.js:2477
[108377137ms] [LOG] [Fast Refresh] rebuilding @ http://localhost:3000/_next/static/chunks/node_modules_next_dist_1ybzpk2._.js:2477
[108377138ms] [LOG] [Fast Refresh] done in 115ms @ http://localhost:3000/_next/static/chunks/node_modules_next_dist_1ybzpk2._.js:2477
[108378888ms] [LOG] [Fast Refresh] rebuilding @ http://localhost:3000/_next/static/chunks/node_modules_next_dist_1ybzpk2._.js:2477
[108378903ms] [LOG] [Fast Refresh] done in 115ms @ http://localhost:3000/_next/static/chunks/node_modules_next_dist_1ybzpk2._.js:2477
[108397857ms] [LOG] [Fast Refresh] rebuilding @ http://localhost:3000/_next/static/chunks/node_modules_next_dist_1ybzpk2._.js:2477
[108398275ms] [LOG] [Fast Refresh] done in 75ms @ http://localhost:3000/_next/static/chunks/node_modules_next_dist_1ybzpk2._.js:2477
[108398399ms] [LOG] [Fast Refresh] rebuilding @ http://localhost:3000/_next/static/chunks/node_modules_next_dist_1ybzpk2._.js:2477
[108398532ms] [LOG] [Fast Refresh] done in 235ms @ http://localhost:3000/_next/static/chunks/node_modules_next_dist_1ybzpk2._.js:2477
[108406789ms] [LOG] [Fast Refresh] rebuilding @ http://localhost:3000/_next/static/chunks/node_modules_next_dist_1ybzpk2._.js:2477
[108406868ms] [LOG] [Fast Refresh] done in 152ms @ http://localhost:3000/_next/static/chunks/node_modules_next_dist_1ybzpk2._.js:2477
[108422166ms] [ERROR] WebSocket connection to 'ws://localhost:3000/_next/webpack-hmr?id=X8-9CmMtzSEv_SFqdHZ6c' failed: Error in connection establishment: net::ERR_CONNECTION_REFUSED @ http://localhost:3000/_next/static/chunks/node_modules_next_dist_client_0r5nbpw._.js:13422
[108425534ms] [ERROR] WebSocket connection to 'ws://localhost:3000/_next/webpack-hmr?id=X8-9CmMtzSEv_SFqdHZ6c' failed: Error in connection establishment: net::ERR_CONNECTION_REFUSED @ http://localhost:3000/_next/static/chunks/node_modules_next_dist_client_0r5nbpw._.js:13422
[108428893ms] [ERROR] WebSocket connection to 'ws://localhost:3000/_next/webpack-hmr?id=X8-9CmMtzSEv_SFqdHZ6c' failed: Error in connection establishment: net::ERR_CONNECTION_REFUSED @ http://localhost:3000/_next/static/chunks/node_modules_next_dist_client_0r5nbpw._.js:13422
[108432233ms] [ERROR] WebSocket connection to 'ws://localhost:3000/_next/webpack-hmr?id=X8-9CmMtzSEv_SFqdHZ6c' failed: Error in connection establishment: net::ERR_CONNECTION_REFUSED @ http://localhost:3000/_next/static/chunks/node_modules_next_dist_client_0r5nbpw._.js:13422
[108436296ms] [ERROR] WebSocket connection to 'ws://localhost:3000/_next/webpack-hmr?id=X8-9CmMtzSEv_SFqdHZ6c' failed: Error during WebSocket handshake: net::ERR_CONNECTION_RESET @ http://localhost:3000/_next/static/chunks/node_modules_next_dist_client_0r5nbpw._.js:13422
[108443664ms] [ERROR] WebSocket connection to 'ws://localhost:3000/_next/webpack-hmr?id=X8-9CmMtzSEv_SFqdHZ6c' failed: Error in connection establishment: net::ERR_CONNECTION_REFUSED @ http://localhost:3000/_next/static/chunks/node_modules_next_dist_client_0r5nbpw._.js:13422
[108451022ms] [ERROR] WebSocket connection to 'ws://localhost:3000/_next/webpack-hmr?id=X8-9CmMtzSEv_SFqdHZ6c' failed: Error in connection establishment: net::ERR_CONNECTION_REFUSED @ http://localhost:3000/_next/static/chunks/node_modules_next_dist_client_0r5nbpw._.js:13422
[108458406ms] [ERROR] WebSocket connection to 'ws://localhost:3000/_next/webpack-hmr?id=X8-9CmMtzSEv_SFqdHZ6c' failed: Error in connection establishment: net::ERR_CONNECTION_REFUSED @ http://localhost:3000/_next/static/chunks/node_modules_next_dist_client_0r5nbpw._.js:13422
[108465789ms] [ERROR] WebSocket connection to 'ws://localhost:3000/_next/webpack-hmr?id=X8-9CmMtzSEv_SFqdHZ6c' failed: Error in connection establishment: net::ERR_CONNECTION_REFUSED @ http://localhost:3000/_next/static/chunks/node_modules_next_dist_client_0r5nbpw._.js:13422
[108473196ms] [ERROR] WebSocket connection to 'ws://localhost:3000/_next/webpack-hmr?id=X8-9CmMtzSEv_SFqdHZ6c' failed: Error in connection establishment: net::ERR_CONNECTION_REFUSED @ http://localhost:3000/_next/static/chunks/node_modules_next_dist_client_0r5nbpw._.js:13422
[108480597ms] [ERROR] WebSocket connection to 'ws://localhost:3000/_next/webpack-hmr?id=X8-9CmMtzSEv_SFqdHZ6c' failed: Error in connection establishment: net::ERR_CONNECTION_REFUSED @ http://localhost:3000/_next/static/chunks/node_modules_next_dist_client_0r5nbpw._.js:13422
[108488027ms] [ERROR] WebSocket connection to 'ws://localhost:3000/_next/webpack-hmr?id=X8-9CmMtzSEv_SFqdHZ6c' failed: Error in connection establishment: net::ERR_CONNECTION_REFUSED @ http://localhost:3000/_next/static/chunks/node_modules_next_dist_client_0r5nbpw._.js:13422
[108896645ms] [INFO] %cDownload the React DevTools for a better development experience: https://react.dev/link/react-devtools font-weight:bold @ http://localhost:3000/_next/static/chunks/node_modules_next_dist_1ybzpk2._.js:2477
[108896976ms] [LOG] [HMR] connected @ http://localhost:3000/_next/static/chunks/node_modules_next_dist_1ybzpk2._.js:2477
[108938086ms] [LOG] [Fast Refresh] rebuilding @ http://localhost:3000/_next/static/chunks/node_modules_next_dist_1ybzpk2._.js:2477
[108939165ms] [LOG] [Fast Refresh] done in 748ms @ http://localhost:3000/_next/static/chunks/node_modules_next_dist_1ybzpk2._.js:2477
[108939279ms] [LOG] [Fast Refresh] rebuilding @ http://localhost:3000/_next/static/chunks/node_modules_next_dist_1ybzpk2._.js:2477
[108939369ms] [LOG] [Fast Refresh] done in 193ms @ http://localhost:3000/_next/static/chunks/node_modules_next_dist_1ybzpk2._.js:2477
[108949228ms] [LOG] [Fast Refresh] rebuilding @ http://localhost:3000/_next/static/chunks/node_modules_next_dist_1ybzpk2._.js:2477
[108949434ms] [LOG] [Fast Refresh] done in 289ms @ http://localhost:3000/_next/static/chunks/node_modules_next_dist_1ybzpk2._.js:2477
[108950156ms] [LOG] [Fast Refresh] rebuilding @ http://localhost:3000/_next/static/chunks/node_modules_next_dist_1ybzpk2._.js:2477
[108950326ms] [LOG] [Fast Refresh] done in 278ms @ http://localhost:3000/_next/static/chunks/node_modules_next_dist_1ybzpk2._.js:2477
[108953645ms] [LOG] [Fast Refresh] rebuilding @ http://localhost:3000/_next/static/chunks/node_modules_next_dist_1ybzpk2._.js:2477
[108953691ms] [LOG] [Fast Refresh] done in 161ms @ http://localhost:3000/_next/static/chunks/node_modules_next_dist_1ybzpk2._.js:2477
[109203783ms] [LOG] [Fast Refresh] rebuilding @ http://localhost:3000/_next/static/chunks/node_modules_next_dist_1ybzpk2._.js:2477
[109203871ms] [LOG] [Fast Refresh] done in 143ms @ http://localhost:3000/_next/static/chunks/node_modules_next_dist_1ybzpk2._.js:2477
[109240770ms] [LOG] [Fast Refresh] rebuilding @ http://localhost:3000/_next/static/chunks/node_modules_next_dist_1ybzpk2._.js:2477
[109240911ms] [LOG] [Fast Refresh] done in 242ms @ http://localhost:3000/_next/static/chunks/node_modules_next_dist_1ybzpk2._.js:2477
[109242388ms] [LOG] [Fast Refresh] rebuilding @ http://localhost:3000/_next/static/chunks/node_modules_next_dist_1ybzpk2._.js:2477
[109242452ms] [LOG] [Fast Refresh] done in 170ms @ http://localhost:3000/_next/static/chunks/node_modules_next_dist_1ybzpk2._.js:2477
[109258213ms] [LOG] [Fast Refresh] rebuilding @ http://localhost:3000/_next/static/chunks/node_modules_next_dist_1ybzpk2._.js:2477
[109258216ms] [LOG] [Fast Refresh] done in 105ms @ http://localhost:3000/_next/static/chunks/node_modules_next_dist_1ybzpk2._.js:2477
[109266153ms] [LOG] [Fast Refresh] rebuilding @ http://localhost:3000/_next/static/chunks/node_modules_next_dist_1ybzpk2._.js:2477
[109266279ms] [LOG] [Fast Refresh] done in 228ms @ http://localhost:3000/_next/static/chunks/node_modules_next_dist_1ybzpk2._.js:2477
[109307708ms] [LOG] [Fast Refresh] rebuilding @ http://localhost:3000/_next/static/chunks/node_modules_next_dist_1ybzpk2._.js:2477
[109307858ms] [LOG] [Fast Refresh] done in 264ms @ http://localhost:3000/_next/static/chunks/node_modules_next_dist_1ybzpk2._.js:2477
[109319250ms] [LOG] [Fast Refresh] rebuilding @ http://localhost:3000/_next/static/chunks/node_modules_next_dist_1ybzpk2._.js:2477
[109319275ms] [LOG] [Fast Refresh] done in 141ms @ http://localhost:3000/_next/static/chunks/node_modules_next_dist_1ybzpk2._.js:2477
[109328073ms] [LOG] [Fast Refresh] rebuilding @ http://localhost:3000/_next/static/chunks/node_modules_next_dist_1ybzpk2._.js:2477
[109328733ms] [LOG] [Fast Refresh] done in 775ms @ http://localhost:3000/_next/static/chunks/node_modules_next_dist_1ybzpk2._.js:2477
[109329382ms] [LOG] [Fast Refresh] rebuilding @ http://localhost:3000/_next/static/chunks/node_modules_next_dist_1ybzpk2._.js:2477
[109329555ms] [LOG] [Fast Refresh] done in 284ms @ http://localhost:3000/_next/static/chunks/node_modules_next_dist_1ybzpk2._.js:2477
[109331798ms] [LOG] [Fast Refresh] rebuilding @ http://localhost:3000/_next/static/chunks/node_modules_next_dist_1ybzpk2._.js:2477
[109331827ms] [LOG] [Fast Refresh] done in 139ms @ http://localhost:3000/_next/static/chunks/node_modules_next_dist_1ybzpk2._.js:2477
[109366237ms] [LOG] [Fast Refresh] rebuilding @ http://localhost:3000/_next/static/chunks/node_modules_next_dist_1ybzpk2._.js:2477
[109366299ms] [LOG] [Fast Refresh] done in 167ms @ http://localhost:3000/_next/static/chunks/node_modules_next_dist_1ybzpk2._.js:2477
[109375015ms] [LOG] [Fast Refresh] rebuilding @ http://localhost:3000/_next/static/chunks/node_modules_next_dist_1ybzpk2._.js:2477
[109375228ms] [LOG] [Fast Refresh] done in 319ms @ http://localhost:3000/_next/static/chunks/node_modules_next_dist_1ybzpk2._.js:2477
[109458897ms] [LOG] [Fast Refresh] rebuilding @ http://localhost:3000/_next/static/chunks/node_modules_next_dist_1ybzpk2._.js:2477
[109458949ms] [LOG] [Fast Refresh] done in 153ms @ http://localhost:3000/_next/static/chunks/node_modules_next_dist_1ybzpk2._.js:2477
[109497728ms] [LOG] [Fast Refresh] rebuilding @ http://localhost:3000/_next/static/chunks/node_modules_next_dist_1ybzpk2._.js:2477
[109497931ms] [LOG] [Fast Refresh] done in 317ms @ http://localhost:3000/_next/static/chunks/node_modules_next_dist_1ybzpk2._.js:2477
[109622533ms] [LOG] [Fast Refresh] rebuilding @ http://localhost:3000/_next/static/chunks/node_modules_next_dist_1ybzpk2._.js:2477
[109622536ms] [LOG] [Fast Refresh] done in 103ms @ http://localhost:3000/_next/static/chunks/node_modules_next_dist_1ybzpk2._.js:2477
[109662124ms] [LOG] [Fast Refresh] rebuilding @ http://localhost:3000/_next/static/chunks/node_modules_next_dist_1ybzpk2._.js:2477
[109662128ms] [LOG] [Fast Refresh] done in 111ms @ http://localhost:3000/_next/static/chunks/node_modules_next_dist_1ybzpk2._.js:2477
[109662405ms] [LOG] [Fast Refresh] rebuilding @ http://localhost:3000/_next/static/chunks/node_modules_next_dist_1ybzpk2._.js:2477
[109662469ms] [LOG] [Fast Refresh] done in 169ms @ http://localhost:3000/_next/static/chunks/node_modules_next_dist_1ybzpk2._.js:2477
[109663102ms] [LOG] [Fast Refresh] rebuilding @ http://localhost:3000/_next/static/chunks/node_modules_next_dist_1ybzpk2._.js:2477
[109663166ms] [LOG] [Fast Refresh] done in 171ms @ http://localhost:3000/_next/static/chunks/node_modules_next_dist_1ybzpk2._.js:2477
[109701356ms] [LOG] [Fast Refresh] rebuilding @ http://localhost:3000/_next/static/chunks/node_modules_next_dist_1ybzpk2._.js:2477
[109701454ms] [LOG] [Fast Refresh] done in 172ms @ http://localhost:3000/_next/static/chunks/node_modules_next_dist_1ybzpk2._.js:2477
[109738982ms] [LOG] [Fast Refresh] rebuilding @ http://localhost:3000/_next/static/chunks/node_modules_next_dist_1ybzpk2._.js:2477
[109738983ms] [LOG] [Fast Refresh] done in 113ms @ http://localhost:3000/_next/static/chunks/node_modules_next_dist_1ybzpk2._.js:2477
[109753999ms] [LOG] [Fast Refresh] rebuilding @ http://localhost:3000/_next/static/chunks/node_modules_next_dist_1ybzpk2._.js:2477
[109754030ms] [LOG] [Fast Refresh] done in 143ms @ http://localhost:3000/_next/static/chunks/node_modules_next_dist_1ybzpk2._.js:2477
[109754325ms] [LOG] [Fast Refresh] rebuilding @ http://localhost:3000/_next/static/chunks/node_modules_next_dist_1ybzpk2._.js:2477
[109754370ms] [LOG] [Fast Refresh] done in 155ms @ http://localhost:3000/_next/static/chunks/node_modules_next_dist_1ybzpk2._.js:2477
[109754789ms] [LOG] [Fast Refresh] rebuilding @ http://localhost:3000/_next/static/chunks/node_modules_next_dist_1ybzpk2._.js:2477
[109754883ms] [LOG] [Fast Refresh] done in 200ms @ http://localhost:3000/_next/static/chunks/node_modules_next_dist_1ybzpk2._.js:2477
[109755782ms] [LOG] [Fast Refresh] rebuilding @ http://localhost:3000/_next/static/chunks/node_modules_next_dist_1ybzpk2._.js:2477
[109755785ms] [LOG] [Fast Refresh] done in 108ms @ http://localhost:3000/_next/static/chunks/node_modules_next_dist_1ybzpk2._.js:2477
[109781437ms] [LOG] [Fast Refresh] rebuilding @ http://localhost:3000/_next/static/chunks/node_modules_next_dist_1ybzpk2._.js:2477
[109781553ms] [LOG] [Fast Refresh] done in 123ms @ http://localhost:3000/_next/static/chunks/node_modules_next_dist_1ybzpk2._.js:2477
[109795340ms] [LOG] [Fast Refresh] rebuilding @ http://localhost:3000/_next/static/chunks/node_modules_next_dist_1ybzpk2._.js:2477
[109795419ms] [LOG] [Fast Refresh] done in 148ms @ http://localhost:3000/_next/static/chunks/node_modules_next_dist_1ybzpk2._.js:2477
[109800544ms] [LOG] [Fast Refresh] rebuilding @ http://localhost:3000/_next/static/chunks/node_modules_next_dist_1ybzpk2._.js:2477
[109800648ms] [LOG] [Fast Refresh] done in 213ms @ http://localhost:3000/_next/static/chunks/node_modules_next_dist_1ybzpk2._.js:2477
[109801053ms] [LOG] [Fast Refresh] rebuilding @ http://localhost:3000/_next/static/chunks/node_modules_next_dist_1ybzpk2._.js:2477
[109801196ms] [LOG] [Fast Refresh] done in 246ms @ http://localhost:3000/_next/static/chunks/node_modules_next_dist_1ybzpk2._.js:2477
[109801726ms] [LOG] [Fast Refresh] rebuilding @ http://localhost:3000/_next/static/chunks/node_modules_next_dist_1ybzpk2._.js:2477
[109801964ms] [LOG] [Fast Refresh] done in 342ms @ http://localhost:3000/_next/static/chunks/node_modules_next_dist_1ybzpk2._.js:2477
[109805611ms] [LOG] [Fast Refresh] rebuilding @ http://localhost:3000/_next/static/chunks/node_modules_next_dist_1ybzpk2._.js:2477
[109805694ms] [LOG] [Fast Refresh] done in 138ms @ http://localhost:3000/_next/static/chunks/node_modules_next_dist_1ybzpk2._.js:2477
[109805825ms] [LOG] [Fast Refresh] rebuilding @ http://localhost:3000/_next/static/chunks/node_modules_next_dist_1ybzpk2._.js:2477
[109805842ms] [LOG] [Fast Refresh] done in 121ms @ http://localhost:3000/_next/static/chunks/node_modules_next_dist_1ybzpk2._.js:2477
[109811945ms] [LOG] [Fast Refresh] rebuilding @ http://localhost:3000/_next/static/chunks/node_modules_next_dist_1ybzpk2._.js:2477
[109811946ms] [LOG] [Fast Refresh] done in 102ms @ http://localhost:3000/_next/static/chunks/node_modules_next_dist_1ybzpk2._.js:2477
[109816205ms] [LOG] [Fast Refresh] rebuilding @ http://localhost:3000/_next/static/chunks/node_modules_next_dist_1ybzpk2._.js:2477
[109816218ms] [LOG] [Fast Refresh] done in 122ms @ http://localhost:3000/_next/static/chunks/node_modules_next_dist_1ybzpk2._.js:2477
[109823003ms] [LOG] [Fast Refresh] rebuilding @ http://localhost:3000/_next/static/chunks/node_modules_next_dist_1ybzpk2._.js:2477
[109823007ms] [LOG] [Fast Refresh] done in 107ms @ http://localhost:3000/_next/static/chunks/node_modules_next_dist_1ybzpk2._.js:2477
[109859436ms] [LOG] [Fast Refresh] rebuilding @ http://localhost:3000/_next/static/chunks/node_modules_next_dist_1ybzpk2._.js:2477
[109859505ms] [LOG] [Fast Refresh] done in 122ms @ http://localhost:3000/_next/static/chunks/node_modules_next_dist_1ybzpk2._.js:2477
[109898527ms] [LOG] [Fast Refresh] rebuilding @ http://localhost:3000/_next/static/chunks/node_modules_next_dist_1ybzpk2._.js:2477
[109898530ms] [LOG] [Fast Refresh] done in 117ms @ http://localhost:3000/_next/static/chunks/node_modules_next_dist_1ybzpk2._.js:2477
[109906654ms] [LOG] [Fast Refresh] rebuilding @ http://localhost:3000/_next/static/chunks/node_modules_next_dist_1ybzpk2._.js:2477
[109906665ms] [LOG] [Fast Refresh] done in 111ms @ http://localhost:3000/_next/static/chunks/node_modules_next_dist_1ybzpk2._.js:2477
[110072255ms] [LOG] [Fast Refresh] rebuilding @ http://localhost:3000/_next/static/chunks/node_modules_next_dist_1ybzpk2._.js:2477
[110072260ms] [LOG] [Fast Refresh] done in 119ms @ http://localhost:3000/_next/static/chunks/node_modules_next_dist_1ybzpk2._.js:2477
[110091912ms] [LOG] [Fast Refresh] rebuilding @ http://localhost:3000/_next/static/chunks/node_modules_next_dist_1ybzpk2._.js:2477
[110091922ms] [LOG] [Fast Refresh] done in 119ms @ http://localhost:3000/_next/static/chunks/node_modules_next_dist_1ybzpk2._.js:2477
[110146291ms] [LOG] [Fast Refresh] rebuilding @ http://localhost:3000/_next/static/chunks/node_modules_next_dist_1ybzpk2._.js:2477
[110146464ms] [LOG] [Fast Refresh] done in 287ms @ http://localhost:3000/_next/static/chunks/node_modules_next_dist_1ybzpk2._.js:2477
[110146571ms] [LOG] [Fast Refresh] rebuilding @ http://localhost:3000/_next/static/chunks/node_modules_next_dist_1ybzpk2._.js:2477
[110146572ms] [LOG] [Fast Refresh] done in 109ms @ http://localhost:3000/_next/static/chunks/node_modules_next_dist_1ybzpk2._.js:2477
[110154827ms] [LOG] [Fast Refresh] rebuilding @ http://localhost:3000/_next/static/chunks/node_modules_next_dist_1ybzpk2._.js:2477
[110154832ms] [LOG] [Fast Refresh] done in 108ms @ http://localhost:3000/_next/static/chunks/node_modules_next_dist_1ybzpk2._.js:2477
[110354286ms] [LOG] [Fast Refresh] rebuilding @ http://localhost:3000/_next/static/chunks/node_modules_next_dist_1ybzpk2._.js:2477
[110356237ms] [LOG] [Fast Refresh] done in 2055ms @ http://localhost:3000/_next/static/chunks/node_modules_next_dist_1ybzpk2._.js:2477
[110356367ms] [LOG] [Fast Refresh] rebuilding @ http://localhost:3000/_next/static/chunks/node_modules_next_dist_1ybzpk2._.js:2477
[110356692ms] [LOG] [Fast Refresh] done in 436ms @ http://localhost:3000/_next/static/chunks/node_modules_next_dist_1ybzpk2._.js:2477
[110356806ms] [LOG] [Fast Refresh] rebuilding @ http://localhost:3000/_next/static/chunks/node_modules_next_dist_1ybzpk2._.js:2477
[110356892ms] [LOG] [Fast Refresh] done in 189ms @ http://localhost:3000/_next/static/chunks/node_modules_next_dist_1ybzpk2._.js:2477
[110357011ms] [LOG] [Fast Refresh] rebuilding @ http://localhost:3000/_next/static/chunks/node_modules_next_dist_1ybzpk2._.js:2477
[110357160ms] [LOG] [Fast Refresh] done in 249ms @ http://localhost:3000/_next/static/chunks/node_modules_next_dist_1ybzpk2._.js:2477
[110357285ms] [LOG] [Fast Refresh] rebuilding @ http://localhost:3000/_next/static/chunks/node_modules_next_dist_1ybzpk2._.js:2477
[110357382ms] [LOG] [Fast Refresh] done in 202ms @ http://localhost:3000/_next/static/chunks/node_modules_next_dist_1ybzpk2._.js:2477
[110369385ms] [LOG] [Fast Refresh] rebuilding @ http://localhost:3000/_next/static/chunks/node_modules_next_dist_1ybzpk2._.js:2477
[110369385ms] [LOG] [Fast Refresh] done in 108ms @ http://localhost:3000/_next/static/chunks/node_modules_next_dist_1ybzpk2._.js:2477
[110374023ms] [LOG] [Fast Refresh] rebuilding @ http://localhost:3000/_next/static/chunks/node_modules_next_dist_1ybzpk2._.js:2477
[110374092ms] [LOG] [Fast Refresh] done in 185ms @ http://localhost:3000/_next/static/chunks/node_modules_next_dist_1ybzpk2._.js:2477
[110400124ms] [LOG] [Fast Refresh] rebuilding @ http://localhost:3000/_next/static/chunks/node_modules_next_dist_1ybzpk2._.js:2477
[110400228ms] [LOG] [Fast Refresh] done in 208ms @ http://localhost:3000/_next/static/chunks/node_modules_next_dist_1ybzpk2._.js:2477
[110437053ms] [LOG] [Fast Refresh] rebuilding @ http://localhost:3000/_next/static/chunks/node_modules_next_dist_1ybzpk2._.js:2477
[110437054ms] [LOG] [Fast Refresh] done in 105ms @ http://localhost:3000/_next/static/chunks/node_modules_next_dist_1ybzpk2._.js:2477
[110458954ms] [LOG] [Fast Refresh] rebuilding @ http://localhost:3000/_next/static/chunks/node_modules_next_dist_1ybzpk2._.js:2477
[110458955ms] [LOG] [Fast Refresh] done in 105ms @ http://localhost:3000/_next/static/chunks/node_modules_next_dist_1ybzpk2._.js:2477
[110512887ms] [LOG] [Fast Refresh] rebuilding @ http://localhost:3000/_next/static/chunks/node_modules_next_dist_1ybzpk2._.js:2477
[110512888ms] [LOG] [Fast Refresh] done in 106ms @ http://localhost:3000/_next/static/chunks/node_modules_next_dist_1ybzpk2._.js:2477
[110532567ms] [LOG] [Fast Refresh] rebuilding @ http://localhost:3000/_next/static/chunks/node_modules_next_dist_1ybzpk2._.js:2477
[110532607ms] [LOG] [Fast Refresh] done in 142ms @ http://localhost:3000/_next/static/chunks/node_modules_next_dist_1ybzpk2._.js:2477
[111006347ms] [LOG] [Fast Refresh] rebuilding @ http://localhost:3000/_next/static/chunks/node_modules_next_dist_1ybzpk2._.js:2477
[111006682ms] [LOG] [Fast Refresh] done in 400ms @ http://localhost:3000/_next/static/chunks/node_modules_next_dist_1ybzpk2._.js:2477
[111021409ms] [LOG] [Fast Refresh] rebuilding @ http://localhost:3000/_next/static/chunks/node_modules_next_dist_1ybzpk2._.js:2477
[111021410ms] [LOG] [Fast Refresh] done in 107ms @ http://localhost:3000/_next/static/chunks/node_modules_next_dist_1ybzpk2._.js:2477
[111165962ms] [LOG] [Fast Refresh] rebuilding @ http://localhost:3000/_next/static/chunks/node_modules_next_dist_1ybzpk2._.js:2477
[111166047ms] [LOG] [Fast Refresh] done in 156ms @ http://localhost:3000/_next/static/chunks/node_modules_next_dist_1ybzpk2._.js:2477
[111289005ms] [LOG] [Fast Refresh] rebuilding @ http://localhost:3000/_next/static/chunks/node_modules_next_dist_1ybzpk2._.js:2477
[111289292ms] [LOG] [Fast Refresh] done in 394ms @ http://localhost:3000/_next/static/chunks/node_modules_next_dist_1ybzpk2._.js:2477
[111298936ms] [LOG] [Fast Refresh] rebuilding @ http://localhost:3000/_next/static/chunks/node_modules_next_dist_1ybzpk2._.js:2477
[111298945ms] [LOG] [Fast Refresh] done in 119ms @ http://localhost:3000/_next/static/chunks/node_modules_next_dist_1ybzpk2._.js:2477
[112044404ms] [LOG] [Fast Refresh] rebuilding @ http://localhost:3000/_next/static/chunks/node_modules_next_dist_1ybzpk2._.js:2477
[112045102ms] [LOG] [Fast Refresh] done in 800ms @ http://localhost:3000/_next/static/chunks/node_modules_next_dist_1ybzpk2._.js:2477
[112065457ms] [LOG] [Fast Refresh] rebuilding @ http://localhost:3000/_next/static/chunks/node_modules_next_dist_1ybzpk2._.js:2477
[112065609ms] [LOG] [Fast Refresh] done in 218ms @ http://localhost:3000/_next/static/chunks/node_modules_next_dist_1ybzpk2._.js:2477
[112065796ms] [LOG] [Fast Refresh] rebuilding @ http://localhost:3000/_next/static/chunks/node_modules_next_dist_1ybzpk2._.js:2477
[112066830ms] [LOG] [Fast Refresh] done in 1135ms @ http://localhost:3000/_next/static/chunks/node_modules_next_dist_1ybzpk2._.js:2477
[112066953ms] [LOG] [Fast Refresh] rebuilding @ http://localhost:3000/_next/static/chunks/node_modules_next_dist_1ybzpk2._.js:2477
[112066973ms] [LOG] [Fast Refresh] done in 127ms @ http://localhost:3000/_next/static/chunks/node_modules_next_dist_1ybzpk2._.js:2477
[112067084ms] [LOG] [Fast Refresh] rebuilding @ http://localhost:3000/_next/static/chunks/node_modules_next_dist_1ybzpk2._.js:2477
[112067210ms] [LOG] [Fast Refresh] done in 236ms @ http://localhost:3000/_next/static/chunks/node_modules_next_dist_1ybzpk2._.js:2477
[112067866ms] [LOG] [Fast Refresh] rebuilding @ http://localhost:3000/_next/static/chunks/node_modules_next_dist_1ybzpk2._.js:2477
[112068035ms] [LOG] [Fast Refresh] done in 274ms @ http://localhost:3000/_next/static/chunks/node_modules_next_dist_1ybzpk2._.js:2477
[112068389ms] [LOG] [Fast Refresh] rebuilding @ http://localhost:3000/_next/static/chunks/node_modules_next_dist_1ybzpk2._.js:2477
[112068514ms] [LOG] [Fast Refresh] done in 233ms @ http://localhost:3000/_next/static/chunks/node_modules_next_dist_1ybzpk2._.js:2477
[112090672ms] [LOG] [Fast Refresh] rebuilding @ http://localhost:3000/_next/static/chunks/node_modules_next_dist_1ybzpk2._.js:2477
[112091233ms] [LOG] [Fast Refresh] done in 587ms @ http://localhost:3000/_next/static/chunks/node_modules_next_dist_1ybzpk2._.js:2477
[112091349ms] [LOG] [Fast Refresh] rebuilding @ http://localhost:3000/_next/static/chunks/node_modules_next_dist_1ybzpk2._.js:2477
[112091590ms] [LOG] [Fast Refresh] done in 350ms @ http://localhost:3000/_next/static/chunks/node_modules_next_dist_1ybzpk2._.js:2477
[112091709ms] [LOG] [Fast Refresh] rebuilding @ http://localhost:3000/_next/static/chunks/node_modules_next_dist_1ybzpk2._.js:2477
[112091839ms] [LOG] [Fast Refresh] done in 236ms @ http://localhost:3000/_next/static/chunks/node_modules_next_dist_1ybzpk2._.js:2477
[112092267ms] [LOG] [Fast Refresh] rebuilding @ http://localhost:3000/_next/static/chunks/node_modules_next_dist_1ybzpk2._.js:2477
[112092295ms] [LOG] [Fast Refresh] done in 131ms @ http://localhost:3000/_next/static/chunks/node_modules_next_dist_1ybzpk2._.js:2477
[112092397ms] [LOG] [Fast Refresh] rebuilding @ http://localhost:3000/_next/static/chunks/node_modules_next_dist_1ybzpk2._.js:2477
[112092486ms] [LOG] [Fast Refresh] done in 190ms @ http://localhost:3000/_next/static/chunks/node_modules_next_dist_1ybzpk2._.js:2477
[112092601ms] [LOG] [Fast Refresh] rebuilding @ http://localhost:3000/_next/static/chunks/node_modules_next_dist_1ybzpk2._.js:2477
[112092666ms] [LOG] [Fast Refresh] done in 169ms @ http://localhost:3000/_next/static/chunks/node_modules_next_dist_1ybzpk2._.js:2477
[112093002ms] [LOG] [Fast Refresh] rebuilding @ http://localhost:3000/_next/static/chunks/node_modules_next_dist_1ybzpk2._.js:2477
[112093028ms] [LOG] [Fast Refresh] done in 128ms @ http://localhost:3000/_next/static/chunks/node_modules_next_dist_1ybzpk2._.js:2477
[112099773ms] [LOG] [Fast Refresh] rebuilding @ http://localhost:3000/_next/static/chunks/node_modules_next_dist_1ybzpk2._.js:2477
[112100334ms] [LOG] [Fast Refresh] done in 575ms @ http://localhost:3000/_next/static/chunks/node_modules_next_dist_1ybzpk2._.js:2477
[112100446ms] [LOG] [Fast Refresh] rebuilding @ http://localhost:3000/_next/static/chunks/node_modules_next_dist_1ybzpk2._.js:2477
[112100654ms] [LOG] [Fast Refresh] done in 312ms @ http://localhost:3000/_next/static/chunks/node_modules_next_dist_1ybzpk2._.js:2477
[112100772ms] [LOG] [Fast Refresh] rebuilding @ http://localhost:3000/_next/static/chunks/node_modules_next_dist_1ybzpk2._.js:2477
[112100908ms] [LOG] [Fast Refresh] done in 241ms @ http://localhost:3000/_next/static/chunks/node_modules_next_dist_1ybzpk2._.js:2477
[112101608ms] [LOG] [Fast Refresh] rebuilding @ http://localhost:3000/_next/static/chunks/node_modules_next_dist_1ybzpk2._.js:2477
[112101663ms] [LOG] [Fast Refresh] done in 161ms @ http://localhost:3000/_next/static/chunks/node_modules_next_dist_1ybzpk2._.js:2477
[112102001ms] [LOG] [Fast Refresh] rebuilding @ http://localhost:3000/_next/static/chunks/node_modules_next_dist_1ybzpk2._.js:2477
[112102045ms] [LOG] [Fast Refresh] done in 143ms @ http://localhost:3000/_next/static/chunks/node_modules_next_dist_1ybzpk2._.js:2477
[112120232ms] [LOG] [Fast Refresh] rebuilding @ http://localhost:3000/_next/static/chunks/node_modules_next_dist_1ybzpk2._.js:2477
[112120451ms] [LOG] [Fast Refresh] done in 322ms @ http://localhost:3000/_next/static/chunks/node_modules_next_dist_1ybzpk2._.js:2477
[112123843ms] [LOG] [Fast Refresh] rebuilding @ http://localhost:3000/_next/static/chunks/node_modules_next_dist_1ybzpk2._.js:2477
[112123899ms] [LOG] [Fast Refresh] done in 159ms @ http://localhost:3000/_next/static/chunks/node_modules_next_dist_1ybzpk2._.js:2477
[112162615ms] [LOG] [Fast Refresh] rebuilding @ http://localhost:3000/_next/static/chunks/node_modules_next_dist_1ybzpk2._.js:2477
[112162800ms] [LOG] [Fast Refresh] done in 290ms @ http://localhost:3000/_next/static/chunks/node_modules_next_dist_1ybzpk2._.js:2477
[112200140ms] [LOG] [Fast Refresh] rebuilding @ http://localhost:3000/_next/static/chunks/node_modules_next_dist_1ybzpk2._.js:2477
[112202218ms] [LOG] [Fast Refresh] done in 1622ms @ http://localhost:3000/_next/static/chunks/node_modules_next_dist_1ybzpk2._.js:2477
[112202337ms] [LOG] [Fast Refresh] rebuilding @ http://localhost:3000/_next/static/chunks/node_modules_next_dist_1ybzpk2._.js:2477
[112202415ms] [LOG] [Fast Refresh] done in 180ms @ http://localhost:3000/_next/static/chunks/node_modules_next_dist_1ybzpk2._.js:2477
[112202534ms] [LOG] [Fast Refresh] rebuilding @ http://localhost:3000/_next/static/chunks/node_modules_next_dist_1ybzpk2._.js:2477
[112202655ms] [LOG] [Fast Refresh] done in 223ms @ http://localhost:3000/_next/static/chunks/node_modules_next_dist_1ybzpk2._.js:2477
[112238709ms] [LOG] [Fast Refresh] rebuilding @ http://localhost:3000/_next/static/chunks/node_modules_next_dist_1ybzpk2._.js:2477
[112239274ms] [LOG] [Fast Refresh] done in 168ms @ http://localhost:3000/_next/static/chunks/node_modules_next_dist_1ybzpk2._.js:2477
[112239414ms] [LOG] [Fast Refresh] rebuilding @ http://localhost:3000/_next/static/chunks/node_modules_next_dist_1ybzpk2._.js:2477
[112239495ms] [LOG] [Fast Refresh] done in 182ms @ http://localhost:3000/_next/static/chunks/node_modules_next_dist_1ybzpk2._.js:2477
[112239598ms] [LOG] [Fast Refresh] rebuilding @ http://localhost:3000/_next/static/chunks/node_modules_next_dist_1ybzpk2._.js:2477
[112239673ms] [LOG] [Fast Refresh] done in 178ms @ http://localhost:3000/_next/static/chunks/node_modules_next_dist_1ybzpk2._.js:2477
[112260599ms] [LOG] [Fast Refresh] rebuilding @ http://localhost:3000/_next/static/chunks/node_modules_next_dist_1ybzpk2._.js:2477
[112261429ms] [WARNING] [Fast Refresh] performing full reload

Fast Refresh will perform a full reload when you edit a file that's imported by modules outside of the React rendering tree.
You might have a file which exports a React component but also exports a value that is imported by a non-React component file.
Consider migrating the non-React component export to a separate file and importing it into both files.

It is also possible the parent component of the component you edited is a class component, which disables Fast Refresh.
Fast Refresh requires at least one parent function component in your React tree. @ http://localhost:3000/_next/static/chunks/node_modules_next_dist_1ybzpk2._.js:2477
[112261437ms] [LOG] [Fast Refresh] done in 910ms @ http://localhost:3000/_next/static/chunks/node_modules_next_dist_1ybzpk2._.js:2477
[112261603ms] [LOG] [Fast Refresh] rebuilding @ http://localhost:3000/_next/static/chunks/node_modules_next_dist_1ybzpk2._.js:2477
[112261803ms] [LOG] [Fast Refresh] done in 304ms @ http://localhost:3000/_next/static/chunks/node_modules_next_dist_1ybzpk2._.js:2477
[112262132ms] [LOG] [Fast Refresh] rebuilding @ http://localhost:3000/_next/static/chunks/node_modules_next_dist_1ybzpk2._.js:2477
[112262339ms] [LOG] [Fast Refresh] done in 309ms @ http://localhost:3000/_next/static/chunks/node_modules_next_dist_1ybzpk2._.js:2477
[112263296ms] [INFO] %cDownload the React DevTools for a better development experience: https://react.dev/link/react-devtools font-weight:bold @ http://localhost:3000/_next/static/chunks/node_modules_next_dist_1ybzpk2._.js:2477
[112263444ms] [LOG] [HMR] connected @ http://localhost:3000/_next/static/chunks/node_modules_next_dist_1ybzpk2._.js:2477
[112293599ms] [LOG] [Fast Refresh] rebuilding @ http://localhost:3000/_next/static/chunks/node_modules_next_dist_1ybzpk2._.js:2477
[112293616ms] [LOG] [Fast Refresh] done in 120ms @ http://localhost:3000/_next/static/chunks/node_modules_next_dist_1ybzpk2._.js:2477
[112301035ms] [LOG] [Fast Refresh] rebuilding @ http://localhost:3000/_next/static/chunks/node_modules_next_dist_1ybzpk2._.js:2477
[112302009ms] [WARNING] [Fast Refresh] performing full reload

Fast Refresh will perform a full reload when you edit a file that's imported by modules outside of the React rendering tree.
You might have a file which exports a React component but also exports a value that is imported by a non-React component file.
Consider migrating the non-React component export to a separate file and importing it into both files.

It is also possible the parent component of the component you edited is a class component, which disables Fast Refresh.
Fast Refresh requires at least one parent function component in your React tree. @ http://localhost:3000/_next/static/chunks/node_modules_next_dist_1ybzpk2._.js:2477
[112302022ms] [LOG] [Fast Refresh] done in 1068ms @ http://localhost:3000/_next/static/chunks/node_modules_next_dist_1ybzpk2._.js:2477
[112302201ms] [LOG] [Fast Refresh] rebuilding @ http://localhost:3000/_next/static/chunks/node_modules_next_dist_1ybzpk2._.js:2477
[112302608ms] [LOG] [Fast Refresh] done in 514ms @ http://localhost:3000/_next/static/chunks/node_modules_next_dist_1ybzpk2._.js:2477
[112303293ms] [INFO] %cDownload the React DevTools for a better development experience: https://react.dev/link/react-devtools font-weight:bold @ http://localhost:3000/_next/static/chunks/node_modules_next_dist_1ybzpk2._.js:2477
[112303328ms] [LOG] [HMR] connected @ http://localhost:3000/_next/static/chunks/node_modules_next_dist_1ybzpk2._.js:2477
[112304007ms] [LOG] [Fast Refresh] rebuilding @ http://localhost:3000/_next/static/chunks/node_modules_next_dist_1ybzpk2._.js:2477
[112304009ms] [LOG] [Fast Refresh] done in 106ms @ http://localhost:3000/_next/static/chunks/node_modules_next_dist_1ybzpk2._.js:2477
[112304290ms] [LOG] [Fast Refresh] rebuilding @ http://localhost:3000/_next/static/chunks/node_modules_next_dist_1ybzpk2._.js:2477
[112304290ms] [LOG] [Fast Refresh] done in 106ms @ http://localhost:3000/_next/static/chunks/node_modules_next_dist_1ybzpk2._.js:2477
[112306119ms] [LOG] [Fast Refresh] rebuilding @ http://localhost:3000/_next/static/chunks/node_modules_next_dist_1ybzpk2._.js:2477
[112306136ms] [LOG] [Fast Refresh] done in 125ms @ http://localhost:3000/_next/static/chunks/node_modules_next_dist_1ybzpk2._.js:2477
[112306367ms] [LOG] [Fast Refresh] rebuilding @ http://localhost:3000/_next/static/chunks/node_modules_next_dist_1ybzpk2._.js:2477
[112306367ms] [LOG] [Fast Refresh] done in 101ms @ http://localhost:3000/_next/static/chunks/node_modules_next_dist_1ybzpk2._.js:2477
[112306599ms] [LOG] [Fast Refresh] rebuilding @ http://localhost:3000/_next/static/chunks/node_modules_next_dist_1ybzpk2._.js:2477
[112306603ms] [LOG] [Fast Refresh] done in 110ms @ http://localhost:3000/_next/static/chunks/node_modules_next_dist_1ybzpk2._.js:2477
[112320397ms] [LOG] [Fast Refresh] rebuilding @ http://localhost:3000/_next/static/chunks/node_modules_next_dist_1ybzpk2._.js:2477
[112320470ms] [WARNING] [Fast Refresh] performing full reload

Fast Refresh will perform a full reload when you edit a file that's imported by modules outside of the React rendering tree.
You might have a file which exports a React component but also exports a value that is imported by a non-React component file.
Consider migrating the non-React component export to a separate file and importing it into both files.

It is also possible the parent component of the component you edited is a class component, which disables Fast Refresh.
Fast Refresh requires at least one parent function component in your React tree. @ http://localhost:3000/_next/static/chunks/node_modules_next_dist_1ybzpk2._.js:2477
[112321125ms] [LOG] [Fast Refresh] done in 165ms @ http://localhost:3000/_next/static/chunks/node_modules_next_dist_1ybzpk2._.js:2477
[112321258ms] [LOG] [Fast Refresh] rebuilding @ http://localhost:3000/_next/static/chunks/node_modules_next_dist_1ybzpk2._.js:2477
[112321658ms] [LOG] [Fast Refresh] done in 510ms @ http://localhost:3000/_next/static/chunks/node_modules_next_dist_1ybzpk2._.js:2477
[112322060ms] [INFO] %cDownload the React DevTools for a better development experience: https://react.dev/link/react-devtools font-weight:bold @ http://localhost:3000/_next/static/chunks/node_modules_next_dist_1ybzpk2._.js:2477
[112322140ms] [LOG] [HMR] connected @ http://localhost:3000/_next/static/chunks/node_modules_next_dist_1ybzpk2._.js:2477
[112323612ms] [LOG] [Fast Refresh] rebuilding @ http://localhost:3000/_next/static/chunks/node_modules_next_dist_1ybzpk2._.js:2477
[112323618ms] [LOG] [Fast Refresh] done in 114ms @ http://localhost:3000/_next/static/chunks/node_modules_next_dist_1ybzpk2._.js:2477
[112339790ms] [LOG] [Fast Refresh] rebuilding @ http://localhost:3000/_next/static/chunks/node_modules_next_dist_1ybzpk2._.js:2477
[112340199ms] [LOG] [Fast Refresh] done in 287ms @ http://localhost:3000/_next/static/chunks/node_modules_next_dist_1ybzpk2._.js:2477
[112340305ms] [LOG] [Fast Refresh] rebuilding @ http://localhost:3000/_next/static/chunks/node_modules_next_dist_1ybzpk2._.js:2477
[112340432ms] [LOG] [Fast Refresh] done in 231ms @ http://localhost:3000/_next/static/chunks/node_modules_next_dist_1ybzpk2._.js:2477
[112340616ms] [LOG] [Fast Refresh] rebuilding @ http://localhost:3000/_next/static/chunks/node_modules_next_dist_1ybzpk2._.js:2477
[112340663ms] [LOG] [Fast Refresh] done in 149ms @ http://localhost:3000/_next/static/chunks/node_modules_next_dist_1ybzpk2._.js:2477
[112349692ms] [LOG] [Fast Refresh] rebuilding @ http://localhost:3000/_next/static/chunks/node_modules_next_dist_1ybzpk2._.js:2477
[112349803ms] [LOG] [Fast Refresh] done in 215ms @ http://localhost:3000/_next/static/chunks/node_modules_next_dist_1ybzpk2._.js:2477
[112441409ms] [LOG] [Fast Refresh] rebuilding @ http://localhost:3000/_next/static/chunks/node_modules_next_dist_1ybzpk2._.js:2477
[112441561ms] [LOG] [Fast Refresh] done in 208ms @ http://localhost:3000/_next/static/chunks/node_modules_next_dist_1ybzpk2._.js:2477
[112473022ms] [LOG] [Fast Refresh] rebuilding @ http://localhost:3000/_next/static/chunks/node_modules_next_dist_1ybzpk2._.js:2477
[112475641ms] [LOG] [Fast Refresh] done in 196ms @ http://localhost:3000/_next/static/chunks/node_modules_next_dist_1ybzpk2._.js:2477
[112481187ms] [LOG] [Fast Refresh] rebuilding @ http://localhost:3000/_next/static/chunks/node_modules_next_dist_1ybzpk2._.js:2477
[112481314ms] [LOG] [Fast Refresh] done in 229ms @ http://localhost:3000/_next/static/chunks/node_modules_next_dist_1ybzpk2._.js:2477
[112510009ms] [LOG] [Fast Refresh] rebuilding @ http://localhost:3000/_next/static/chunks/node_modules_next_dist_1ybzpk2._.js:2477
[112510130ms] [LOG] [Fast Refresh] done in 85ms @ http://localhost:3000/_next/static/chunks/node_modules_next_dist_1ybzpk2._.js:2477
[112510240ms] [LOG] [Fast Refresh] rebuilding @ http://localhost:3000/_next/static/chunks/node_modules_next_dist_1ybzpk2._.js:2477
[112510356ms] [LOG] [Fast Refresh] done in 217ms @ http://localhost:3000/_next/static/chunks/node_modules_next_dist_1ybzpk2._.js:2477
[112522056ms] [LOG] [Fast Refresh] rebuilding @ http://localhost:3000/_next/static/chunks/node_modules_next_dist_1ybzpk2._.js:2477
[112522057ms] [LOG] [Fast Refresh] done in 106ms @ http://localhost:3000/_next/static/chunks/node_modules_next_dist_1ybzpk2._.js:2477
[112580160ms] [LOG] [Fast Refresh] rebuilding @ http://localhost:3000/_next/static/chunks/node_modules_next_dist_1ybzpk2._.js:2477
[112580252ms] [LOG] [Fast Refresh] done in 199ms @ http://localhost:3000/_next/static/chunks/node_modules_next_dist_1ybzpk2._.js:2477
[112589296ms] [LOG] [Fast Refresh] rebuilding @ http://localhost:3000/_next/static/chunks/node_modules_next_dist_1ybzpk2._.js:2477
[112589401ms] [LOG] [Fast Refresh] done in 207ms @ http://localhost:3000/_next/static/chunks/node_modules_next_dist_1ybzpk2._.js:2477
[112591208ms] [LOG] [Fast Refresh] rebuilding @ http://localhost:3000/_next/static/chunks/node_modules_next_dist_1ybzpk2._.js:2477
[112591267ms] [LOG] [Fast Refresh] done in 172ms @ http://localhost:3000/_next/static/chunks/node_modules_next_dist_1ybzpk2._.js:2477
[112608437ms] [LOG] [Fast Refresh] rebuilding @ http://localhost:3000/_next/static/chunks/node_modules_next_dist_1ybzpk2._.js:2477
[112608485ms] [LOG] [Fast Refresh] done in 154ms @ http://localhost:3000/_next/static/chunks/node_modules_next_dist_1ybzpk2._.js:2477
[112666670ms] [LOG] [Fast Refresh] rebuilding @ http://localhost:3000/_next/static/chunks/node_modules_next_dist_1ybzpk2._.js:2477
[112667984ms] [ERROR] ./src/app/layout.tsx:7:1
Module not found: Can't resolve '@/components/SiteFooter'
   5 |   IBM_Plex_Sans_Condensed,
   6 | } from "next/font/google";
>  7 | import { SiteFooter } from "@/components/SiteFooter";
     | ^^^^^^^^^^^^^^^^^^^^^^^^^^^^^^^^^^^^^^^^^^^^^^^^^^^^^
   8 | import { SiteHeader } from "@/components/SiteHeader";
   9 | import "./globals.css";
  10 |

Import map: aliased to relative './src/components/SiteFooter' inside of [project]/

https://nextjs.org/docs/messages/module-not-found @ http://localhost:3000/_next/static/chunks/node_modules_next_dist_1ybzpk2._.js:3318
[112668206ms] [LOG] [Fast Refresh] rebuilding @ http://localhost:3000/_next/static/chunks/node_modules_next_dist_1ybzpk2._.js:2477
[112668629ms] [ERROR] Failed to load resource: the server responded with a status of 500 (Internal Server Error) @ http://localhost:3000/?_rsc=q3mOO9BClNZHexY7:0
[112668656ms] [ERROR] ./src/app/layout.tsx:7:1
Module not found: Can't resolve '@/components/SiteFooter'
   5 |   IBM_Plex_Sans_Condensed,
   6 | } from "next/font/google";
>  7 | import { SiteFooter } from "@/components/SiteFooter";
     | ^^^^^^^^^^^^^^^^^^^^^^^^^^^^^^^^^^^^^^^^^^^^^^^^^^^^^
   8 | import { SiteHeader } from "@/components/SiteHeader";
   9 | import "./globals.css";
  10 |

Import map: aliased to relative './src/components/SiteFooter' inside of [project]/

https://nextjs.org/docs/messages/module-not-found @ http://localhost:3000/_next/static/chunks/node_modules_next_dist_1ybzpk2._.js:3318
[112668657ms] [ERROR] ./src/app/layout.tsx:7:1
Module not found: Can't resolve '@/components/SiteFooter'
   5 |   IBM_Plex_Sans_Condensed,
   6 | } from "next/font/google";
>  7 | import { SiteFooter } from "@/components/SiteFooter";
     | ^^^^^^^^^^^^^^^^^^^^^^^^^^^^^^^^^^^^^^^^^^^^^^^^^^^^^
   8 | import { SiteHeader } from "@/components/SiteHeader";
   9 | import "./globals.css";
  10 |

Import map: aliased to relative './src/components/SiteFooter' inside of [project]/

https://nextjs.org/docs/messages/module-not-found @ http://localhost:3000/_next/static/chunks/node_modules_next_dist_1ybzpk2._.js:3318
[112668768ms] [LOG] [Fast Refresh] rebuilding @ http://localhost:3000/_next/static/chunks/node_modules_next_dist_1ybzpk2._.js:2477
[112668815ms] [ERROR] ./src/app/layout.tsx:7:1
Module not found: Can't resolve '@/components/SiteFooter'
   5 |   IBM_Plex_Sans_Condensed,
   6 | } from "next/font/google";
>  7 | import { SiteFooter } from "@/components/SiteFooter";
     | ^^^^^^^^^^^^^^^^^^^^^^^^^^^^^^^^^^^^^^^^^^^^^^^^^^^^^
   8 | import { SiteHeader } from "@/components/SiteHeader";
   9 | import "./globals.css";
  10 |

Import map: aliased to relative './src/components/SiteFooter' inside of [project]/

https://nextjs.org/docs/messages/module-not-found @ http://localhost:3000/_next/static/chunks/node_modules_next_dist_1ybzpk2._.js:3318
[112668922ms] [LOG] [Fast Refresh] rebuilding @ http://localhost:3000/_next/static/chunks/node_modules_next_dist_1ybzpk2._.js:2477
[112669081ms] [ERROR] ./src/app/layout.tsx:7:1
Module not found: Can't resolve '@/components/SiteFooter'
   5 |   IBM_Plex_Sans_Condensed,
   6 | } from "next/font/google";
>  7 | import { SiteFooter } from "@/components/SiteFooter";
     | ^^^^^^^^^^^^^^^^^^^^^^^^^^^^^^^^^^^^^^^^^^^^^^^^^^^^^
   8 | import { SiteHeader } from "@/components/SiteHeader";
   9 | import "./globals.css";
  10 |

Import map: aliased to relative './src/components/SiteFooter' inside of [project]/

https://nextjs.org/docs/messages/module-not-found @ http://localhost:3000/_next/static/chunks/node_modules_next_dist_1ybzpk2._.js:3318
[112669082ms] [ERROR] ./src/app/layout.tsx:7:1
Module not found: Can't resolve '@/components/SiteFooter'
   5 |   IBM_Plex_Sans_Condensed,
   6 | } from "next/font/google";
>  7 | import { SiteFooter } from "@/components/SiteFooter";
     | ^^^^^^^^^^^^^^^^^^^^^^^^^^^^^^^^^^^^^^^^^^^^^^^^^^^^^
   8 | import { SiteHeader } from "@/components/SiteHeader";
   9 | import "./globals.css";
  10 |

Import map: aliased to relative './src/components/SiteFooter' inside of [project]/

https://nextjs.org/docs/messages/module-not-found @ http://localhost:3000/_next/static/chunks/node_modules_next_dist_1ybzpk2._.js:3318
[112669088ms] [ERROR] ./src/app/layout.tsx:7:1
Module not found: Can't resolve '@/components/SiteFooter'
   5 |   IBM_Plex_Sans_Condensed,
   6 | } from "next/font/google";
>  7 | import { SiteFooter } from "@/components/SiteFooter";
     | ^^^^^^^^^^^^^^^^^^^^^^^^^^^^^^^^^^^^^^^^^^^^^^^^^^^^^
   8 | import { SiteHeader } from "@/components/SiteHeader";
   9 | import "./globals.css";
  10 |

Import map: aliased to relative './src/components/SiteFooter' inside of [project]/

https://nextjs.org/docs/messages/module-not-found @ http://localhost:3000/_next/static/chunks/node_modules_next_dist_1ybzpk2._.js:3318
[112669199ms] [LOG] [Fast Refresh] rebuilding @ http://localhost:3000/_next/static/chunks/node_modules_next_dist_1ybzpk2._.js:2477
[112669301ms] [ERROR] ./src/app/layout.tsx:7:1
Module not found: Can't resolve '@/components/SiteFooter'
   5 |   IBM_Plex_Sans_Condensed,
   6 | } from "next/font/google";
>  7 | import { SiteFooter } from "@/components/SiteFooter";
     | ^^^^^^^^^^^^^^^^^^^^^^^^^^^^^^^^^^^^^^^^^^^^^^^^^^^^^
   8 | import { SiteHeader } from "@/components/SiteHeader";
   9 | import "./globals.css";
  10 |

Import map: aliased to relative './src/components/SiteFooter' inside of [project]/

https://nextjs.org/docs/messages/module-not-found @ http://localhost:3000/_next/static/chunks/node_modules_next_dist_1ybzpk2._.js:3318
[112669301ms] [ERROR] ./src/app/layout.tsx:7:1
Module not found: Can't resolve '@/components/SiteFooter'
   5 |   IBM_Plex_Sans_Condensed,
   6 | } from "next/font/google";
>  7 | import { SiteFooter } from "@/components/SiteFooter";
     | ^^^^^^^^^^^^^^^^^^^^^^^^^^^^^^^^^^^^^^^^^^^^^^^^^^^^^
   8 | import { SiteHeader } from "@/components/SiteHeader";
   9 | import "./globals.css";
  10 |

Import map: aliased to relative './src/components/SiteFooter' inside of [project]/

https://nextjs.org/docs/messages/module-not-found @ http://localhost:3000/_next/static/chunks/node_modules_next_dist_1ybzpk2._.js:3318
[112669416ms] [LOG] [Fast Refresh] rebuilding @ http://localhost:3000/_next/static/chunks/node_modules_next_dist_1ybzpk2._.js:2477
[112669417ms] [ERROR] Failed to load resource: the server responded with a status of 500 (Internal Server Error) @ http://localhost:3000/?_rsc=q3mOO9BClNZHexY7:0
[112669479ms] [ERROR] ./src/app/layout.tsx:7:1
Module not found: Can't resolve '@/components/SiteFooter'
   5 |   IBM_Plex_Sans_Condensed,
   6 | } from "next/font/google";
>  7 | import { SiteFooter } from "@/components/SiteFooter";
     | ^^^^^^^^^^^^^^^^^^^^^^^^^^^^^^^^^^^^^^^^^^^^^^^^^^^^^
   8 | import { SiteHeader } from "@/components/SiteHeader";
   9 | import "./globals.css";
  10 |

Import map: aliased to relative './src/components/SiteFooter' inside of [project]/

https://nextjs.org/docs/messages/module-not-found @ http://localhost:3000/_next/static/chunks/node_modules_next_dist_1ybzpk2._.js:3318
[112669481ms] [ERROR] ./src/app/layout.tsx:7:1
Module not found: Can't resolve '@/components/SiteFooter'
   5 |   IBM_Plex_Sans_Condensed,
   6 | } from "next/font/google";
>  7 | import { SiteFooter } from "@/components/SiteFooter";
     | ^^^^^^^^^^^^^^^^^^^^^^^^^^^^^^^^^^^^^^^^^^^^^^^^^^^^^
   8 | import { SiteHeader } from "@/components/SiteHeader";
   9 | import "./globals.css";
  10 |

Import map: aliased to relative './src/components/SiteFooter' inside of [project]/

https://nextjs.org/docs/messages/module-not-found @ http://localhost:3000/_next/static/chunks/node_modules_next_dist_1ybzpk2._.js:3318
[112669526ms] [ERROR] Failed to load resource: the server responded with a status of 500 (Internal Server Error) @ http://localhost:3000/:0
[112670094ms] [INFO] %cDownload the React DevTools for a better development experience: https://react.dev/link/react-devtools font-weight:bold @ http://localhost:3000/_next/static/chunks/node_modules_react-dom_0kla17-._.js:15305
[112670318ms] Error: ./src/app/layout.tsx:7:1
Module not found: Can't resolve '@/components/SiteFooter'
   5 |   IBM_Plex_Sans_Condensed,
   6 | } from "next/font/google";
>  7 | import { SiteFooter } from "@/components/SiteFooter";
     | ^^^^^^^^^^^^^^^^^^^^^^^^^^^^^^^^^^^^^^^^^^^^^^^^^^^^^
   8 | import { SiteHeader } from "@/components/SiteHeader";
   9 | import "./globals.css";
  10 |

Import map: aliased to relative './src/components/SiteFooter' inside of [project]/


https://nextjs.org/docs/messages/module-not-found


    at <unknown> (Error: ./src/app/layout.tsx:7:1)
    at <unknown> (https://nextjs.org/docs/messages/module-not-found)
    at Object.getCompilationErrors (file://E:\Websites\Luca 4\node_modules\next\dist\server\dev\hot-reloader-turbopack.js:1186:59)
    at DevBundlerService.getCompilationError (file://E:\Websites\Luca 4\node_modules\next\dist\server\lib\dev-bundler-service.js:44:55)
    at DevServer.getCompilationError (file://E:\Websites\Luca 4\node_modules\next\dist\server\dev\next-dev-server.js:720:42)
    at DevServer.findPageComponents (file://E:\Websites\Luca 4\node_modules\next\dist\server\dev\next-dev-server.js:690:43)
    at async DevServer.renderErrorToResponseImpl (file://E:\Websites\Luca 4\node_modules\next\dist\server\base-server.js:1753:26)
[112670211ms] [LOG] [HMR] connected @ http://localhost:3000/_next/static/chunks/node_modules_next_dist_1gdrd03._.js:1226
[112670287ms] [ERROR] ./src/app/layout.tsx:7:1
Module not found: Can't resolve '@/components/SiteFooter'
   5 |   IBM_Plex_Sans_Condensed,
   6 | } from "next/font/google";
>  7 | import { SiteFooter } from "@/components/SiteFooter";
     | ^^^^^^^^^^^^^^^^^^^^^^^^^^^^^^^^^^^^^^^^^^^^^^^^^^^^^
   8 | import { SiteHeader } from "@/components/SiteHeader";
   9 | import "./globals.css";
  10 |

Import map: aliased to relative './src/components/SiteFooter' inside of [project]/

https://nextjs.org/docs/messages/module-not-found @ http://localhost:3000/_next/static/chunks/node_modules_next_dist_1gdrd03._.js:1945
[112670287ms] [ERROR] ./src/app/layout.tsx:7:1
Module not found: Can't resolve '@/components/SiteFooter'
   5 |   IBM_Plex_Sans_Condensed,
   6 | } from "next/font/google";
>  7 | import { SiteFooter } from "@/components/SiteFooter";
     | ^^^^^^^^^^^^^^^^^^^^^^^^^^^^^^^^^^^^^^^^^^^^^^^^^^^^^
   8 | import { SiteHeader } from "@/components/SiteHeader";
   9 | import "./globals.css";
  10 |

Import map: aliased to relative './src/components/SiteFooter' inside of [project]/

https://nextjs.org/docs/messages/module-not-found @ http://localhost:3000/_next/static/chunks/node_modules_next_dist_1gdrd03._.js:1945
[112670287ms] [ERROR] ./src/app/layout.tsx:7:1
Module not found: Can't resolve '@/components/SiteFooter'
   5 |   IBM_Plex_Sans_Condensed,
   6 | } from "next/font/google";
>  7 | import { SiteFooter } from "@/components/SiteFooter";
     | ^^^^^^^^^^^^^^^^^^^^^^^^^^^^^^^^^^^^^^^^^^^^^^^^^^^^^
   8 | import { SiteHeader } from "@/components/SiteHeader";
   9 | import "./globals.css";
  10 |

Import map: aliased to relative './src/components/SiteFooter' inside of [project]/

https://nextjs.org/docs/messages/module-not-found @ http://localhost:3000/_next/static/chunks/node_modules_next_dist_1gdrd03._.js:1945
[112670287ms] [ERROR] ./src/app/layout.tsx:7:1
Module not found: Can't resolve '@/components/SiteFooter'
   5 |   IBM_Plex_Sans_Condensed,
   6 | } from "next/font/google";
>  7 | import { SiteFooter } from "@/components/SiteFooter";
     | ^^^^^^^^^^^^^^^^^^^^^^^^^^^^^^^^^^^^^^^^^^^^^^^^^^^^^
   8 | import { SiteHeader } from "@/components/SiteHeader";
   9 | import "./globals.css";
  10 |

Import map: aliased to relative './src/components/SiteFooter' inside of [project]/

https://nextjs.org/docs/messages/module-not-found @ http://localhost:3000/_next/static/chunks/node_modules_next_dist_1gdrd03._.js:1945
[112670287ms] [ERROR] ./src/app/layout.tsx:7:1
Module not found: Can't resolve '@/components/SiteFooter'
   5 |   IBM_Plex_Sans_Condensed,
   6 | } from "next/font/google";
>  7 | import { SiteFooter } from "@/components/SiteFooter";
     | ^^^^^^^^^^^^^^^^^^^^^^^^^^^^^^^^^^^^^^^^^^^^^^^^^^^^^
   8 | import { SiteHeader } from "@/components/SiteHeader";
   9 | import "./globals.css";
  10 |

Import map: aliased to relative './src/components/SiteFooter' inside of [project]/

https://nextjs.org/docs/messages/module-not-found @ http://localhost:3000/_next/static/chunks/node_modules_next_dist_1gdrd03._.js:1945
[112670287ms] [ERROR] ./src/app/layout.tsx:7:1
Module not found: Can't resolve '@/components/SiteFooter'
   5 |   IBM_Plex_Sans_Condensed,
   6 | } from "next/font/google";
>  7 | import { SiteFooter } from "@/components/SiteFooter";
     | ^^^^^^^^^^^^^^^^^^^^^^^^^^^^^^^^^^^^^^^^^^^^^^^^^^^^^
   8 | import { SiteHeader } from "@/components/SiteHeader";
   9 | import "./globals.css";
  10 |

Import map: aliased to relative './src/components/SiteFooter' inside of [project]/

https://nextjs.org/docs/messages/module-not-found @ http://localhost:3000/_next/static/chunks/node_modules_next_dist_1gdrd03._.js:1945
[112670287ms] [ERROR] ./src/app/layout.tsx:7:1
Module not found: Can't resolve '@/components/SiteFooter'
   5 |   IBM_Plex_Sans_Condensed,
   6 | } from "next/font/google";
>  7 | import { SiteFooter } from "@/components/SiteFooter";
     | ^^^^^^^^^^^^^^^^^^^^^^^^^^^^^^^^^^^^^^^^^^^^^^^^^^^^^
   8 | import { SiteHeader } from "@/components/SiteHeader";
   9 | import "./globals.css";
  10 |

Import map: aliased to relative './src/components/SiteFooter' inside of [project]/

https://nextjs.org/docs/messages/module-not-found @ http://localhost:3000/_next/static/chunks/node_modules_next_dist_1gdrd03._.js:1945
[112670288ms] [ERROR] ./src/app/layout.tsx:7:1
Module not found: Can't resolve '@/components/SiteFooter'
   5 |   IBM_Plex_Sans_Condensed,
   6 | } from "next/font/google";
>  7 | import { SiteFooter } from "@/components/SiteFooter";
     | ^^^^^^^^^^^^^^^^^^^^^^^^^^^^^^^^^^^^^^^^^^^^^^^^^^^^^
   8 | import { SiteHeader } from "@/components/SiteHeader";
   9 | import "./globals.css";
  10 |

Import map: aliased to relative './src/components/SiteFooter' inside of [project]/

https://nextjs.org/docs/messages/module-not-found @ http://localhost:3000/_next/static/chunks/node_modules_next_dist_1gdrd03._.js:1945
[112670351ms] [LOG] [Fast Refresh] rebuilding @ http://localhost:3000/_next/static/chunks/node_modules_next_dist_1gdrd03._.js:1226
[112670352ms] [ERROR] ./src/app/layout.tsx:7:1
Module not found: Can't resolve '@/components/SiteFooter'
   5 |   IBM_Plex_Sans_Condensed,
   6 | } from "next/font/google";
>  7 | import { SiteFooter } from "@/components/SiteFooter";
     | ^^^^^^^^^^^^^^^^^^^^^^^^^^^^^^^^^^^^^^^^^^^^^^^^^^^^^
   8 | import { SiteHeader } from "@/components/SiteHeader";
   9 | import "./globals.css";
  10 |

Import map: aliased to relative './src/components/SiteFooter' inside of [project]/

https://nextjs.org/docs/messages/module-not-found @ http://localhost:3000/_next/static/chunks/node_modules_next_dist_1gdrd03._.js:1945
[112670456ms] [LOG] [Fast Refresh] rebuilding @ http://localhost:3000/_next/static/chunks/node_modules_next_dist_1gdrd03._.js:1226
[112670460ms] [ERROR] ./src/app/layout.tsx:7:1
Module not found: Can't resolve '@/components/SiteFooter'
   5 |   IBM_Plex_Sans_Condensed,
   6 | } from "next/font/google";
>  7 | import { SiteFooter } from "@/components/SiteFooter";
     | ^^^^^^^^^^^^^^^^^^^^^^^^^^^^^^^^^^^^^^^^^^^^^^^^^^^^^
   8 | import { SiteHeader } from "@/components/SiteHeader";
   9 | import "./globals.css";
  10 |

Import map: aliased to relative './src/components/SiteFooter' inside of [project]/

https://nextjs.org/docs/messages/module-not-found @ http://localhost:3000/_next/static/chunks/node_modules_next_dist_1gdrd03._.js:1945
[112670594ms] [LOG] [Fast Refresh] rebuilding @ http://localhost:3000/_next/static/chunks/node_modules_next_dist_1gdrd03._.js:1226
[112670595ms] [ERROR] ./src/app/layout.tsx:7:1
Module not found: Can't resolve '@/components/SiteFooter'
   5 |   IBM_Plex_Sans_Condensed,
   6 | } from "next/font/google";
>  7 | import { SiteFooter } from "@/components/SiteFooter";
     | ^^^^^^^^^^^^^^^^^^^^^^^^^^^^^^^^^^^^^^^^^^^^^^^^^^^^^
   8 | import { SiteHeader } from "@/components/SiteHeader";
   9 | import "./globals.css";
  10 |

Import map: aliased to relative './src/components/SiteFooter' inside of [project]/

https://nextjs.org/docs/messages/module-not-found @ http://localhost:3000/_next/static/chunks/node_modules_next_dist_1gdrd03._.js:1945
[112670657ms] [ERROR] ./src/app/layout.tsx:7:1
Module not found: Can't resolve '@/components/SiteFooter'
   5 |   IBM_Plex_Sans_Condensed,
   6 | } from "next/font/google";
>  7 | import { SiteFooter } from "@/components/SiteFooter";
     | ^^^^^^^^^^^^^^^^^^^^^^^^^^^^^^^^^^^^^^^^^^^^^^^^^^^^^
   8 | import { SiteHeader } from "@/components/SiteHeader";
   9 | import "./globals.css";
  10 |

Import map: aliased to relative './src/components/SiteFooter' inside of [project]/

https://nextjs.org/docs/messages/module-not-found @ http://localhost:3000/_next/static/chunks/node_modules_next_dist_1gdrd03._.js:1945
[112670719ms] [ERROR] ./src/app/layout.tsx:7:1
Module not found: Can't resolve '@/components/SiteFooter'
   5 |   IBM_Plex_Sans_Condensed,
   6 | } from "next/font/google";
>  7 | import { SiteFooter } from "@/components/SiteFooter";
     | ^^^^^^^^^^^^^^^^^^^^^^^^^^^^^^^^^^^^^^^^^^^^^^^^^^^^^
   8 | import { SiteHeader } from "@/components/SiteHeader";
   9 | import "./globals.css";
  10 |

Import map: aliased to relative './src/components/SiteFooter' inside of [project]/

https://nextjs.org/docs/messages/module-not-found @ http://localhost:3000/_next/static/chunks/node_modules_next_dist_1gdrd03._.js:1945
[112670780ms] [ERROR] ./src/app/layout.tsx:7:1
Module not found: Can't resolve '@/components/SiteFooter'
   5 |   IBM_Plex_Sans_Condensed,
   6 | } from "next/font/google";
>  7 | import { SiteFooter } from "@/components/SiteFooter";
     | ^^^^^^^^^^^^^^^^^^^^^^^^^^^^^^^^^^^^^^^^^^^^^^^^^^^^^
   8 | import { SiteHeader } from "@/components/SiteHeader";
   9 | import "./globals.css";
  10 |

Import map: aliased to relative './src/components/SiteFooter' inside of [project]/

https://nextjs.org/docs/messages/module-not-found @ http://localhost:3000/_next/static/chunks/node_modules_next_dist_1gdrd03._.js:1945
[112670843ms] [ERROR] ./src/app/layout.tsx:7:1
Module not found: Can't resolve '@/components/SiteFooter'
   5 |   IBM_Plex_Sans_Condensed,
   6 | } from "next/font/google";
>  7 | import { SiteFooter } from "@/components/SiteFooter";
     | ^^^^^^^^^^^^^^^^^^^^^^^^^^^^^^^^^^^^^^^^^^^^^^^^^^^^^
   8 | import { SiteHeader } from "@/components/SiteHeader";
   9 | import "./globals.css";
  10 |

Import map: aliased to relative './src/components/SiteFooter' inside of [project]/

https://nextjs.org/docs/messages/module-not-found @ http://localhost:3000/_next/static/chunks/node_modules_next_dist_1gdrd03._.js:1945
[112670906ms] [ERROR] ./src/app/layout.tsx:7:1
Module not found: Can't resolve '@/components/SiteFooter'
   5 |   IBM_Plex_Sans_Condensed,
   6 | } from "next/font/google";
>  7 | import { SiteFooter } from "@/components/SiteFooter";
     | ^^^^^^^^^^^^^^^^^^^^^^^^^^^^^^^^^^^^^^^^^^^^^^^^^^^^^
   8 | import { SiteHeader } from "@/components/SiteHeader";
   9 | import "./globals.css";
  10 |

Import map: aliased to relative './src/components/SiteFooter' inside of [project]/

https://nextjs.org/docs/messages/module-not-found @ http://localhost:3000/_next/static/chunks/node_modules_next_dist_1gdrd03._.js:1945
[112670967ms] [ERROR] ./src/app/layout.tsx:7:1
Module not found: Can't resolve '@/components/SiteFooter'
   5 |   IBM_Plex_Sans_Condensed,
   6 | } from "next/font/google";
>  7 | import { SiteFooter } from "@/components/SiteFooter";
     | ^^^^^^^^^^^^^^^^^^^^^^^^^^^^^^^^^^^^^^^^^^^^^^^^^^^^^
   8 | import { SiteHeader } from "@/components/SiteHeader";
   9 | import "./globals.css";
  10 |

Import map: aliased to relative './src/components/SiteFooter' inside of [project]/

https://nextjs.org/docs/messages/module-not-found @ http://localhost:3000/_next/static/chunks/node_modules_next_dist_1gdrd03._.js:1945
[112671029ms] [ERROR] ./src/app/layout.tsx:7:1
Module not found: Can't resolve '@/components/SiteFooter'
   5 |   IBM_Plex_Sans_Condensed,
   6 | } from "next/font/google";
>  7 | import { SiteFooter } from "@/components/SiteFooter";
     | ^^^^^^^^^^^^^^^^^^^^^^^^^^^^^^^^^^^^^^^^^^^^^^^^^^^^^
   8 | import { SiteHeader } from "@/components/SiteHeader";
   9 | import "./globals.css";
  10 |

Import map: aliased to relative './src/components/SiteFooter' inside of [project]/

https://nextjs.org/docs/messages/module-not-found @ http://localhost:3000/_next/static/chunks/node_modules_next_dist_1gdrd03._.js:1945
[112671093ms] [ERROR] ./src/app/layout.tsx:7:1
Module not found: Can't resolve '@/components/SiteFooter'
   5 |   IBM_Plex_Sans_Condensed,
   6 | } from "next/font/google";
>  7 | import { SiteFooter } from "@/components/SiteFooter";
     | ^^^^^^^^^^^^^^^^^^^^^^^^^^^^^^^^^^^^^^^^^^^^^^^^^^^^^
   8 | import { SiteHeader } from "@/components/SiteHeader";
   9 | import "./globals.css";
  10 |

Import map: aliased to relative './src/components/SiteFooter' inside of [project]/

https://nextjs.org/docs/messages/module-not-found @ http://localhost:3000/_next/static/chunks/node_modules_next_dist_1gdrd03._.js:1945
[112671155ms] [ERROR] ./src/app/layout.tsx:7:1
Module not found: Can't resolve '@/components/SiteFooter'
   5 |   IBM_Plex_Sans_Condensed,
   6 | } from "next/font/google";
>  7 | import { SiteFooter } from "@/components/SiteFooter";
     | ^^^^^^^^^^^^^^^^^^^^^^^^^^^^^^^^^^^^^^^^^^^^^^^^^^^^^
   8 | import { SiteHeader } from "@/components/SiteHeader";
   9 | import "./globals.css";
  10 |

Import map: aliased to relative './src/components/SiteFooter' inside of [project]/

https://nextjs.org/docs/messages/module-not-found @ http://localhost:3000/_next/static/chunks/node_modules_next_dist_1gdrd03._.js:1945
[112671218ms] [ERROR] ./src/app/layout.tsx:7:1
Module not found: Can't resolve '@/components/SiteFooter'
   5 |   IBM_Plex_Sans_Condensed,
   6 | } from "next/font/google";
>  7 | import { SiteFooter } from "@/components/SiteFooter";
     | ^^^^^^^^^^^^^^^^^^^^^^^^^^^^^^^^^^^^^^^^^^^^^^^^^^^^^
   8 | import { SiteHeader } from "@/components/SiteHeader";
   9 | import "./globals.css";
  10 |

Import map: aliased to relative './src/components/SiteFooter' inside of [project]/

https://nextjs.org/docs/messages/module-not-found @ http://localhost:3000/_next/static/chunks/node_modules_next_dist_1gdrd03._.js:1945
[112671279ms] [ERROR] ./src/app/layout.tsx:7:1
Module not found: Can't resolve '@/components/SiteFooter'
   5 |   IBM_Plex_Sans_Condensed,
   6 | } from "next/font/google";
>  7 | import { SiteFooter } from "@/components/SiteFooter";
     | ^^^^^^^^^^^^^^^^^^^^^^^^^^^^^^^^^^^^^^^^^^^^^^^^^^^^^
   8 | import { SiteHeader } from "@/components/SiteHeader";
   9 | import "./globals.css";
  10 |

Import map: aliased to relative './src/components/SiteFooter' inside of [project]/

https://nextjs.org/docs/messages/module-not-found @ http://localhost:3000/_next/static/chunks/node_modules_next_dist_1gdrd03._.js:1945
[112671340ms] [ERROR] ./src/app/layout.tsx:7:1
Module not found: Can't resolve '@/components/SiteFooter'
   5 |   IBM_Plex_Sans_Condensed,
   6 | } from "next/font/google";
>  7 | import { SiteFooter } from "@/components/SiteFooter";
     | ^^^^^^^^^^^^^^^^^^^^^^^^^^^^^^^^^^^^^^^^^^^^^^^^^^^^^
   8 | import { SiteHeader } from "@/components/SiteHeader";
   9 | import "./globals.css";
  10 |

Import map: aliased to relative './src/components/SiteFooter' inside of [project]/

https://nextjs.org/docs/messages/module-not-found @ http://localhost:3000/_next/static/chunks/node_modules_next_dist_1gdrd03._.js:1945
[112671400ms] [ERROR] ./src/app/layout.tsx:7:1
Module not found: Can't resolve '@/components/SiteFooter'
   5 |   IBM_Plex_Sans_Condensed,
   6 | } from "next/font/google";
>  7 | import { SiteFooter } from "@/components/SiteFooter";
     | ^^^^^^^^^^^^^^^^^^^^^^^^^^^^^^^^^^^^^^^^^^^^^^^^^^^^^
   8 | import { SiteHeader } from "@/components/SiteHeader";
   9 | import "./globals.css";
  10 |

Import map: aliased to relative './src/components/SiteFooter' inside of [project]/

https://nextjs.org/docs/messages/module-not-found @ http://localhost:3000/_next/static/chunks/node_modules_next_dist_1gdrd03._.js:1945
[112671461ms] [ERROR] ./src/app/layout.tsx:7:1
Module not found: Can't resolve '@/components/SiteFooter'
   5 |   IBM_Plex_Sans_Condensed,
   6 | } from "next/font/google";
>  7 | import { SiteFooter } from "@/components/SiteFooter";
     | ^^^^^^^^^^^^^^^^^^^^^^^^^^^^^^^^^^^^^^^^^^^^^^^^^^^^^
   8 | import { SiteHeader } from "@/components/SiteHeader";
   9 | import "./globals.css";
  10 |

Import map: aliased to relative './src/components/SiteFooter' inside of [project]/

https://nextjs.org/docs/messages/module-not-found @ http://localhost:3000/_next/static/chunks/node_modules_next_dist_1gdrd03._.js:1945
[112671523ms] [ERROR] ./src/app/layout.tsx:7:1
Module not found: Can't resolve '@/components/SiteFooter'
   5 |   IBM_Plex_Sans_Condensed,
   6 | } from "next/font/google";
>  7 | import { SiteFooter } from "@/components/SiteFooter";
     | ^^^^^^^^^^^^^^^^^^^^^^^^^^^^^^^^^^^^^^^^^^^^^^^^^^^^^
   8 | import { SiteHeader } from "@/components/SiteHeader";
   9 | import "./globals.css";
  10 |

Import map: aliased to relative './src/components/SiteFooter' inside of [project]/

https://nextjs.org/docs/messages/module-not-found @ http://localhost:3000/_next/static/chunks/node_modules_next_dist_1gdrd03._.js:1945
[112671585ms] [ERROR] ./src/app/layout.tsx:7:1
Module not found: Can't resolve '@/components/SiteFooter'
   5 |   IBM_Plex_Sans_Condensed,
   6 | } from "next/font/google";
>  7 | import { SiteFooter } from "@/components/SiteFooter";
     | ^^^^^^^^^^^^^^^^^^^^^^^^^^^^^^^^^^^^^^^^^^^^^^^^^^^^^
   8 | import { SiteHeader } from "@/components/SiteHeader";
   9 | import "./globals.css";
  10 |

Import map: aliased to relative './src/components/SiteFooter' inside of [project]/

https://nextjs.org/docs/messages/module-not-found @ http://localhost:3000/_next/static/chunks/node_modules_next_dist_1gdrd03._.js:1945
[112671648ms] [ERROR] ./src/app/layout.tsx:7:1
Module not found: Can't resolve '@/components/SiteFooter'
   5 |   IBM_Plex_Sans_Condensed,
   6 | } from "next/font/google";
>  7 | import { SiteFooter } from "@/components/SiteFooter";
     | ^^^^^^^^^^^^^^^^^^^^^^^^^^^^^^^^^^^^^^^^^^^^^^^^^^^^^
   8 | import { SiteHeader } from "@/components/SiteHeader";
   9 | import "./globals.css";
  10 |

Import map: aliased to relative './src/components/SiteFooter' inside of [project]/

https://nextjs.org/docs/messages/module-not-found @ http://localhost:3000/_next/static/chunks/node_modules_next_dist_1gdrd03._.js:1945
[112671709ms] [ERROR] ./src/app/layout.tsx:7:1
Module not found: Can't resolve '@/components/SiteFooter'
   5 |   IBM_Plex_Sans_Condensed,
   6 | } from "next/font/google";
>  7 | import { SiteFooter } from "@/components/SiteFooter";
     | ^^^^^^^^^^^^^^^^^^^^^^^^^^^^^^^^^^^^^^^^^^^^^^^^^^^^^
   8 | import { SiteHeader } from "@/components/SiteHeader";
   9 | import "./globals.css";
  10 |

Import map: aliased to relative './src/components/SiteFooter' inside of [project]/

https://nextjs.org/docs/messages/module-not-found @ http://localhost:3000/_next/static/chunks/node_modules_next_dist_1gdrd03._.js:1945
[112671773ms] [ERROR] ./src/app/layout.tsx:7:1
Module not found: Can't resolve '@/components/SiteFooter'
   5 |   IBM_Plex_Sans_Condensed,
   6 | } from "next/font/google";
>  7 | import { SiteFooter } from "@/components/SiteFooter";
     | ^^^^^^^^^^^^^^^^^^^^^^^^^^^^^^^^^^^^^^^^^^^^^^^^^^^^^
   8 | import { SiteHeader } from "@/components/SiteHeader";
   9 | import "./globals.css";
  10 |

Import map: aliased to relative './src/components/SiteFooter' inside of [project]/

https://nextjs.org/docs/messages/module-not-found @ http://localhost:3000/_next/static/chunks/node_modules_next_dist_1gdrd03._.js:1945
[112671836ms] [ERROR] ./src/app/layout.tsx:7:1
Module not found: Can't resolve '@/components/SiteFooter'
   5 |   IBM_Plex_Sans_Condensed,
   6 | } from "next/font/google";
>  7 | import { SiteFooter } from "@/components/SiteFooter";
     | ^^^^^^^^^^^^^^^^^^^^^^^^^^^^^^^^^^^^^^^^^^^^^^^^^^^^^
   8 | import { SiteHeader } from "@/components/SiteHeader";
   9 | import "./globals.css";
  10 |

Import map: aliased to relative './src/components/SiteFooter' inside of [project]/

https://nextjs.org/docs/messages/module-not-found @ http://localhost:3000/_next/static/chunks/node_modules_next_dist_1gdrd03._.js:1945
[112671896ms] [ERROR] ./src/app/layout.tsx:7:1
Module not found: Can't resolve '@/components/SiteFooter'
   5 |   IBM_Plex_Sans_Condensed,
   6 | } from "next/font/google";
>  7 | import { SiteFooter } from "@/components/SiteFooter";
     | ^^^^^^^^^^^^^^^^^^^^^^^^^^^^^^^^^^^^^^^^^^^^^^^^^^^^^
   8 | import { SiteHeader } from "@/components/SiteHeader";
   9 | import "./globals.css";
  10 |

Import map: aliased to relative './src/components/SiteFooter' inside of [project]/

https://nextjs.org/docs/messages/module-not-found @ http://localhost:3000/_next/static/chunks/node_modules_next_dist_1gdrd03._.js:1945
[112671958ms] [ERROR] ./src/app/layout.tsx:7:1
Module not found: Can't resolve '@/components/SiteFooter'
   5 |   IBM_Plex_Sans_Condensed,
   6 | } from "next/font/google";
>  7 | import { SiteFooter } from "@/components/SiteFooter";
     | ^^^^^^^^^^^^^^^^^^^^^^^^^^^^^^^^^^^^^^^^^^^^^^^^^^^^^
   8 | import { SiteHeader } from "@/components/SiteHeader";
   9 | import "./globals.css";
  10 |

Import map: aliased to relative './src/components/SiteFooter' inside of [project]/

https://nextjs.org/docs/messages/module-not-found @ http://localhost:3000/_next/static/chunks/node_modules_next_dist_1gdrd03._.js:1945
[112672020ms] [ERROR] ./src/app/layout.tsx:7:1
Module not found: Can't resolve '@/components/SiteFooter'
   5 |   IBM_Plex_Sans_Condensed,
   6 | } from "next/font/google";
>  7 | import { SiteFooter } from "@/components/SiteFooter";
     | ^^^^^^^^^^^^^^^^^^^^^^^^^^^^^^^^^^^^^^^^^^^^^^^^^^^^^
   8 | import { SiteHeader } from "@/components/SiteHeader";
   9 | import "./globals.css";
  10 |

Import map: aliased to relative './src/components/SiteFooter' inside of [project]/

https://nextjs.org/docs/messages/module-not-found @ http://localhost:3000/_next/static/chunks/node_modules_next_dist_1gdrd03._.js:1945
[112672081ms] [ERROR] ./src/app/layout.tsx:7:1
Module not found: Can't resolve '@/components/SiteFooter'
   5 |   IBM_Plex_Sans_Condensed,
   6 | } from "next/font/google";
>  7 | import { SiteFooter } from "@/components/SiteFooter";
     | ^^^^^^^^^^^^^^^^^^^^^^^^^^^^^^^^^^^^^^^^^^^^^^^^^^^^^
   8 | import { SiteHeader } from "@/components/SiteHeader";
   9 | import "./globals.css";
  10 |

Import map: aliased to relative './src/components/SiteFooter' inside of [project]/

https://nextjs.org/docs/messages/module-not-found @ http://localhost:3000/_next/static/chunks/node_modules_next_dist_1gdrd03._.js:1945
[112672143ms] [ERROR] ./src/app/layout.tsx:7:1
Module not found: Can't resolve '@/components/SiteFooter'
   5 |   IBM_Plex_Sans_Condensed,
   6 | } from "next/font/google";
>  7 | import { SiteFooter } from "@/components/SiteFooter";
     | ^^^^^^^^^^^^^^^^^^^^^^^^^^^^^^^^^^^^^^^^^^^^^^^^^^^^^
   8 | import { SiteHeader } from "@/components/SiteHeader";
   9 | import "./globals.css";
  10 |

Import map: aliased to relative './src/components/SiteFooter' inside of [project]/

https://nextjs.org/docs/messages/module-not-found @ http://localhost:3000/_next/static/chunks/node_modules_next_dist_1gdrd03._.js:1945
[112672204ms] [ERROR] ./src/app/layout.tsx:7:1
Module not found: Can't resolve '@/components/SiteFooter'
   5 |   IBM_Plex_Sans_Condensed,
   6 | } from "next/font/google";
>  7 | import { SiteFooter } from "@/components/SiteFooter";
     | ^^^^^^^^^^^^^^^^^^^^^^^^^^^^^^^^^^^^^^^^^^^^^^^^^^^^^
   8 | import { SiteHeader } from "@/components/SiteHeader";
   9 | import "./globals.css";
  10 |

Import map: aliased to relative './src/components/SiteFooter' inside of [project]/

https://nextjs.org/docs/messages/module-not-found @ http://localhost:3000/_next/static/chunks/node_modules_next_dist_1gdrd03._.js:1945
[112672267ms] [ERROR] ./src/app/layout.tsx:7:1
Module not found: Can't resolve '@/components/SiteFooter'
   5 |   IBM_Plex_Sans_Condensed,
   6 | } from "next/font/google";
>  7 | import { SiteFooter } from "@/components/SiteFooter";
     | ^^^^^^^^^^^^^^^^^^^^^^^^^^^^^^^^^^^^^^^^^^^^^^^^^^^^^
   8 | import { SiteHeader } from "@/components/SiteHeader";
   9 | import "./globals.css";
  10 |

Import map: aliased to relative './src/components/SiteFooter' inside of [project]/

https://nextjs.org/docs/messages/module-not-found @ http://localhost:3000/_next/static/chunks/node_modules_next_dist_1gdrd03._.js:1945
[112672329ms] [ERROR] ./src/app/layout.tsx:7:1
Module not found: Can't resolve '@/components/SiteFooter'
   5 |   IBM_Plex_Sans_Condensed,
   6 | } from "next/font/google";
>  7 | import { SiteFooter } from "@/components/SiteFooter";
     | ^^^^^^^^^^^^^^^^^^^^^^^^^^^^^^^^^^^^^^^^^^^^^^^^^^^^^
   8 | import { SiteHeader } from "@/components/SiteHeader";
   9 | import "./globals.css";
  10 |

Import map: aliased to relative './src/components/SiteFooter' inside of [project]/

https://nextjs.org/docs/messages/module-not-found @ http://localhost:3000/_next/static/chunks/node_modules_next_dist_1gdrd03._.js:1945
[112672391ms] [ERROR] ./src/app/layout.tsx:7:1
Module not found: Can't resolve '@/components/SiteFooter'
   5 |   IBM_Plex_Sans_Condensed,
   6 | } from "next/font/google";
>  7 | import { SiteFooter } from "@/components/SiteFooter";
     | ^^^^^^^^^^^^^^^^^^^^^^^^^^^^^^^^^^^^^^^^^^^^^^^^^^^^^
   8 | import { SiteHeader } from "@/components/SiteHeader";
   9 | import "./globals.css";
  10 |

Import map: aliased to relative './src/components/SiteFooter' inside of [project]/

https://nextjs.org/docs/messages/module-not-found @ http://localhost:3000/_next/static/chunks/node_modules_next_dist_1gdrd03._.js:1945
[112672452ms] [ERROR] ./src/app/layout.tsx:7:1
Module not found: Can't resolve '@/components/SiteFooter'
   5 |   IBM_Plex_Sans_Condensed,
   6 | } from "next/font/google";
>  7 | import { SiteFooter } from "@/components/SiteFooter";
     | ^^^^^^^^^^^^^^^^^^^^^^^^^^^^^^^^^^^^^^^^^^^^^^^^^^^^^
   8 | import { SiteHeader } from "@/components/SiteHeader";
   9 | import "./globals.css";
  10 |

Import map: aliased to relative './src/components/SiteFooter' inside of [project]/

https://nextjs.org/docs/messages/module-not-found @ http://localhost:3000/_next/static/chunks/node_modules_next_dist_1gdrd03._.js:1945
[112672514ms] [ERROR] ./src/app/layout.tsx:7:1
Module not found: Can't resolve '@/components/SiteFooter'
   5 |   IBM_Plex_Sans_Condensed,
   6 | } from "next/font/google";
>  7 | import { SiteFooter } from "@/components/SiteFooter";
     | ^^^^^^^^^^^^^^^^^^^^^^^^^^^^^^^^^^^^^^^^^^^^^^^^^^^^^
   8 | import { SiteHeader } from "@/components/SiteHeader";
   9 | import "./globals.css";
  10 |

Import map: aliased to relative './src/components/SiteFooter' inside of [project]/

https://nextjs.org/docs/messages/module-not-found @ http://localhost:3000/_next/static/chunks/node_modules_next_dist_1gdrd03._.js:1945
[112672575ms] [ERROR] ./src/app/layout.tsx:7:1
Module not found: Can't resolve '@/components/SiteFooter'
   5 |   IBM_Plex_Sans_Condensed,
   6 | } from "next/font/google";
>  7 | import { SiteFooter } from "@/components/SiteFooter";
     | ^^^^^^^^^^^^^^^^^^^^^^^^^^^^^^^^^^^^^^^^^^^^^^^^^^^^^
   8 | import { SiteHeader } from "@/components/SiteHeader";
   9 | import "./globals.css";
  10 |

Import map: aliased to relative './src/components/SiteFooter' inside of [project]/

https://nextjs.org/docs/messages/module-not-found @ http://localhost:3000/_next/static/chunks/node_modules_next_dist_1gdrd03._.js:1945
[112672639ms] [ERROR] ./src/app/layout.tsx:7:1
Module not found: Can't resolve '@/components/SiteFooter'
   5 |   IBM_Plex_Sans_Condensed,
   6 | } from "next/font/google";
>  7 | import { SiteFooter } from "@/components/SiteFooter";
     | ^^^^^^^^^^^^^^^^^^^^^^^^^^^^^^^^^^^^^^^^^^^^^^^^^^^^^
   8 | import { SiteHeader } from "@/components/SiteHeader";
   9 | import "./globals.css";
  10 |

Import map: aliased to relative './src/components/SiteFooter' inside of [project]/

https://nextjs.org/docs/messages/module-not-found @ http://localhost:3000/_next/static/chunks/node_modules_next_dist_1gdrd03._.js:1945
[112672702ms] [ERROR] ./src/app/layout.tsx:7:1
Module not found: Can't resolve '@/components/SiteFooter'
   5 |   IBM_Plex_Sans_Condensed,
   6 | } from "next/font/google";
>  7 | import { SiteFooter } from "@/components/SiteFooter";
     | ^^^^^^^^^^^^^^^^^^^^^^^^^^^^^^^^^^^^^^^^^^^^^^^^^^^^^
   8 | import { SiteHeader } from "@/components/SiteHeader";
   9 | import "./globals.css";
  10 |

Import map: aliased to relative './src/components/SiteFooter' inside of [project]/

https://nextjs.org/docs/messages/module-not-found @ http://localhost:3000/_next/static/chunks/node_modules_next_dist_1gdrd03._.js:1945
[112672764ms] [ERROR] ./src/app/layout.tsx:7:1
Module not found: Can't resolve '@/components/SiteFooter'
   5 |   IBM_Plex_Sans_Condensed,
   6 | } from "next/font/google";
>  7 | import { SiteFooter } from "@/components/SiteFooter";
     | ^^^^^^^^^^^^^^^^^^^^^^^^^^^^^^^^^^^^^^^^^^^^^^^^^^^^^
   8 | import { SiteHeader } from "@/components/SiteHeader";
   9 | import "./globals.css";
  10 |

Import map: aliased to relative './src/components/SiteFooter' inside of [project]/

https://nextjs.org/docs/messages/module-not-found @ http://localhost:3000/_next/static/chunks/node_modules_next_dist_1gdrd03._.js:1945
[112672827ms] [ERROR] ./src/app/layout.tsx:7:1
Module not found: Can't resolve '@/components/SiteFooter'
   5 |   IBM_Plex_Sans_Condensed,
   6 | } from "next/font/google";
>  7 | import { SiteFooter } from "@/components/SiteFooter";
     | ^^^^^^^^^^^^^^^^^^^^^^^^^^^^^^^^^^^^^^^^^^^^^^^^^^^^^
   8 | import { SiteHeader } from "@/components/SiteHeader";
   9 | import "./globals.css";
  10 |

Import map: aliased to relative './src/components/SiteFooter' inside of [project]/

https://nextjs.org/docs/messages/module-not-found @ http://localhost:3000/_next/static/chunks/node_modules_next_dist_1gdrd03._.js:1945
[112672888ms] [ERROR] ./src/app/layout.tsx:7:1
Module not found: Can't resolve '@/components/SiteFooter'
   5 |   IBM_Plex_Sans_Condensed,
   6 | } from "next/font/google";
>  7 | import { SiteFooter } from "@/components/SiteFooter";
     | ^^^^^^^^^^^^^^^^^^^^^^^^^^^^^^^^^^^^^^^^^^^^^^^^^^^^^
   8 | import { SiteHeader } from "@/components/SiteHeader";
   9 | import "./globals.css";
  10 |

Import map: aliased to relative './src/components/SiteFooter' inside of [project]/

https://nextjs.org/docs/messages/module-not-found @ http://localhost:3000/_next/static/chunks/node_modules_next_dist_1gdrd03._.js:1945
[112672952ms] [ERROR] ./src/app/layout.tsx:7:1
Module not found: Can't resolve '@/components/SiteFooter'
   5 |   IBM_Plex_Sans_Condensed,
   6 | } from "next/font/google";
>  7 | import { SiteFooter } from "@/components/SiteFooter";
     | ^^^^^^^^^^^^^^^^^^^^^^^^^^^^^^^^^^^^^^^^^^^^^^^^^^^^^
   8 | import { SiteHeader } from "@/components/SiteHeader";
   9 | import "./globals.css";
  10 |

Import map: aliased to relative './src/components/SiteFooter' inside of [project]/

https://nextjs.org/docs/messages/module-not-found @ http://localhost:3000/_next/static/chunks/node_modules_next_dist_1gdrd03._.js:1945
[112673014ms] [ERROR] ./src/app/layout.tsx:7:1
Module not found: Can't resolve '@/components/SiteFooter'
   5 |   IBM_Plex_Sans_Condensed,
   6 | } from "next/font/google";
>  7 | import { SiteFooter } from "@/components/SiteFooter";
     | ^^^^^^^^^^^^^^^^^^^^^^^^^^^^^^^^^^^^^^^^^^^^^^^^^^^^^
   8 | import { SiteHeader } from "@/components/SiteHeader";
   9 | import "./globals.css";
  10 |

Import map: aliased to relative './src/components/SiteFooter' inside of [project]/

https://nextjs.org/docs/messages/module-not-found @ http://localhost:3000/_next/static/chunks/node_modules_next_dist_1gdrd03._.js:1945
[112673077ms] [ERROR] ./src/app/layout.tsx:7:1
Module not found: Can't resolve '@/components/SiteFooter'
   5 |   IBM_Plex_Sans_Condensed,
   6 | } from "next/font/google";
>  7 | import { SiteFooter } from "@/components/SiteFooter";
     | ^^^^^^^^^^^^^^^^^^^^^^^^^^^^^^^^^^^^^^^^^^^^^^^^^^^^^
   8 | import { SiteHeader } from "@/components/SiteHeader";
   9 | import "./globals.css";
  10 |

Import map: aliased to relative './src/components/SiteFooter' inside of [project]/

https://nextjs.org/docs/messages/module-not-found @ http://localhost:3000/_next/static/chunks/node_modules_next_dist_1gdrd03._.js:1945
[112673140ms] [ERROR] ./src/app/layout.tsx:7:1
Module not found: Can't resolve '@/components/SiteFooter'
   5 |   IBM_Plex_Sans_Condensed,
   6 | } from "next/font/google";
>  7 | import { SiteFooter } from "@/components/SiteFooter";
     | ^^^^^^^^^^^^^^^^^^^^^^^^^^^^^^^^^^^^^^^^^^^^^^^^^^^^^
   8 | import { SiteHeader } from "@/components/SiteHeader";
   9 | import "./globals.css";
  10 |

Import map: aliased to relative './src/components/SiteFooter' inside of [project]/

https://nextjs.org/docs/messages/module-not-found @ http://localhost:3000/_next/static/chunks/node_modules_next_dist_1gdrd03._.js:1945
[112673203ms] [ERROR] ./src/app/layout.tsx:7:1
Module not found: Can't resolve '@/components/SiteFooter'
   5 |   IBM_Plex_Sans_Condensed,
   6 | } from "next/font/google";
>  7 | import { SiteFooter } from "@/components/SiteFooter";
     | ^^^^^^^^^^^^^^^^^^^^^^^^^^^^^^^^^^^^^^^^^^^^^^^^^^^^^
   8 | import { SiteHeader } from "@/components/SiteHeader";
   9 | import "./globals.css";
  10 |

Import map: aliased to relative './src/components/SiteFooter' inside of [project]/

https://nextjs.org/docs/messages/module-not-found @ http://localhost:3000/_next/static/chunks/node_modules_next_dist_1gdrd03._.js:1945
[112673263ms] [ERROR] ./src/app/layout.tsx:7:1
Module not found: Can't resolve '@/components/SiteFooter'
   5 |   IBM_Plex_Sans_Condensed,
   6 | } from "next/font/google";
>  7 | import { SiteFooter } from "@/components/SiteFooter";
     | ^^^^^^^^^^^^^^^^^^^^^^^^^^^^^^^^^^^^^^^^^^^^^^^^^^^^^
   8 | import { SiteHeader } from "@/components/SiteHeader";
   9 | import "./globals.css";
  10 |

Import map: aliased to relative './src/components/SiteFooter' inside of [project]/

https://nextjs.org/docs/messages/module-not-found @ http://localhost:3000/_next/static/chunks/node_modules_next_dist_1gdrd03._.js:1945
[112673325ms] [ERROR] ./src/app/layout.tsx:7:1
Module not found: Can't resolve '@/components/SiteFooter'
   5 |   IBM_Plex_Sans_Condensed,
   6 | } from "next/font/google";
>  7 | import { SiteFooter } from "@/components/SiteFooter";
     | ^^^^^^^^^^^^^^^^^^^^^^^^^^^^^^^^^^^^^^^^^^^^^^^^^^^^^
   8 | import { SiteHeader } from "@/components/SiteHeader";
   9 | import "./globals.css";
  10 |

Import map: aliased to relative './src/components/SiteFooter' inside of [project]/

https://nextjs.org/docs/messages/module-not-found @ http://localhost:3000/_next/static/chunks/node_modules_next_dist_1gdrd03._.js:1945
[112673387ms] [ERROR] ./src/app/layout.tsx:7:1
Module not found: Can't resolve '@/components/SiteFooter'
   5 |   IBM_Plex_Sans_Condensed,
   6 | } from "next/font/google";
>  7 | import { SiteFooter } from "@/components/SiteFooter";
     | ^^^^^^^^^^^^^^^^^^^^^^^^^^^^^^^^^^^^^^^^^^^^^^^^^^^^^
   8 | import { SiteHeader } from "@/components/SiteHeader";
   9 | import "./globals.css";
  10 |

Import map: aliased to relative './src/components/SiteFooter' inside of [project]/

https://nextjs.org/docs/messages/module-not-found @ http://localhost:3000/_next/static/chunks/node_modules_next_dist_1gdrd03._.js:1945
[112673451ms] [ERROR] ./src/app/layout.tsx:7:1
Module not found: Can't resolve '@/components/SiteFooter'
   5 |   IBM_Plex_Sans_Condensed,
   6 | } from "next/font/google";
>  7 | import { SiteFooter } from "@/components/SiteFooter";
     | ^^^^^^^^^^^^^^^^^^^^^^^^^^^^^^^^^^^^^^^^^^^^^^^^^^^^^
   8 | import { SiteHeader } from "@/components/SiteHeader";
   9 | import "./globals.css";
  10 |

Import map: aliased to relative './src/components/SiteFooter' inside of [project]/

https://nextjs.org/docs/messages/module-not-found @ http://localhost:3000/_next/static/chunks/node_modules_next_dist_1gdrd03._.js:1945
[112673514ms] [ERROR] ./src/app/layout.tsx:7:1
Module not found: Can't resolve '@/components/SiteFooter'
   5 |   IBM_Plex_Sans_Condensed,
   6 | } from "next/font/google";
>  7 | import { SiteFooter } from "@/components/SiteFooter";
     | ^^^^^^^^^^^^^^^^^^^^^^^^^^^^^^^^^^^^^^^^^^^^^^^^^^^^^
   8 | import { SiteHeader } from "@/components/SiteHeader";
   9 | import "./globals.css";
  10 |

Import map: aliased to relative './src/components/SiteFooter' inside of [project]/

https://nextjs.org/docs/messages/module-not-found @ http://localhost:3000/_next/static/chunks/node_modules_next_dist_1gdrd03._.js:1945
[112673575ms] [ERROR] ./src/app/layout.tsx:7:1
Module not found: Can't resolve '@/components/SiteFooter'
   5 |   IBM_Plex_Sans_Condensed,
   6 | } from "next/font/google";
>  7 | import { SiteFooter } from "@/components/SiteFooter";
     | ^^^^^^^^^^^^^^^^^^^^^^^^^^^^^^^^^^^^^^^^^^^^^^^^^^^^^
   8 | import { SiteHeader } from "@/components/SiteHeader";
   9 | import "./globals.css";
  10 |

Import map: aliased to relative './src/components/SiteFooter' inside of [project]/

https://nextjs.org/docs/messages/module-not-found @ http://localhost:3000/_next/static/chunks/node_modules_next_dist_1gdrd03._.js:1945
[112673639ms] [ERROR] ./src/app/layout.tsx:7:1
Module not found: Can't resolve '@/components/SiteFooter'
   5 |   IBM_Plex_Sans_Condensed,
   6 | } from "next/font/google";
>  7 | import { SiteFooter } from "@/components/SiteFooter";
     | ^^^^^^^^^^^^^^^^^^^^^^^^^^^^^^^^^^^^^^^^^^^^^^^^^^^^^
   8 | import { SiteHeader } from "@/components/SiteHeader";
   9 | import "./globals.css";
  10 |

Import map: aliased to relative './src/components/SiteFooter' inside of [project]/

https://nextjs.org/docs/messages/module-not-found @ http://localhost:3000/_next/static/chunks/node_modules_next_dist_1gdrd03._.js:1945
[112673699ms] [ERROR] ./src/app/layout.tsx:7:1
Module not found: Can't resolve '@/components/SiteFooter'
   5 |   IBM_Plex_Sans_Condensed,
   6 | } from "next/font/google";
>  7 | import { SiteFooter } from "@/components/SiteFooter";
     | ^^^^^^^^^^^^^^^^^^^^^^^^^^^^^^^^^^^^^^^^^^^^^^^^^^^^^
   8 | import { SiteHeader } from "@/components/SiteHeader";
   9 | import "./globals.css";
  10 |

Import map: aliased to relative './src/components/SiteFooter' inside of [project]/

https://nextjs.org/docs/messages/module-not-found @ http://localhost:3000/_next/static/chunks/node_modules_next_dist_1gdrd03._.js:1945
[112673762ms] [ERROR] ./src/app/layout.tsx:7:1
Module not found: Can't resolve '@/components/SiteFooter'
   5 |   IBM_Plex_Sans_Condensed,
   6 | } from "next/font/google";
>  7 | import { SiteFooter } from "@/components/SiteFooter";
     | ^^^^^^^^^^^^^^^^^^^^^^^^^^^^^^^^^^^^^^^^^^^^^^^^^^^^^
   8 | import { SiteHeader } from "@/components/SiteHeader";
   9 | import "./globals.css";
  10 |

Import map: aliased to relative './src/components/SiteFooter' inside of [project]/

https://nextjs.org/docs/messages/module-not-found @ http://localhost:3000/_next/static/chunks/node_modules_next_dist_1gdrd03._.js:1945
[112673825ms] [ERROR] ./src/app/layout.tsx:7:1
Module not found: Can't resolve '@/components/SiteFooter'
   5 |   IBM_Plex_Sans_Condensed,
   6 | } from "next/font/google";
>  7 | import { SiteFooter } from "@/components/SiteFooter";
     | ^^^^^^^^^^^^^^^^^^^^^^^^^^^^^^^^^^^^^^^^^^^^^^^^^^^^^
   8 | import { SiteHeader } from "@/components/SiteHeader";
   9 | import "./globals.css";
  10 |

Import map: aliased to relative './src/components/SiteFooter' inside of [project]/

https://nextjs.org/docs/messages/module-not-found @ http://localhost:3000/_next/static/chunks/node_modules_next_dist_1gdrd03._.js:1945
[112673887ms] [ERROR] ./src/app/layout.tsx:7:1
Module not found: Can't resolve '@/components/SiteFooter'
   5 |   IBM_Plex_Sans_Condensed,
   6 | } from "next/font/google";
>  7 | import { SiteFooter } from "@/components/SiteFooter";
     | ^^^^^^^^^^^^^^^^^^^^^^^^^^^^^^^^^^^^^^^^^^^^^^^^^^^^^
   8 | import { SiteHeader } from "@/components/SiteHeader";
   9 | import "./globals.css";
  10 |

Import map: aliased to relative './src/components/SiteFooter' inside of [project]/

https://nextjs.org/docs/messages/module-not-found @ http://localhost:3000/_next/static/chunks/node_modules_next_dist_1gdrd03._.js:1945
[112673948ms] [ERROR] ./src/app/layout.tsx:7:1
Module not found: Can't resolve '@/components/SiteFooter'
   5 |   IBM_Plex_Sans_Condensed,
   6 | } from "next/font/google";
>  7 | import { SiteFooter } from "@/components/SiteFooter";
     | ^^^^^^^^^^^^^^^^^^^^^^^^^^^^^^^^^^^^^^^^^^^^^^^^^^^^^
   8 | import { SiteHeader } from "@/components/SiteHeader";
   9 | import "./globals.css";
  10 |

Import map: aliased to relative './src/components/SiteFooter' inside of [project]/

https://nextjs.org/docs/messages/module-not-found @ http://localhost:3000/_next/static/chunks/node_modules_next_dist_1gdrd03._.js:1945
[112674010ms] [ERROR] ./src/app/layout.tsx:7:1
Module not found: Can't resolve '@/components/SiteFooter'
   5 |   IBM_Plex_Sans_Condensed,
   6 | } from "next/font/google";
>  7 | import { SiteFooter } from "@/components/SiteFooter";
     | ^^^^^^^^^^^^^^^^^^^^^^^^^^^^^^^^^^^^^^^^^^^^^^^^^^^^^
   8 | import { SiteHeader } from "@/components/SiteHeader";
   9 | import "./globals.css";
  10 |

Import map: aliased to relative './src/components/SiteFooter' inside of [project]/

https://nextjs.org/docs/messages/module-not-found @ http://localhost:3000/_next/static/chunks/node_modules_next_dist_1gdrd03._.js:1945
[112674072ms] [ERROR] ./src/app/layout.tsx:7:1
Module not found: Can't resolve '@/components/SiteFooter'
   5 |   IBM_Plex_Sans_Condensed,
   6 | } from "next/font/google";
>  7 | import { SiteFooter } from "@/components/SiteFooter";
     | ^^^^^^^^^^^^^^^^^^^^^^^^^^^^^^^^^^^^^^^^^^^^^^^^^^^^^
   8 | import { SiteHeader } from "@/components/SiteHeader";
   9 | import "./globals.css";
  10 |

Import map: aliased to relative './src/components/SiteFooter' inside of [project]/

https://nextjs.org/docs/messages/module-not-found @ http://localhost:3000/_next/static/chunks/node_modules_next_dist_1gdrd03._.js:1945
[112674135ms] [ERROR] ./src/app/layout.tsx:7:1
Module not found: Can't resolve '@/components/SiteFooter'
   5 |   IBM_Plex_Sans_Condensed,
   6 | } from "next/font/google";
>  7 | import { SiteFooter } from "@/components/SiteFooter";
     | ^^^^^^^^^^^^^^^^^^^^^^^^^^^^^^^^^^^^^^^^^^^^^^^^^^^^^
   8 | import { SiteHeader } from "@/components/SiteHeader";
   9 | import "./globals.css";
  10 |

Import map: aliased to relative './src/components/SiteFooter' inside of [project]/

https://nextjs.org/docs/messages/module-not-found @ http://localhost:3000/_next/static/chunks/node_modules_next_dist_1gdrd03._.js:1945
[112674197ms] [ERROR] ./src/app/layout.tsx:7:1
Module not found: Can't resolve '@/components/SiteFooter'
   5 |   IBM_Plex_Sans_Condensed,
   6 | } from "next/font/google";
>  7 | import { SiteFooter } from "@/components/SiteFooter";
     | ^^^^^^^^^^^^^^^^^^^^^^^^^^^^^^^^^^^^^^^^^^^^^^^^^^^^^
   8 | import { SiteHeader } from "@/components/SiteHeader";
   9 | import "./globals.css";
  10 |

Import map: aliased to relative './src/components/SiteFooter' inside of [project]/

https://nextjs.org/docs/messages/module-not-found @ http://localhost:3000/_next/static/chunks/node_modules_next_dist_1gdrd03._.js:1945
[112674260ms] [ERROR] ./src/app/layout.tsx:7:1
Module not found: Can't resolve '@/components/SiteFooter'
   5 |   IBM_Plex_Sans_Condensed,
   6 | } from "next/font/google";
>  7 | import { SiteFooter } from "@/components/SiteFooter";
     | ^^^^^^^^^^^^^^^^^^^^^^^^^^^^^^^^^^^^^^^^^^^^^^^^^^^^^
   8 | import { SiteHeader } from "@/components/SiteHeader";
   9 | import "./globals.css";
  10 |

Import map: aliased to relative './src/components/SiteFooter' inside of [project]/

https://nextjs.org/docs/messages/module-not-found @ http://localhost:3000/_next/static/chunks/node_modules_next_dist_1gdrd03._.js:1945
[112674321ms] [ERROR] ./src/app/layout.tsx:7:1
Module not found: Can't resolve '@/components/SiteFooter'
   5 |   IBM_Plex_Sans_Condensed,
   6 | } from "next/font/google";
>  7 | import { SiteFooter } from "@/components/SiteFooter";
     | ^^^^^^^^^^^^^^^^^^^^^^^^^^^^^^^^^^^^^^^^^^^^^^^^^^^^^
   8 | import { SiteHeader } from "@/components/SiteHeader";
   9 | import "./globals.css";
  10 |

Import map: aliased to relative './src/components/SiteFooter' inside of [project]/

https://nextjs.org/docs/messages/module-not-found @ http://localhost:3000/_next/static/chunks/node_modules_next_dist_1gdrd03._.js:1945
[112674383ms] [ERROR] ./src/app/layout.tsx:7:1
Module not found: Can't resolve '@/components/SiteFooter'
   5 |   IBM_Plex_Sans_Condensed,
   6 | } from "next/font/google";
>  7 | import { SiteFooter } from "@/components/SiteFooter";
     | ^^^^^^^^^^^^^^^^^^^^^^^^^^^^^^^^^^^^^^^^^^^^^^^^^^^^^
   8 | import { SiteHeader } from "@/components/SiteHeader";
   9 | import "./globals.css";
  10 |

Import map: aliased to relative './src/components/SiteFooter' inside of [project]/

https://nextjs.org/docs/messages/module-not-found @ http://localhost:3000/_next/static/chunks/node_modules_next_dist_1gdrd03._.js:1945
[112674447ms] [ERROR] ./src/app/layout.tsx:7:1
Module not found: Can't resolve '@/components/SiteFooter'
   5 |   IBM_Plex_Sans_Condensed,
   6 | } from "next/font/google";
>  7 | import { SiteFooter } from "@/components/SiteFooter";
     | ^^^^^^^^^^^^^^^^^^^^^^^^^^^^^^^^^^^^^^^^^^^^^^^^^^^^^
   8 | import { SiteHeader } from "@/components/SiteHeader";
   9 | import "./globals.css";
  10 |

Import map: aliased to relative './src/components/SiteFooter' inside of [project]/

https://nextjs.org/docs/messages/module-not-found @ http://localhost:3000/_next/static/chunks/node_modules_next_dist_1gdrd03._.js:1945
[112674508ms] [ERROR] ./src/app/layout.tsx:7:1
Module not found: Can't resolve '@/components/SiteFooter'
   5 |   IBM_Plex_Sans_Condensed,
   6 | } from "next/font/google";
>  7 | import { SiteFooter } from "@/components/SiteFooter";
     | ^^^^^^^^^^^^^^^^^^^^^^^^^^^^^^^^^^^^^^^^^^^^^^^^^^^^^
   8 | import { SiteHeader } from "@/components/SiteHeader";
   9 | import "./globals.css";
  10 |

Import map: aliased to relative './src/components/SiteFooter' inside of [project]/

https://nextjs.org/docs/messages/module-not-found @ http://localhost:3000/_next/static/chunks/node_modules_next_dist_1gdrd03._.js:1945
[112674571ms] [ERROR] ./src/app/layout.tsx:7:1
Module not found: Can't resolve '@/components/SiteFooter'
   5 |   IBM_Plex_Sans_Condensed,
   6 | } from "next/font/google";
>  7 | import { SiteFooter } from "@/components/SiteFooter";
     | ^^^^^^^^^^^^^^^^^^^^^^^^^^^^^^^^^^^^^^^^^^^^^^^^^^^^^
   8 | import { SiteHeader } from "@/components/SiteHeader";
   9 | import "./globals.css";
  10 |

Import map: aliased to relative './src/components/SiteFooter' inside of [project]/

https://nextjs.org/docs/messages/module-not-found @ http://localhost:3000/_next/static/chunks/node_modules_next_dist_1gdrd03._.js:1945
[112674634ms] [ERROR] ./src/app/layout.tsx:7:1
Module not found: Can't resolve '@/components/SiteFooter'
   5 |   IBM_Plex_Sans_Condensed,
   6 | } from "next/font/google";
>  7 | import { SiteFooter } from "@/components/SiteFooter";
     | ^^^^^^^^^^^^^^^^^^^^^^^^^^^^^^^^^^^^^^^^^^^^^^^^^^^^^
   8 | import { SiteHeader } from "@/components/SiteHeader";
   9 | import "./globals.css";
  10 |

Import map: aliased to relative './src/components/SiteFooter' inside of [project]/

https://nextjs.org/docs/messages/module-not-found @ http://localhost:3000/_next/static/chunks/node_modules_next_dist_1gdrd03._.js:1945
[112674697ms] [ERROR] ./src/app/layout.tsx:7:1
Module not found: Can't resolve '@/components/SiteFooter'
   5 |   IBM_Plex_Sans_Condensed,
   6 | } from "next/font/google";
>  7 | import { SiteFooter } from "@/components/SiteFooter";
     | ^^^^^^^^^^^^^^^^^^^^^^^^^^^^^^^^^^^^^^^^^^^^^^^^^^^^^
   8 | import { SiteHeader } from "@/components/SiteHeader";
   9 | import "./globals.css";
  10 |

Import map: aliased to relative './src/components/SiteFooter' inside of [project]/

https://nextjs.org/docs/messages/module-not-found @ http://localhost:3000/_next/static/chunks/node_modules_next_dist_1gdrd03._.js:1945
[112674758ms] [ERROR] ./src/app/layout.tsx:7:1
Module not found: Can't resolve '@/components/SiteFooter'
   5 |   IBM_Plex_Sans_Condensed,
   6 | } from "next/font/google";
>  7 | import { SiteFooter } from "@/components/SiteFooter";
     | ^^^^^^^^^^^^^^^^^^^^^^^^^^^^^^^^^^^^^^^^^^^^^^^^^^^^^
   8 | import { SiteHeader } from "@/components/SiteHeader";
   9 | import "./globals.css";
  10 |

Import map: aliased to relative './src/components/SiteFooter' inside of [project]/

https://nextjs.org/docs/messages/module-not-found @ http://localhost:3000/_next/static/chunks/node_modules_next_dist_1gdrd03._.js:1945
[112674820ms] [ERROR] ./src/app/layout.tsx:7:1
Module not found: Can't resolve '@/components/SiteFooter'
   5 |   IBM_Plex_Sans_Condensed,
   6 | } from "next/font/google";
>  7 | import { SiteFooter } from "@/components/SiteFooter";
     | ^^^^^^^^^^^^^^^^^^^^^^^^^^^^^^^^^^^^^^^^^^^^^^^^^^^^^
   8 | import { SiteHeader } from "@/components/SiteHeader";
   9 | import "./globals.css";
  10 |

Import map: aliased to relative './src/components/SiteFooter' inside of [project]/

https://nextjs.org/docs/messages/module-not-found @ http://localhost:3000/_next/static/chunks/node_modules_next_dist_1gdrd03._.js:1945
[112674883ms] [ERROR] ./src/app/layout.tsx:7:1
Module not found: Can't resolve '@/components/SiteFooter'
   5 |   IBM_Plex_Sans_Condensed,
   6 | } from "next/font/google";
>  7 | import { SiteFooter } from "@/components/SiteFooter";
     | ^^^^^^^^^^^^^^^^^^^^^^^^^^^^^^^^^^^^^^^^^^^^^^^^^^^^^
   8 | import { SiteHeader } from "@/components/SiteHeader";
   9 | import "./globals.css";
  10 |

Import map: aliased to relative './src/components/SiteFooter' inside of [project]/

https://nextjs.org/docs/messages/module-not-found @ http://localhost:3000/_next/static/chunks/node_modules_next_dist_1gdrd03._.js:1945
[112674944ms] [ERROR] ./src/app/layout.tsx:7:1
Module not found: Can't resolve '@/components/SiteFooter'
   5 |   IBM_Plex_Sans_Condensed,
   6 | } from "next/font/google";
>  7 | import { SiteFooter } from "@/components/SiteFooter";
     | ^^^^^^^^^^^^^^^^^^^^^^^^^^^^^^^^^^^^^^^^^^^^^^^^^^^^^
   8 | import { SiteHeader } from "@/components/SiteHeader";
   9 | import "./globals.css";
  10 |

Import map: aliased to relative './src/components/SiteFooter' inside of [project]/

https://nextjs.org/docs/messages/module-not-found @ http://localhost:3000/_next/static/chunks/node_modules_next_dist_1gdrd03._.js:1945
[112675006ms] [ERROR] ./src/app/layout.tsx:7:1
Module not found: Can't resolve '@/components/SiteFooter'
   5 |   IBM_Plex_Sans_Condensed,
   6 | } from "next/font/google";
>  7 | import { SiteFooter } from "@/components/SiteFooter";
     | ^^^^^^^^^^^^^^^^^^^^^^^^^^^^^^^^^^^^^^^^^^^^^^^^^^^^^
   8 | import { SiteHeader } from "@/components/SiteHeader";
   9 | import "./globals.css";
  10 |

Import map: aliased to relative './src/components/SiteFooter' inside of [project]/

https://nextjs.org/docs/messages/module-not-found @ http://localhost:3000/_next/static/chunks/node_modules_next_dist_1gdrd03._.js:1945
[112675069ms] [ERROR] ./src/app/layout.tsx:7:1
Module not found: Can't resolve '@/components/SiteFooter'
   5 |   IBM_Plex_Sans_Condensed,
   6 | } from "next/font/google";
>  7 | import { SiteFooter } from "@/components/SiteFooter";
     | ^^^^^^^^^^^^^^^^^^^^^^^^^^^^^^^^^^^^^^^^^^^^^^^^^^^^^
   8 | import { SiteHeader } from "@/components/SiteHeader";
   9 | import "./globals.css";
  10 |

Import map: aliased to relative './src/components/SiteFooter' inside of [project]/

https://nextjs.org/docs/messages/module-not-found @ http://localhost:3000/_next/static/chunks/node_modules_next_dist_1gdrd03._.js:1945
[112675131ms] [ERROR] ./src/app/layout.tsx:7:1
Module not found: Can't resolve '@/components/SiteFooter'
   5 |   IBM_Plex_Sans_Condensed,
   6 | } from "next/font/google";
>  7 | import { SiteFooter } from "@/components/SiteFooter";
     | ^^^^^^^^^^^^^^^^^^^^^^^^^^^^^^^^^^^^^^^^^^^^^^^^^^^^^
   8 | import { SiteHeader } from "@/components/SiteHeader";
   9 | import "./globals.css";
  10 |

Import map: aliased to relative './src/components/SiteFooter' inside of [project]/

https://nextjs.org/docs/messages/module-not-found @ http://localhost:3000/_next/static/chunks/node_modules_next_dist_1gdrd03._.js:1945
[112675193ms] [ERROR] ./src/app/layout.tsx:7:1
Module not found: Can't resolve '@/components/SiteFooter'
   5 |   IBM_Plex_Sans_Condensed,
   6 | } from "next/font/google";
>  7 | import { SiteFooter } from "@/components/SiteFooter";
     | ^^^^^^^^^^^^^^^^^^^^^^^^^^^^^^^^^^^^^^^^^^^^^^^^^^^^^
   8 | import { SiteHeader } from "@/components/SiteHeader";
   9 | import "./globals.css";
  10 |

Import map: aliased to relative './src/components/SiteFooter' inside of [project]/

https://nextjs.org/docs/messages/module-not-found @ http://localhost:3000/_next/static/chunks/node_modules_next_dist_1gdrd03._.js:1945
[112675255ms] [ERROR] ./src/app/layout.tsx:7:1
Module not found: Can't resolve '@/components/SiteFooter'
   5 |   IBM_Plex_Sans_Condensed,
   6 | } from "next/font/google";
>  7 | import { SiteFooter } from "@/components/SiteFooter";
     | ^^^^^^^^^^^^^^^^^^^^^^^^^^^^^^^^^^^^^^^^^^^^^^^^^^^^^
   8 | import { SiteHeader } from "@/components/SiteHeader";
   9 | import "./globals.css";
  10 |

Import map: aliased to relative './src/components/SiteFooter' inside of [project]/

https://nextjs.org/docs/messages/module-not-found @ http://localhost:3000/_next/static/chunks/node_modules_next_dist_1gdrd03._.js:1945
[112675317ms] [ERROR] ./src/app/layout.tsx:7:1
Module not found: Can't resolve '@/components/SiteFooter'
   5 |   IBM_Plex_Sans_Condensed,
   6 | } from "next/font/google";
>  7 | import { SiteFooter } from "@/components/SiteFooter";
     | ^^^^^^^^^^^^^^^^^^^^^^^^^^^^^^^^^^^^^^^^^^^^^^^^^^^^^
   8 | import { SiteHeader } from "@/components/SiteHeader";
   9 | import "./globals.css";
  10 |

Import map: aliased to relative './src/components/SiteFooter' inside of [project]/

https://nextjs.org/docs/messages/module-not-found @ http://localhost:3000/_next/static/chunks/node_modules_next_dist_1gdrd03._.js:1945
[112675379ms] [ERROR] ./src/app/layout.tsx:7:1
Module not found: Can't resolve '@/components/SiteFooter'
   5 |   IBM_Plex_Sans_Condensed,
   6 | } from "next/font/google";
>  7 | import { SiteFooter } from "@/components/SiteFooter";
     | ^^^^^^^^^^^^^^^^^^^^^^^^^^^^^^^^^^^^^^^^^^^^^^^^^^^^^
   8 | import { SiteHeader } from "@/components/SiteHeader";
   9 | import "./globals.css";
  10 |

Import map: aliased to relative './src/components/SiteFooter' inside of [project]/

https://nextjs.org/docs/messages/module-not-found @ http://localhost:3000/_next/static/chunks/node_modules_next_dist_1gdrd03._.js:1945
[112675441ms] [ERROR] ./src/app/layout.tsx:7:1
Module not found: Can't resolve '@/components/SiteFooter'
   5 |   IBM_Plex_Sans_Condensed,
   6 | } from "next/font/google";
>  7 | import { SiteFooter } from "@/components/SiteFooter";
     | ^^^^^^^^^^^^^^^^^^^^^^^^^^^^^^^^^^^^^^^^^^^^^^^^^^^^^
   8 | import { SiteHeader } from "@/components/SiteHeader";
   9 | import "./globals.css";
  10 |

Import map: aliased to relative './src/components/SiteFooter' inside of [project]/

https://nextjs.org/docs/messages/module-not-found @ http://localhost:3000/_next/static/chunks/node_modules_next_dist_1gdrd03._.js:1945
[112675504ms] [ERROR] ./src/app/layout.tsx:7:1
Module not found: Can't resolve '@/components/SiteFooter'
   5 |   IBM_Plex_Sans_Condensed,
   6 | } from "next/font/google";
>  7 | import { SiteFooter } from "@/components/SiteFooter";
     | ^^^^^^^^^^^^^^^^^^^^^^^^^^^^^^^^^^^^^^^^^^^^^^^^^^^^^
   8 | import { SiteHeader } from "@/components/SiteHeader";
   9 | import "./globals.css";
  10 |

Import map: aliased to relative './src/components/SiteFooter' inside of [project]/

https://nextjs.org/docs/messages/module-not-found @ http://localhost:3000/_next/static/chunks/node_modules_next_dist_1gdrd03._.js:1945
[112675565ms] [ERROR] ./src/app/layout.tsx:7:1
Module not found: Can't resolve '@/components/SiteFooter'
   5 |   IBM_Plex_Sans_Condensed,
   6 | } from "next/font/google";
>  7 | import { SiteFooter } from "@/components/SiteFooter";
     | ^^^^^^^^^^^^^^^^^^^^^^^^^^^^^^^^^^^^^^^^^^^^^^^^^^^^^
   8 | import { SiteHeader } from "@/components/SiteHeader";
   9 | import "./globals.css";
  10 |

Import map: aliased to relative './src/components/SiteFooter' inside of [project]/

https://nextjs.org/docs/messages/module-not-found @ http://localhost:3000/_next/static/chunks/node_modules_next_dist_1gdrd03._.js:1945
[112675627ms] [ERROR] ./src/app/layout.tsx:7:1
Module not found: Can't resolve '@/components/SiteFooter'
   5 |   IBM_Plex_Sans_Condensed,
   6 | } from "next/font/google";
>  7 | import { SiteFooter } from "@/components/SiteFooter";
     | ^^^^^^^^^^^^^^^^^^^^^^^^^^^^^^^^^^^^^^^^^^^^^^^^^^^^^
   8 | import { SiteHeader } from "@/components/SiteHeader";
   9 | import "./globals.css";
  10 |

Import map: aliased to relative './src/components/SiteFooter' inside of [project]/

https://nextjs.org/docs/messages/module-not-found @ http://localhost:3000/_next/static/chunks/node_modules_next_dist_1gdrd03._.js:1945
[112675690ms] [ERROR] ./src/app/layout.tsx:7:1
Module not found: Can't resolve '@/components/SiteFooter'
   5 |   IBM_Plex_Sans_Condensed,
   6 | } from "next/font/google";
>  7 | import { SiteFooter } from "@/components/SiteFooter";
     | ^^^^^^^^^^^^^^^^^^^^^^^^^^^^^^^^^^^^^^^^^^^^^^^^^^^^^
   8 | import { SiteHeader } from "@/components/SiteHeader";
   9 | import "./globals.css";
  10 |

Import map: aliased to relative './src/components/SiteFooter' inside of [project]/

https://nextjs.org/docs/messages/module-not-found @ http://localhost:3000/_next/static/chunks/node_modules_next_dist_1gdrd03._.js:1945
[112675752ms] [ERROR] ./src/app/layout.tsx:7:1
Module not found: Can't resolve '@/components/SiteFooter'
   5 |   IBM_Plex_Sans_Condensed,
   6 | } from "next/font/google";
>  7 | import { SiteFooter } from "@/components/SiteFooter";
     | ^^^^^^^^^^^^^^^^^^^^^^^^^^^^^^^^^^^^^^^^^^^^^^^^^^^^^
   8 | import { SiteHeader } from "@/components/SiteHeader";
   9 | import "./globals.css";
  10 |

Import map: aliased to relative './src/components/SiteFooter' inside of [project]/

https://nextjs.org/docs/messages/module-not-found @ http://localhost:3000/_next/static/chunks/node_modules_next_dist_1gdrd03._.js:1945
[112675814ms] [ERROR] ./src/app/layout.tsx:7:1
Module not found: Can't resolve '@/components/SiteFooter'
   5 |   IBM_Plex_Sans_Condensed,
   6 | } from "next/font/google";
>  7 | import { SiteFooter } from "@/components/SiteFooter";
     | ^^^^^^^^^^^^^^^^^^^^^^^^^^^^^^^^^^^^^^^^^^^^^^^^^^^^^
   8 | import { SiteHeader } from "@/components/SiteHeader";
   9 | import "./globals.css";
  10 |

Import map: aliased to relative './src/components/SiteFooter' inside of [project]/

https://nextjs.org/docs/messages/module-not-found @ http://localhost:3000/_next/static/chunks/node_modules_next_dist_1gdrd03._.js:1945
[112675876ms] [ERROR] ./src/app/layout.tsx:7:1
Module not found: Can't resolve '@/components/SiteFooter'
   5 |   IBM_Plex_Sans_Condensed,
   6 | } from "next/font/google";
>  7 | import { SiteFooter } from "@/components/SiteFooter";
     | ^^^^^^^^^^^^^^^^^^^^^^^^^^^^^^^^^^^^^^^^^^^^^^^^^^^^^
   8 | import { SiteHeader } from "@/components/SiteHeader";
   9 | import "./globals.css";
  10 |

Import map: aliased to relative './src/components/SiteFooter' inside of [project]/

https://nextjs.org/docs/messages/module-not-found @ http://localhost:3000/_next/static/chunks/node_modules_next_dist_1gdrd03._.js:1945
[112675937ms] [ERROR] ./src/app/layout.tsx:7:1
Module not found: Can't resolve '@/components/SiteFooter'
   5 |   IBM_Plex_Sans_Condensed,
   6 | } from "next/font/google";
>  7 | import { SiteFooter } from "@/components/SiteFooter";
     | ^^^^^^^^^^^^^^^^^^^^^^^^^^^^^^^^^^^^^^^^^^^^^^^^^^^^^
   8 | import { SiteHeader } from "@/components/SiteHeader";
   9 | import "./globals.css";
  10 |

Import map: aliased to relative './src/components/SiteFooter' inside of [project]/

https://nextjs.org/docs/messages/module-not-found @ http://localhost:3000/_next/static/chunks/node_modules_next_dist_1gdrd03._.js:1945
[112676000ms] [ERROR] ./src/app/layout.tsx:7:1
Module not found: Can't resolve '@/components/SiteFooter'
   5 |   IBM_Plex_Sans_Condensed,
   6 | } from "next/font/google";
>  7 | import { SiteFooter } from "@/components/SiteFooter";
     | ^^^^^^^^^^^^^^^^^^^^^^^^^^^^^^^^^^^^^^^^^^^^^^^^^^^^^
   8 | import { SiteHeader } from "@/components/SiteHeader";
   9 | import "./globals.css";
  10 |

Import map: aliased to relative './src/components/SiteFooter' inside of [project]/

https://nextjs.org/docs/messages/module-not-found @ http://localhost:3000/_next/static/chunks/node_modules_next_dist_1gdrd03._.js:1945
[112676062ms] [ERROR] ./src/app/layout.tsx:7:1
Module not found: Can't resolve '@/components/SiteFooter'
   5 |   IBM_Plex_Sans_Condensed,
   6 | } from "next/font/google";
>  7 | import { SiteFooter } from "@/components/SiteFooter";
     | ^^^^^^^^^^^^^^^^^^^^^^^^^^^^^^^^^^^^^^^^^^^^^^^^^^^^^
   8 | import { SiteHeader } from "@/components/SiteHeader";
   9 | import "./globals.css";
  10 |

Import map: aliased to relative './src/components/SiteFooter' inside of [project]/

https://nextjs.org/docs/messages/module-not-found @ http://localhost:3000/_next/static/chunks/node_modules_next_dist_1gdrd03._.js:1945
[112676124ms] [ERROR] ./src/app/layout.tsx:7:1
Module not found: Can't resolve '@/components/SiteFooter'
   5 |   IBM_Plex_Sans_Condensed,
   6 | } from "next/font/google";
>  7 | import { SiteFooter } from "@/components/SiteFooter";
     | ^^^^^^^^^^^^^^^^^^^^^^^^^^^^^^^^^^^^^^^^^^^^^^^^^^^^^
   8 | import { SiteHeader } from "@/components/SiteHeader";
   9 | import "./globals.css";
  10 |

Import map: aliased to relative './src/components/SiteFooter' inside of [project]/

https://nextjs.org/docs/messages/module-not-found @ http://localhost:3000/_next/static/chunks/node_modules_next_dist_1gdrd03._.js:1945
[112676187ms] [ERROR] ./src/app/layout.tsx:7:1
Module not found: Can't resolve '@/components/SiteFooter'
   5 |   IBM_Plex_Sans_Condensed,
   6 | } from "next/font/google";
>  7 | import { SiteFooter } from "@/components/SiteFooter";
     | ^^^^^^^^^^^^^^^^^^^^^^^^^^^^^^^^^^^^^^^^^^^^^^^^^^^^^
   8 | import { SiteHeader } from "@/components/SiteHeader";
   9 | import "./globals.css";
  10 |

Import map: aliased to relative './src/components/SiteFooter' inside of [project]/

https://nextjs.org/docs/messages/module-not-found @ http://localhost:3000/_next/static/chunks/node_modules_next_dist_1gdrd03._.js:1945
[112676249ms] [ERROR] ./src/app/layout.tsx:7:1
Module not found: Can't resolve '@/components/SiteFooter'
   5 |   IBM_Plex_Sans_Condensed,
   6 | } from "next/font/google";
>  7 | import { SiteFooter } from "@/components/SiteFooter";
     | ^^^^^^^^^^^^^^^^^^^^^^^^^^^^^^^^^^^^^^^^^^^^^^^^^^^^^
   8 | import { SiteHeader } from "@/components/SiteHeader";
   9 | import "./globals.css";
  10 |

Import map: aliased to relative './src/components/SiteFooter' inside of [project]/

https://nextjs.org/docs/messages/module-not-found @ http://localhost:3000/_next/static/chunks/node_modules_next_dist_1gdrd03._.js:1945
[112676313ms] [ERROR] ./src/app/layout.tsx:7:1
Module not found: Can't resolve '@/components/SiteFooter'
   5 |   IBM_Plex_Sans_Condensed,
   6 | } from "next/font/google";
>  7 | import { SiteFooter } from "@/components/SiteFooter";
     | ^^^^^^^^^^^^^^^^^^^^^^^^^^^^^^^^^^^^^^^^^^^^^^^^^^^^^
   8 | import { SiteHeader } from "@/components/SiteHeader";
   9 | import "./globals.css";
  10 |

Import map: aliased to relative './src/components/SiteFooter' inside of [project]/

https://nextjs.org/docs/messages/module-not-found @ http://localhost:3000/_next/static/chunks/node_modules_next_dist_1gdrd03._.js:1945
[112676375ms] [ERROR] ./src/app/layout.tsx:7:1
Module not found: Can't resolve '@/components/SiteFooter'
   5 |   IBM_Plex_Sans_Condensed,
   6 | } from "next/font/google";
>  7 | import { SiteFooter } from "@/components/SiteFooter";
     | ^^^^^^^^^^^^^^^^^^^^^^^^^^^^^^^^^^^^^^^^^^^^^^^^^^^^^
   8 | import { SiteHeader } from "@/components/SiteHeader";
   9 | import "./globals.css";
  10 |

Import map: aliased to relative './src/components/SiteFooter' inside of [project]/

https://nextjs.org/docs/messages/module-not-found @ http://localhost:3000/_next/static/chunks/node_modules_next_dist_1gdrd03._.js:1945
[112676436ms] [ERROR] ./src/app/layout.tsx:7:1
Module not found: Can't resolve '@/components/SiteFooter'
   5 |   IBM_Plex_Sans_Condensed,
   6 | } from "next/font/google";
>  7 | import { SiteFooter } from "@/components/SiteFooter";
     | ^^^^^^^^^^^^^^^^^^^^^^^^^^^^^^^^^^^^^^^^^^^^^^^^^^^^^
   8 | import { SiteHeader } from "@/components/SiteHeader";
   9 | import "./globals.css";
  10 |

Import map: aliased to relative './src/components/SiteFooter' inside of [project]/

https://nextjs.org/docs/messages/module-not-found @ http://localhost:3000/_next/static/chunks/node_modules_next_dist_1gdrd03._.js:1945
[112676499ms] [ERROR] ./src/app/layout.tsx:7:1
Module not found: Can't resolve '@/components/SiteFooter'
   5 |   IBM_Plex_Sans_Condensed,
   6 | } from "next/font/google";
>  7 | import { SiteFooter } from "@/components/SiteFooter";
     | ^^^^^^^^^^^^^^^^^^^^^^^^^^^^^^^^^^^^^^^^^^^^^^^^^^^^^
   8 | import { SiteHeader } from "@/components/SiteHeader";
   9 | import "./globals.css";
  10 |

Import map: aliased to relative './src/components/SiteFooter' inside of [project]/

https://nextjs.org/docs/messages/module-not-found @ http://localhost:3000/_next/static/chunks/node_modules_next_dist_1gdrd03._.js:1945
[112676562ms] [ERROR] ./src/app/layout.tsx:7:1
Module not found: Can't resolve '@/components/SiteFooter'
   5 |   IBM_Plex_Sans_Condensed,
   6 | } from "next/font/google";
>  7 | import { SiteFooter } from "@/components/SiteFooter";
     | ^^^^^^^^^^^^^^^^^^^^^^^^^^^^^^^^^^^^^^^^^^^^^^^^^^^^^
   8 | import { SiteHeader } from "@/components/SiteHeader";
   9 | import "./globals.css";
  10 |

Import map: aliased to relative './src/components/SiteFooter' inside of [project]/

https://nextjs.org/docs/messages/module-not-found @ http://localhost:3000/_next/static/chunks/node_modules_next_dist_1gdrd03._.js:1945
[112676624ms] [ERROR] ./src/app/layout.tsx:7:1
Module not found: Can't resolve '@/components/SiteFooter'
   5 |   IBM_Plex_Sans_Condensed,
   6 | } from "next/font/google";
>  7 | import { SiteFooter } from "@/components/SiteFooter";
     | ^^^^^^^^^^^^^^^^^^^^^^^^^^^^^^^^^^^^^^^^^^^^^^^^^^^^^
   8 | import { SiteHeader } from "@/components/SiteHeader";
   9 | import "./globals.css";
  10 |

Import map: aliased to relative './src/components/SiteFooter' inside of [project]/

https://nextjs.org/docs/messages/module-not-found @ http://localhost:3000/_next/static/chunks/node_modules_next_dist_1gdrd03._.js:1945
[112676685ms] [ERROR] ./src/app/layout.tsx:7:1
Module not found: Can't resolve '@/components/SiteFooter'
   5 |   IBM_Plex_Sans_Condensed,
   6 | } from "next/font/google";
>  7 | import { SiteFooter } from "@/components/SiteFooter";
     | ^^^^^^^^^^^^^^^^^^^^^^^^^^^^^^^^^^^^^^^^^^^^^^^^^^^^^
   8 | import { SiteHeader } from "@/components/SiteHeader";
   9 | import "./globals.css";
  10 |

Import map: aliased to relative './src/components/SiteFooter' inside of [project]/

https://nextjs.org/docs/messages/module-not-found @ http://localhost:3000/_next/static/chunks/node_modules_next_dist_1gdrd03._.js:1945
[112676749ms] [ERROR] ./src/app/layout.tsx:7:1
Module not found: Can't resolve '@/components/SiteFooter'
   5 |   IBM_Plex_Sans_Condensed,
   6 | } from "next/font/google";
>  7 | import { SiteFooter } from "@/components/SiteFooter";
     | ^^^^^^^^^^^^^^^^^^^^^^^^^^^^^^^^^^^^^^^^^^^^^^^^^^^^^
   8 | import { SiteHeader } from "@/components/SiteHeader";
   9 | import "./globals.css";
  10 |

Import map: aliased to relative './src/components/SiteFooter' inside of [project]/

https://nextjs.org/docs/messages/module-not-found @ http://localhost:3000/_next/static/chunks/node_modules_next_dist_1gdrd03._.js:1945
[112676811ms] [ERROR] ./src/app/layout.tsx:7:1
Module not found: Can't resolve '@/components/SiteFooter'
   5 |   IBM_Plex_Sans_Condensed,
   6 | } from "next/font/google";
>  7 | import { SiteFooter } from "@/components/SiteFooter";
     | ^^^^^^^^^^^^^^^^^^^^^^^^^^^^^^^^^^^^^^^^^^^^^^^^^^^^^
   8 | import { SiteHeader } from "@/components/SiteHeader";
   9 | import "./globals.css";
  10 |

Import map: aliased to relative './src/components/SiteFooter' inside of [project]/

https://nextjs.org/docs/messages/module-not-found @ http://localhost:3000/_next/static/chunks/node_modules_next_dist_1gdrd03._.js:1945
[112676874ms] [ERROR] ./src/app/layout.tsx:7:1
Module not found: Can't resolve '@/components/SiteFooter'
   5 |   IBM_Plex_Sans_Condensed,
   6 | } from "next/font/google";
>  7 | import { SiteFooter } from "@/components/SiteFooter";
     | ^^^^^^^^^^^^^^^^^^^^^^^^^^^^^^^^^^^^^^^^^^^^^^^^^^^^^
   8 | import { SiteHeader } from "@/components/SiteHeader";
   9 | import "./globals.css";
  10 |

Import map: aliased to relative './src/components/SiteFooter' inside of [project]/

https://nextjs.org/docs/messages/module-not-found @ http://localhost:3000/_next/static/chunks/node_modules_next_dist_1gdrd03._.js:1945
[112676934ms] [ERROR] ./src/app/layout.tsx:7:1
Module not found: Can't resolve '@/components/SiteFooter'
   5 |   IBM_Plex_Sans_Condensed,
   6 | } from "next/font/google";
>  7 | import { SiteFooter } from "@/components/SiteFooter";
     | ^^^^^^^^^^^^^^^^^^^^^^^^^^^^^^^^^^^^^^^^^^^^^^^^^^^^^
   8 | import { SiteHeader } from "@/components/SiteHeader";
   9 | import "./globals.css";
  10 |

Import map: aliased to relative './src/components/SiteFooter' inside of [project]/

https://nextjs.org/docs/messages/module-not-found @ http://localhost:3000/_next/static/chunks/node_modules_next_dist_1gdrd03._.js:1945
[112676997ms] [ERROR] ./src/app/layout.tsx:7:1
Module not found: Can't resolve '@/components/SiteFooter'
   5 |   IBM_Plex_Sans_Condensed,
   6 | } from "next/font/google";
>  7 | import { SiteFooter } from "@/components/SiteFooter";
     | ^^^^^^^^^^^^^^^^^^^^^^^^^^^^^^^^^^^^^^^^^^^^^^^^^^^^^
   8 | import { SiteHeader } from "@/components/SiteHeader";
   9 | import "./globals.css";
  10 |

Import map: aliased to relative './src/components/SiteFooter' inside of [project]/

https://nextjs.org/docs/messages/module-not-found @ http://localhost:3000/_next/static/chunks/node_modules_next_dist_1gdrd03._.js:1945
[112677059ms] [ERROR] ./src/app/layout.tsx:7:1
Module not found: Can't resolve '@/components/SiteFooter'
   5 |   IBM_Plex_Sans_Condensed,
   6 | } from "next/font/google";
>  7 | import { SiteFooter } from "@/components/SiteFooter";
     | ^^^^^^^^^^^^^^^^^^^^^^^^^^^^^^^^^^^^^^^^^^^^^^^^^^^^^
   8 | import { SiteHeader } from "@/components/SiteHeader";
   9 | import "./globals.css";
  10 |

Import map: aliased to relative './src/components/SiteFooter' inside of [project]/

https://nextjs.org/docs/messages/module-not-found @ http://localhost:3000/_next/static/chunks/node_modules_next_dist_1gdrd03._.js:1945
[112677121ms] [ERROR] ./src/app/layout.tsx:7:1
Module not found: Can't resolve '@/components/SiteFooter'
   5 |   IBM_Plex_Sans_Condensed,
   6 | } from "next/font/google";
>  7 | import { SiteFooter } from "@/components/SiteFooter";
     | ^^^^^^^^^^^^^^^^^^^^^^^^^^^^^^^^^^^^^^^^^^^^^^^^^^^^^
   8 | import { SiteHeader } from "@/components/SiteHeader";
   9 | import "./globals.css";
  10 |

Import map: aliased to relative './src/components/SiteFooter' inside of [project]/

https://nextjs.org/docs/messages/module-not-found @ http://localhost:3000/_next/static/chunks/node_modules_next_dist_1gdrd03._.js:1945
[112677185ms] [ERROR] ./src/app/layout.tsx:7:1
Module not found: Can't resolve '@/components/SiteFooter'
   5 |   IBM_Plex_Sans_Condensed,
   6 | } from "next/font/google";
>  7 | import { SiteFooter } from "@/components/SiteFooter";
     | ^^^^^^^^^^^^^^^^^^^^^^^^^^^^^^^^^^^^^^^^^^^^^^^^^^^^^
   8 | import { SiteHeader } from "@/components/SiteHeader";
   9 | import "./globals.css";
  10 |

Import map: aliased to relative './src/components/SiteFooter' inside of [project]/

https://nextjs.org/docs/messages/module-not-found @ http://localhost:3000/_next/static/chunks/node_modules_next_dist_1gdrd03._.js:1945
[112677246ms] [ERROR] ./src/app/layout.tsx:7:1
Module not found: Can't resolve '@/components/SiteFooter'
   5 |   IBM_Plex_Sans_Condensed,
   6 | } from "next/font/google";
>  7 | import { SiteFooter } from "@/components/SiteFooter";
     | ^^^^^^^^^^^^^^^^^^^^^^^^^^^^^^^^^^^^^^^^^^^^^^^^^^^^^
   8 | import { SiteHeader } from "@/components/SiteHeader";
   9 | import "./globals.css";
  10 |

Import map: aliased to relative './src/components/SiteFooter' inside of [project]/

https://nextjs.org/docs/messages/module-not-found @ http://localhost:3000/_next/static/chunks/node_modules_next_dist_1gdrd03._.js:1945
[112677307ms] [ERROR] ./src/app/layout.tsx:7:1
Module not found: Can't resolve '@/components/SiteFooter'
   5 |   IBM_Plex_Sans_Condensed,
   6 | } from "next/font/google";
>  7 | import { SiteFooter } from "@/components/SiteFooter";
     | ^^^^^^^^^^^^^^^^^^^^^^^^^^^^^^^^^^^^^^^^^^^^^^^^^^^^^
   8 | import { SiteHeader } from "@/components/SiteHeader";
   9 | import "./globals.css";
  10 |

Import map: aliased to relative './src/components/SiteFooter' inside of [project]/

https://nextjs.org/docs/messages/module-not-found @ http://localhost:3000/_next/static/chunks/node_modules_next_dist_1gdrd03._.js:1945
[112677369ms] [ERROR] ./src/app/layout.tsx:7:1
Module not found: Can't resolve '@/components/SiteFooter'
   5 |   IBM_Plex_Sans_Condensed,
   6 | } from "next/font/google";
>  7 | import { SiteFooter } from "@/components/SiteFooter";
     | ^^^^^^^^^^^^^^^^^^^^^^^^^^^^^^^^^^^^^^^^^^^^^^^^^^^^^
   8 | import { SiteHeader } from "@/components/SiteHeader";
   9 | import "./globals.css";
  10 |

Import map: aliased to relative './src/components/SiteFooter' inside of [project]/

https://nextjs.org/docs/messages/module-not-found @ http://localhost:3000/_next/static/chunks/node_modules_next_dist_1gdrd03._.js:1945
[112677431ms] [ERROR] ./src/app/layout.tsx:7:1
Module not found: Can't resolve '@/components/SiteFooter'
   5 |   IBM_Plex_Sans_Condensed,
   6 | } from "next/font/google";
>  7 | import { SiteFooter } from "@/components/SiteFooter";
     | ^^^^^^^^^^^^^^^^^^^^^^^^^^^^^^^^^^^^^^^^^^^^^^^^^^^^^
   8 | import { SiteHeader } from "@/components/SiteHeader";
   9 | import "./globals.css";
  10 |

Import map: aliased to relative './src/components/SiteFooter' inside of [project]/

https://nextjs.org/docs/messages/module-not-found @ http://localhost:3000/_next/static/chunks/node_modules_next_dist_1gdrd03._.js:1945
[112677492ms] [ERROR] ./src/app/layout.tsx:7:1
Module not found: Can't resolve '@/components/SiteFooter'
   5 |   IBM_Plex_Sans_Condensed,
   6 | } from "next/font/google";
>  7 | import { SiteFooter } from "@/components/SiteFooter";
     | ^^^^^^^^^^^^^^^^^^^^^^^^^^^^^^^^^^^^^^^^^^^^^^^^^^^^^
   8 | import { SiteHeader } from "@/components/SiteHeader";
   9 | import "./globals.css";
  10 |

Import map: aliased to relative './src/components/SiteFooter' inside of [project]/

https://nextjs.org/docs/messages/module-not-found @ http://localhost:3000/_next/static/chunks/node_modules_next_dist_1gdrd03._.js:1945
[112677554ms] [ERROR] ./src/app/layout.tsx:7:1
Module not found: Can't resolve '@/components/SiteFooter'
   5 |   IBM_Plex_Sans_Condensed,
   6 | } from "next/font/google";
>  7 | import { SiteFooter } from "@/components/SiteFooter";
     | ^^^^^^^^^^^^^^^^^^^^^^^^^^^^^^^^^^^^^^^^^^^^^^^^^^^^^
   8 | import { SiteHeader } from "@/components/SiteHeader";
   9 | import "./globals.css";
  10 |

Import map: aliased to relative './src/components/SiteFooter' inside of [project]/

https://nextjs.org/docs/messages/module-not-found @ http://localhost:3000/_next/static/chunks/node_modules_next_dist_1gdrd03._.js:1945
[112677617ms] [ERROR] ./src/app/layout.tsx:7:1
Module not found: Can't resolve '@/components/SiteFooter'
   5 |   IBM_Plex_Sans_Condensed,
   6 | } from "next/font/google";
>  7 | import { SiteFooter } from "@/components/SiteFooter";
     | ^^^^^^^^^^^^^^^^^^^^^^^^^^^^^^^^^^^^^^^^^^^^^^^^^^^^^
   8 | import { SiteHeader } from "@/components/SiteHeader";
   9 | import "./globals.css";
  10 |

Import map: aliased to relative './src/components/SiteFooter' inside of [project]/

https://nextjs.org/docs/messages/module-not-found @ http://localhost:3000/_next/static/chunks/node_modules_next_dist_1gdrd03._.js:1945
[112677680ms] [ERROR] ./src/app/layout.tsx:7:1
Module not found: Can't resolve '@/components/SiteFooter'
   5 |   IBM_Plex_Sans_Condensed,
   6 | } from "next/font/google";
>  7 | import { SiteFooter } from "@/components/SiteFooter";
     | ^^^^^^^^^^^^^^^^^^^^^^^^^^^^^^^^^^^^^^^^^^^^^^^^^^^^^
   8 | import { SiteHeader } from "@/components/SiteHeader";
   9 | import "./globals.css";
  10 |

Import map: aliased to relative './src/components/SiteFooter' inside of [project]/

https://nextjs.org/docs/messages/module-not-found @ http://localhost:3000/_next/static/chunks/node_modules_next_dist_1gdrd03._.js:1945
[112677742ms] [ERROR] ./src/app/layout.tsx:7:1
Module not found: Can't resolve '@/components/SiteFooter'
   5 |   IBM_Plex_Sans_Condensed,
   6 | } from "next/font/google";
>  7 | import { SiteFooter } from "@/components/SiteFooter";
     | ^^^^^^^^^^^^^^^^^^^^^^^^^^^^^^^^^^^^^^^^^^^^^^^^^^^^^
   8 | import { SiteHeader } from "@/components/SiteHeader";
   9 | import "./globals.css";
  10 |

Import map: aliased to relative './src/components/SiteFooter' inside of [project]/

https://nextjs.org/docs/messages/module-not-found @ http://localhost:3000/_next/static/chunks/node_modules_next_dist_1gdrd03._.js:1945
[112677802ms] [ERROR] ./src/app/layout.tsx:7:1
Module not found: Can't resolve '@/components/SiteFooter'
   5 |   IBM_Plex_Sans_Condensed,
   6 | } from "next/font/google";
>  7 | import { SiteFooter } from "@/components/SiteFooter";
     | ^^^^^^^^^^^^^^^^^^^^^^^^^^^^^^^^^^^^^^^^^^^^^^^^^^^^^
   8 | import { SiteHeader } from "@/components/SiteHeader";
   9 | import "./globals.css";
  10 |

Import map: aliased to relative './src/components/SiteFooter' inside of [project]/

https://nextjs.org/docs/messages/module-not-found @ http://localhost:3000/_next/static/chunks/node_modules_next_dist_1gdrd03._.js:1945
[112677866ms] [ERROR] ./src/app/layout.tsx:7:1
Module not found: Can't resolve '@/components/SiteFooter'
   5 |   IBM_Plex_Sans_Condensed,
   6 | } from "next/font/google";
>  7 | import { SiteFooter } from "@/components/SiteFooter";
     | ^^^^^^^^^^^^^^^^^^^^^^^^^^^^^^^^^^^^^^^^^^^^^^^^^^^^^
   8 | import { SiteHeader } from "@/components/SiteHeader";
   9 | import "./globals.css";
  10 |

Import map: aliased to relative './src/components/SiteFooter' inside of [project]/

https://nextjs.org/docs/messages/module-not-found @ http://localhost:3000/_next/static/chunks/node_modules_next_dist_1gdrd03._.js:1945
[112677928ms] [ERROR] ./src/app/layout.tsx:7:1
Module not found: Can't resolve '@/components/SiteFooter'
   5 |   IBM_Plex_Sans_Condensed,
   6 | } from "next/font/google";
>  7 | import { SiteFooter } from "@/components/SiteFooter";
     | ^^^^^^^^^^^^^^^^^^^^^^^^^^^^^^^^^^^^^^^^^^^^^^^^^^^^^
   8 | import { SiteHeader } from "@/components/SiteHeader";
   9 | import "./globals.css";
  10 |

Import map: aliased to relative './src/components/SiteFooter' inside of [project]/

https://nextjs.org/docs/messages/module-not-found @ http://localhost:3000/_next/static/chunks/node_modules_next_dist_1gdrd03._.js:1945
[112677990ms] [ERROR] ./src/app/layout.tsx:7:1
Module not found: Can't resolve '@/components/SiteFooter'
   5 |   IBM_Plex_Sans_Condensed,
   6 | } from "next/font/google";
>  7 | import { SiteFooter } from "@/components/SiteFooter";
     | ^^^^^^^^^^^^^^^^^^^^^^^^^^^^^^^^^^^^^^^^^^^^^^^^^^^^^
   8 | import { SiteHeader } from "@/components/SiteHeader";
   9 | import "./globals.css";
  10 |

Import map: aliased to relative './src/components/SiteFooter' inside of [project]/

https://nextjs.org/docs/messages/module-not-found @ http://localhost:3000/_next/static/chunks/node_modules_next_dist_1gdrd03._.js:1945
[112678051ms] [ERROR] ./src/app/layout.tsx:7:1
Module not found: Can't resolve '@/components/SiteFooter'
   5 |   IBM_Plex_Sans_Condensed,
   6 | } from "next/font/google";
>  7 | import { SiteFooter } from "@/components/SiteFooter";
     | ^^^^^^^^^^^^^^^^^^^^^^^^^^^^^^^^^^^^^^^^^^^^^^^^^^^^^
   8 | import { SiteHeader } from "@/components/SiteHeader";
   9 | import "./globals.css";
  10 |

Import map: aliased to relative './src/components/SiteFooter' inside of [project]/

https://nextjs.org/docs/messages/module-not-found @ http://localhost:3000/_next/static/chunks/node_modules_next_dist_1gdrd03._.js:1945
[112678113ms] [ERROR] ./src/app/layout.tsx:7:1
Module not found: Can't resolve '@/components/SiteFooter'
   5 |   IBM_Plex_Sans_Condensed,
   6 | } from "next/font/google";
>  7 | import { SiteFooter } from "@/components/SiteFooter";
     | ^^^^^^^^^^^^^^^^^^^^^^^^^^^^^^^^^^^^^^^^^^^^^^^^^^^^^
   8 | import { SiteHeader } from "@/components/SiteHeader";
   9 | import "./globals.css";
  10 |

Import map: aliased to relative './src/components/SiteFooter' inside of [project]/

https://nextjs.org/docs/messages/module-not-found @ http://localhost:3000/_next/static/chunks/node_modules_next_dist_1gdrd03._.js:1945
[112678176ms] [ERROR] ./src/app/layout.tsx:7:1
Module not found: Can't resolve '@/components/SiteFooter'
   5 |   IBM_Plex_Sans_Condensed,
   6 | } from "next/font/google";
>  7 | import { SiteFooter } from "@/components/SiteFooter";
     | ^^^^^^^^^^^^^^^^^^^^^^^^^^^^^^^^^^^^^^^^^^^^^^^^^^^^^
   8 | import { SiteHeader } from "@/components/SiteHeader";
   9 | import "./globals.css";
  10 |

Import map: aliased to relative './src/components/SiteFooter' inside of [project]/

https://nextjs.org/docs/messages/module-not-found @ http://localhost:3000/_next/static/chunks/node_modules_next_dist_1gdrd03._.js:1945
[112678238ms] [ERROR] ./src/app/layout.tsx:7:1
Module not found: Can't resolve '@/components/SiteFooter'
   5 |   IBM_Plex_Sans_Condensed,
   6 | } from "next/font/google";
>  7 | import { SiteFooter } from "@/components/SiteFooter";
     | ^^^^^^^^^^^^^^^^^^^^^^^^^^^^^^^^^^^^^^^^^^^^^^^^^^^^^
   8 | import { SiteHeader } from "@/components/SiteHeader";
   9 | import "./globals.css";
  10 |

Import map: aliased to relative './src/components/SiteFooter' inside of [project]/

https://nextjs.org/docs/messages/module-not-found @ http://localhost:3000/_next/static/chunks/node_modules_next_dist_1gdrd03._.js:1945
[112678299ms] [ERROR] ./src/app/layout.tsx:7:1
Module not found: Can't resolve '@/components/SiteFooter'
   5 |   IBM_Plex_Sans_Condensed,
   6 | } from "next/font/google";
>  7 | import { SiteFooter } from "@/components/SiteFooter";
     | ^^^^^^^^^^^^^^^^^^^^^^^^^^^^^^^^^^^^^^^^^^^^^^^^^^^^^
   8 | import { SiteHeader } from "@/components/SiteHeader";
   9 | import "./globals.css";
  10 |

Import map: aliased to relative './src/components/SiteFooter' inside of [project]/

https://nextjs.org/docs/messages/module-not-found @ http://localhost:3000/_next/static/chunks/node_modules_next_dist_1gdrd03._.js:1945
[112678362ms] [ERROR] ./src/app/layout.tsx:7:1
Module not found: Can't resolve '@/components/SiteFooter'
   5 |   IBM_Plex_Sans_Condensed,
   6 | } from "next/font/google";
>  7 | import { SiteFooter } from "@/components/SiteFooter";
     | ^^^^^^^^^^^^^^^^^^^^^^^^^^^^^^^^^^^^^^^^^^^^^^^^^^^^^
   8 | import { SiteHeader } from "@/components/SiteHeader";
   9 | import "./globals.css";
  10 |

Import map: aliased to relative './src/components/SiteFooter' inside of [project]/

https://nextjs.org/docs/messages/module-not-found @ http://localhost:3000/_next/static/chunks/node_modules_next_dist_1gdrd03._.js:1945
[112678424ms] [ERROR] ./src/app/layout.tsx:7:1
Module not found: Can't resolve '@/components/SiteFooter'
   5 |   IBM_Plex_Sans_Condensed,
   6 | } from "next/font/google";
>  7 | import { SiteFooter } from "@/components/SiteFooter";
     | ^^^^^^^^^^^^^^^^^^^^^^^^^^^^^^^^^^^^^^^^^^^^^^^^^^^^^
   8 | import { SiteHeader } from "@/components/SiteHeader";
   9 | import "./globals.css";
  10 |

Import map: aliased to relative './src/components/SiteFooter' inside of [project]/

https://nextjs.org/docs/messages/module-not-found @ http://localhost:3000/_next/static/chunks/node_modules_next_dist_1gdrd03._.js:1945
[112678486ms] [ERROR] ./src/app/layout.tsx:7:1
Module not found: Can't resolve '@/components/SiteFooter'
   5 |   IBM_Plex_Sans_Condensed,
   6 | } from "next/font/google";
>  7 | import { SiteFooter } from "@/components/SiteFooter";
     | ^^^^^^^^^^^^^^^^^^^^^^^^^^^^^^^^^^^^^^^^^^^^^^^^^^^^^
   8 | import { SiteHeader } from "@/components/SiteHeader";
   9 | import "./globals.css";
  10 |

Import map: aliased to relative './src/components/SiteFooter' inside of [project]/

https://nextjs.org/docs/messages/module-not-found @ http://localhost:3000/_next/static/chunks/node_modules_next_dist_1gdrd03._.js:1945
[112678548ms] [ERROR] ./src/app/layout.tsx:7:1
Module not found: Can't resolve '@/components/SiteFooter'
   5 |   IBM_Plex_Sans_Condensed,
   6 | } from "next/font/google";
>  7 | import { SiteFooter } from "@/components/SiteFooter";
     | ^^^^^^^^^^^^^^^^^^^^^^^^^^^^^^^^^^^^^^^^^^^^^^^^^^^^^
   8 | import { SiteHeader } from "@/components/SiteHeader";
   9 | import "./globals.css";
  10 |

Import map: aliased to relative './src/components/SiteFooter' inside of [project]/

https://nextjs.org/docs/messages/module-not-found @ http://localhost:3000/_next/static/chunks/node_modules_next_dist_1gdrd03._.js:1945
[112678609ms] [ERROR] ./src/app/layout.tsx:7:1
Module not found: Can't resolve '@/components/SiteFooter'
   5 |   IBM_Plex_Sans_Condensed,
   6 | } from "next/font/google";
>  7 | import { SiteFooter } from "@/components/SiteFooter";
     | ^^^^^^^^^^^^^^^^^^^^^^^^^^^^^^^^^^^^^^^^^^^^^^^^^^^^^
   8 | import { SiteHeader } from "@/components/SiteHeader";
   9 | import "./globals.css";
  10 |

Import map: aliased to relative './src/components/SiteFooter' inside of [project]/

https://nextjs.org/docs/messages/module-not-found @ http://localhost:3000/_next/static/chunks/node_modules_next_dist_1gdrd03._.js:1945
[112678672ms] [ERROR] ./src/app/layout.tsx:7:1
Module not found: Can't resolve '@/components/SiteFooter'
   5 |   IBM_Plex_Sans_Condensed,
   6 | } from "next/font/google";
>  7 | import { SiteFooter } from "@/components/SiteFooter";
     | ^^^^^^^^^^^^^^^^^^^^^^^^^^^^^^^^^^^^^^^^^^^^^^^^^^^^^
   8 | import { SiteHeader } from "@/components/SiteHeader";
   9 | import "./globals.css";
  10 |

Import map: aliased to relative './src/components/SiteFooter' inside of [project]/

https://nextjs.org/docs/messages/module-not-found @ http://localhost:3000/_next/static/chunks/node_modules_next_dist_1gdrd03._.js:1945
[112678734ms] [ERROR] ./src/app/layout.tsx:7:1
Module not found: Can't resolve '@/components/SiteFooter'
   5 |   IBM_Plex_Sans_Condensed,
   6 | } from "next/font/google";
>  7 | import { SiteFooter } from "@/components/SiteFooter";
     | ^^^^^^^^^^^^^^^^^^^^^^^^^^^^^^^^^^^^^^^^^^^^^^^^^^^^^
   8 | import { SiteHeader } from "@/components/SiteHeader";
   9 | import "./globals.css";
  10 |

Import map: aliased to relative './src/components/SiteFooter' inside of [project]/

https://nextjs.org/docs/messages/module-not-found @ http://localhost:3000/_next/static/chunks/node_modules_next_dist_1gdrd03._.js:1945
[112678797ms] [ERROR] ./src/app/layout.tsx:7:1
Module not found: Can't resolve '@/components/SiteFooter'
   5 |   IBM_Plex_Sans_Condensed,
   6 | } from "next/font/google";
>  7 | import { SiteFooter } from "@/components/SiteFooter";
     | ^^^^^^^^^^^^^^^^^^^^^^^^^^^^^^^^^^^^^^^^^^^^^^^^^^^^^
   8 | import { SiteHeader } from "@/components/SiteHeader";
   9 | import "./globals.css";
  10 |

Import map: aliased to relative './src/components/SiteFooter' inside of [project]/

https://nextjs.org/docs/messages/module-not-found @ http://localhost:3000/_next/static/chunks/node_modules_next_dist_1gdrd03._.js:1945
[112678874ms] [ERROR] ./src/app/layout.tsx:7:1
Module not found: Can't resolve '@/components/SiteFooter'
   5 |   IBM_Plex_Sans_Condensed,
   6 | } from "next/font/google";
>  7 | import { SiteFooter } from "@/components/SiteFooter";
     | ^^^^^^^^^^^^^^^^^^^^^^^^^^^^^^^^^^^^^^^^^^^^^^^^^^^^^
   8 | import { SiteHeader } from "@/components/SiteHeader";
   9 | import "./globals.css";
  10 |

Import map: aliased to relative './src/components/SiteFooter' inside of [project]/

https://nextjs.org/docs/messages/module-not-found @ http://localhost:3000/_next/static/chunks/node_modules_next_dist_1gdrd03._.js:1945
[112678935ms] [ERROR] ./src/app/layout.tsx:7:1
Module not found: Can't resolve '@/components/SiteFooter'
   5 |   IBM_Plex_Sans_Condensed,
   6 | } from "next/font/google";
>  7 | import { SiteFooter } from "@/components/SiteFooter";
     | ^^^^^^^^^^^^^^^^^^^^^^^^^^^^^^^^^^^^^^^^^^^^^^^^^^^^^
   8 | import { SiteHeader } from "@/components/SiteHeader";
   9 | import "./globals.css";
  10 |

Import map: aliased to relative './src/components/SiteFooter' inside of [project]/

https://nextjs.org/docs/messages/module-not-found @ http://localhost:3000/_next/static/chunks/node_modules_next_dist_1gdrd03._.js:1945
[112678998ms] [ERROR] ./src/app/layout.tsx:7:1
Module not found: Can't resolve '@/components/SiteFooter'
   5 |   IBM_Plex_Sans_Condensed,
   6 | } from "next/font/google";
>  7 | import { SiteFooter } from "@/components/SiteFooter";
     | ^^^^^^^^^^^^^^^^^^^^^^^^^^^^^^^^^^^^^^^^^^^^^^^^^^^^^
   8 | import { SiteHeader } from "@/components/SiteHeader";
   9 | import "./globals.css";
  10 |

Import map: aliased to relative './src/components/SiteFooter' inside of [project]/

https://nextjs.org/docs/messages/module-not-found @ http://localhost:3000/_next/static/chunks/node_modules_next_dist_1gdrd03._.js:1945
[112679059ms] [ERROR] ./src/app/layout.tsx:7:1
Module not found: Can't resolve '@/components/SiteFooter'
   5 |   IBM_Plex_Sans_Condensed,
   6 | } from "next/font/google";
>  7 | import { SiteFooter } from "@/components/SiteFooter";
     | ^^^^^^^^^^^^^^^^^^^^^^^^^^^^^^^^^^^^^^^^^^^^^^^^^^^^^
   8 | import { SiteHeader } from "@/components/SiteHeader";
   9 | import "./globals.css";
  10 |

Import map: aliased to relative './src/components/SiteFooter' inside of [project]/

https://nextjs.org/docs/messages/module-not-found @ http://localhost:3000/_next/static/chunks/node_modules_next_dist_1gdrd03._.js:1945
[112679122ms] [ERROR] ./src/app/layout.tsx:7:1
Module not found: Can't resolve '@/components/SiteFooter'
   5 |   IBM_Plex_Sans_Condensed,
   6 | } from "next/font/google";
>  7 | import { SiteFooter } from "@/components/SiteFooter";
     | ^^^^^^^^^^^^^^^^^^^^^^^^^^^^^^^^^^^^^^^^^^^^^^^^^^^^^
   8 | import { SiteHeader } from "@/components/SiteHeader";
   9 | import "./globals.css";
  10 |

Import map: aliased to relative './src/components/SiteFooter' inside of [project]/

https://nextjs.org/docs/messages/module-not-found @ http://localhost:3000/_next/static/chunks/node_modules_next_dist_1gdrd03._.js:1945
[112679185ms] [ERROR] ./src/app/layout.tsx:7:1
Module not found: Can't resolve '@/components/SiteFooter'
   5 |   IBM_Plex_Sans_Condensed,
   6 | } from "next/font/google";
>  7 | import { SiteFooter } from "@/components/SiteFooter";
     | ^^^^^^^^^^^^^^^^^^^^^^^^^^^^^^^^^^^^^^^^^^^^^^^^^^^^^
   8 | import { SiteHeader } from "@/components/SiteHeader";
   9 | import "./globals.css";
  10 |

Import map: aliased to relative './src/components/SiteFooter' inside of [project]/

https://nextjs.org/docs/messages/module-not-found @ http://localhost:3000/_next/static/chunks/node_modules_next_dist_1gdrd03._.js:1945
[112679247ms] [ERROR] ./src/app/layout.tsx:7:1
Module not found: Can't resolve '@/components/SiteFooter'
   5 |   IBM_Plex_Sans_Condensed,
   6 | } from "next/font/google";
>  7 | import { SiteFooter } from "@/components/SiteFooter";
     | ^^^^^^^^^^^^^^^^^^^^^^^^^^^^^^^^^^^^^^^^^^^^^^^^^^^^^
   8 | import { SiteHeader } from "@/components/SiteHeader";
   9 | import "./globals.css";
  10 |

Import map: aliased to relative './src/components/SiteFooter' inside of [project]/

https://nextjs.org/docs/messages/module-not-found @ http://localhost:3000/_next/static/chunks/node_modules_next_dist_1gdrd03._.js:1945
[112679308ms] [ERROR] ./src/app/layout.tsx:7:1
Module not found: Can't resolve '@/components/SiteFooter'
   5 |   IBM_Plex_Sans_Condensed,
   6 | } from "next/font/google";
>  7 | import { SiteFooter } from "@/components/SiteFooter";
     | ^^^^^^^^^^^^^^^^^^^^^^^^^^^^^^^^^^^^^^^^^^^^^^^^^^^^^
   8 | import { SiteHeader } from "@/components/SiteHeader";
   9 | import "./globals.css";
  10 |

Import map: aliased to relative './src/components/SiteFooter' inside of [project]/

https://nextjs.org/docs/messages/module-not-found @ http://localhost:3000/_next/static/chunks/node_modules_next_dist_1gdrd03._.js:1945
[112679369ms] [ERROR] ./src/app/layout.tsx:7:1
Module not found: Can't resolve '@/components/SiteFooter'
   5 |   IBM_Plex_Sans_Condensed,
   6 | } from "next/font/google";
>  7 | import { SiteFooter } from "@/components/SiteFooter";
     | ^^^^^^^^^^^^^^^^^^^^^^^^^^^^^^^^^^^^^^^^^^^^^^^^^^^^^
   8 | import { SiteHeader } from "@/components/SiteHeader";
   9 | import "./globals.css";
  10 |

Import map: aliased to relative './src/components/SiteFooter' inside of [project]/

https://nextjs.org/docs/messages/module-not-found @ http://localhost:3000/_next/static/chunks/node_modules_next_dist_1gdrd03._.js:1945
[112679431ms] [ERROR] ./src/app/layout.tsx:7:1
Module not found: Can't resolve '@/components/SiteFooter'
   5 |   IBM_Plex_Sans_Condensed,
   6 | } from "next/font/google";
>  7 | import { SiteFooter } from "@/components/SiteFooter";
     | ^^^^^^^^^^^^^^^^^^^^^^^^^^^^^^^^^^^^^^^^^^^^^^^^^^^^^
   8 | import { SiteHeader } from "@/components/SiteHeader";
   9 | import "./globals.css";
  10 |

Import map: aliased to relative './src/components/SiteFooter' inside of [project]/

https://nextjs.org/docs/messages/module-not-found @ http://localhost:3000/_next/static/chunks/node_modules_next_dist_1gdrd03._.js:1945
[112679494ms] [ERROR] ./src/app/layout.tsx:7:1
Module not found: Can't resolve '@/components/SiteFooter'
   5 |   IBM_Plex_Sans_Condensed,
   6 | } from "next/font/google";
>  7 | import { SiteFooter } from "@/components/SiteFooter";
     | ^^^^^^^^^^^^^^^^^^^^^^^^^^^^^^^^^^^^^^^^^^^^^^^^^^^^^
   8 | import { SiteHeader } from "@/components/SiteHeader";
   9 | import "./globals.css";
  10 |

Import map: aliased to relative './src/components/SiteFooter' inside of [project]/

https://nextjs.org/docs/messages/module-not-found @ http://localhost:3000/_next/static/chunks/node_modules_next_dist_1gdrd03._.js:1945
[112679557ms] [ERROR] ./src/app/layout.tsx:7:1
Module not found: Can't resolve '@/components/SiteFooter'
   5 |   IBM_Plex_Sans_Condensed,
   6 | } from "next/font/google";
>  7 | import { SiteFooter } from "@/components/SiteFooter";
     | ^^^^^^^^^^^^^^^^^^^^^^^^^^^^^^^^^^^^^^^^^^^^^^^^^^^^^
   8 | import { SiteHeader } from "@/components/SiteHeader";
   9 | import "./globals.css";
  10 |

Import map: aliased to relative './src/components/SiteFooter' inside of [project]/

https://nextjs.org/docs/messages/module-not-found @ http://localhost:3000/_next/static/chunks/node_modules_next_dist_1gdrd03._.js:1945
[112679618ms] [ERROR] ./src/app/layout.tsx:7:1
Module not found: Can't resolve '@/components/SiteFooter'
   5 |   IBM_Plex_Sans_Condensed,
   6 | } from "next/font/google";
>  7 | import { SiteFooter } from "@/components/SiteFooter";
     | ^^^^^^^^^^^^^^^^^^^^^^^^^^^^^^^^^^^^^^^^^^^^^^^^^^^^^
   8 | import { SiteHeader } from "@/components/SiteHeader";
   9 | import "./globals.css";
  10 |

Import map: aliased to relative './src/components/SiteFooter' inside of [project]/

https://nextjs.org/docs/messages/module-not-found @ http://localhost:3000/_next/static/chunks/node_modules_next_dist_1gdrd03._.js:1945
[112679680ms] [ERROR] ./src/app/layout.tsx:7:1
Module not found: Can't resolve '@/components/SiteFooter'
   5 |   IBM_Plex_Sans_Condensed,
   6 | } from "next/font/google";
>  7 | import { SiteFooter } from "@/components/SiteFooter";
     | ^^^^^^^^^^^^^^^^^^^^^^^^^^^^^^^^^^^^^^^^^^^^^^^^^^^^^
   8 | import { SiteHeader } from "@/components/SiteHeader";
   9 | import "./globals.css";
  10 |

Import map: aliased to relative './src/components/SiteFooter' inside of [project]/

https://nextjs.org/docs/messages/module-not-found @ http://localhost:3000/_next/static/chunks/node_modules_next_dist_1gdrd03._.js:1945
[112679742ms] [ERROR] ./src/app/layout.tsx:7:1
Module not found: Can't resolve '@/components/SiteFooter'
   5 |   IBM_Plex_Sans_Condensed,
   6 | } from "next/font/google";
>  7 | import { SiteFooter } from "@/components/SiteFooter";
     | ^^^^^^^^^^^^^^^^^^^^^^^^^^^^^^^^^^^^^^^^^^^^^^^^^^^^^
   8 | import { SiteHeader } from "@/components/SiteHeader";
   9 | import "./globals.css";
  10 |

Import map: aliased to relative './src/components/SiteFooter' inside of [project]/

https://nextjs.org/docs/messages/module-not-found @ http://localhost:3000/_next/static/chunks/node_modules_next_dist_1gdrd03._.js:1945
[112679804ms] [ERROR] ./src/app/layout.tsx:7:1
Module not found: Can't resolve '@/components/SiteFooter'
   5 |   IBM_Plex_Sans_Condensed,
   6 | } from "next/font/google";
>  7 | import { SiteFooter } from "@/components/SiteFooter";
     | ^^^^^^^^^^^^^^^^^^^^^^^^^^^^^^^^^^^^^^^^^^^^^^^^^^^^^
   8 | import { SiteHeader } from "@/components/SiteHeader";
   9 | import "./globals.css";
  10 |

Import map: aliased to relative './src/components/SiteFooter' inside of [project]/

https://nextjs.org/docs/messages/module-not-found @ http://localhost:3000/_next/static/chunks/node_modules_next_dist_1gdrd03._.js:1945
[112679867ms] [ERROR] ./src/app/layout.tsx:7:1
Module not found: Can't resolve '@/components/SiteFooter'
   5 |   IBM_Plex_Sans_Condensed,
   6 | } from "next/font/google";
>  7 | import { SiteFooter } from "@/components/SiteFooter";
     | ^^^^^^^^^^^^^^^^^^^^^^^^^^^^^^^^^^^^^^^^^^^^^^^^^^^^^
   8 | import { SiteHeader } from "@/components/SiteHeader";
   9 | import "./globals.css";
  10 |

Import map: aliased to relative './src/components/SiteFooter' inside of [project]/

https://nextjs.org/docs/messages/module-not-found @ http://localhost:3000/_next/static/chunks/node_modules_next_dist_1gdrd03._.js:1945
[112679927ms] [ERROR] ./src/app/layout.tsx:7:1
Module not found: Can't resolve '@/components/SiteFooter'
   5 |   IBM_Plex_Sans_Condensed,
   6 | } from "next/font/google";
>  7 | import { SiteFooter } from "@/components/SiteFooter";
     | ^^^^^^^^^^^^^^^^^^^^^^^^^^^^^^^^^^^^^^^^^^^^^^^^^^^^^
   8 | import { SiteHeader } from "@/components/SiteHeader";
   9 | import "./globals.css";
  10 |

Import map: aliased to relative './src/components/SiteFooter' inside of [project]/

https://nextjs.org/docs/messages/module-not-found @ http://localhost:3000/_next/static/chunks/node_modules_next_dist_1gdrd03._.js:1945
[112679990ms] [ERROR] ./src/app/layout.tsx:7:1
Module not found: Can't resolve '@/components/SiteFooter'
   5 |   IBM_Plex_Sans_Condensed,
   6 | } from "next/font/google";
>  7 | import { SiteFooter } from "@/components/SiteFooter";
     | ^^^^^^^^^^^^^^^^^^^^^^^^^^^^^^^^^^^^^^^^^^^^^^^^^^^^^
   8 | import { SiteHeader } from "@/components/SiteHeader";
   9 | import "./globals.css";
  10 |

Import map: aliased to relative './src/components/SiteFooter' inside of [project]/

https://nextjs.org/docs/messages/module-not-found @ http://localhost:3000/_next/static/chunks/node_modules_next_dist_1gdrd03._.js:1945
[112680052ms] [ERROR] ./src/app/layout.tsx:7:1
Module not found: Can't resolve '@/components/SiteFooter'
   5 |   IBM_Plex_Sans_Condensed,
   6 | } from "next/font/google";
>  7 | import { SiteFooter } from "@/components/SiteFooter";
     | ^^^^^^^^^^^^^^^^^^^^^^^^^^^^^^^^^^^^^^^^^^^^^^^^^^^^^
   8 | import { SiteHeader } from "@/components/SiteHeader";
   9 | import "./globals.css";
  10 |

Import map: aliased to relative './src/components/SiteFooter' inside of [project]/

https://nextjs.org/docs/messages/module-not-found @ http://localhost:3000/_next/static/chunks/node_modules_next_dist_1gdrd03._.js:1945
[112680115ms] [ERROR] ./src/app/layout.tsx:7:1
Module not found: Can't resolve '@/components/SiteFooter'
   5 |   IBM_Plex_Sans_Condensed,
   6 | } from "next/font/google";
>  7 | import { SiteFooter } from "@/components/SiteFooter";
     | ^^^^^^^^^^^^^^^^^^^^^^^^^^^^^^^^^^^^^^^^^^^^^^^^^^^^^
   8 | import { SiteHeader } from "@/components/SiteHeader";
   9 | import "./globals.css";
  10 |

Import map: aliased to relative './src/components/SiteFooter' inside of [project]/

https://nextjs.org/docs/messages/module-not-found @ http://localhost:3000/_next/static/chunks/node_modules_next_dist_1gdrd03._.js:1945
[112680175ms] [ERROR] ./src/app/layout.tsx:7:1
Module not found: Can't resolve '@/components/SiteFooter'
   5 |   IBM_Plex_Sans_Condensed,
   6 | } from "next/font/google";
>  7 | import { SiteFooter } from "@/components/SiteFooter";
     | ^^^^^^^^^^^^^^^^^^^^^^^^^^^^^^^^^^^^^^^^^^^^^^^^^^^^^
   8 | import { SiteHeader } from "@/components/SiteHeader";
   9 | import "./globals.css";
  10 |

Import map: aliased to relative './src/components/SiteFooter' inside of [project]/

https://nextjs.org/docs/messages/module-not-found @ http://localhost:3000/_next/static/chunks/node_modules_next_dist_1gdrd03._.js:1945
[112680238ms] [ERROR] ./src/app/layout.tsx:7:1
Module not found: Can't resolve '@/components/SiteFooter'
   5 |   IBM_Plex_Sans_Condensed,
   6 | } from "next/font/google";
>  7 | import { SiteFooter } from "@/components/SiteFooter";
     | ^^^^^^^^^^^^^^^^^^^^^^^^^^^^^^^^^^^^^^^^^^^^^^^^^^^^^
   8 | import { SiteHeader } from "@/components/SiteHeader";
   9 | import "./globals.css";
  10 |

Import map: aliased to relative './src/components/SiteFooter' inside of [project]/

https://nextjs.org/docs/messages/module-not-found @ http://localhost:3000/_next/static/chunks/node_modules_next_dist_1gdrd03._.js:1945
[112680300ms] [ERROR] ./src/app/layout.tsx:7:1
Module not found: Can't resolve '@/components/SiteFooter'
   5 |   IBM_Plex_Sans_Condensed,
   6 | } from "next/font/google";
>  7 | import { SiteFooter } from "@/components/SiteFooter";
     | ^^^^^^^^^^^^^^^^^^^^^^^^^^^^^^^^^^^^^^^^^^^^^^^^^^^^^
   8 | import { SiteHeader } from "@/components/SiteHeader";
   9 | import "./globals.css";
  10 |

Import map: aliased to relative './src/components/SiteFooter' inside of [project]/

https://nextjs.org/docs/messages/module-not-found @ http://localhost:3000/_next/static/chunks/node_modules_next_dist_1gdrd03._.js:1945
[112680362ms] [ERROR] ./src/app/layout.tsx:7:1
Module not found: Can't resolve '@/components/SiteFooter'
   5 |   IBM_Plex_Sans_Condensed,
   6 | } from "next/font/google";
>  7 | import { SiteFooter } from "@/components/SiteFooter";
     | ^^^^^^^^^^^^^^^^^^^^^^^^^^^^^^^^^^^^^^^^^^^^^^^^^^^^^
   8 | import { SiteHeader } from "@/components/SiteHeader";
   9 | import "./globals.css";
  10 |

Import map: aliased to relative './src/components/SiteFooter' inside of [project]/

https://nextjs.org/docs/messages/module-not-found @ http://localhost:3000/_next/static/chunks/node_modules_next_dist_1gdrd03._.js:1945
[112680424ms] [ERROR] ./src/app/layout.tsx:7:1
Module not found: Can't resolve '@/components/SiteFooter'
   5 |   IBM_Plex_Sans_Condensed,
   6 | } from "next/font/google";
>  7 | import { SiteFooter } from "@/components/SiteFooter";
     | ^^^^^^^^^^^^^^^^^^^^^^^^^^^^^^^^^^^^^^^^^^^^^^^^^^^^^
   8 | import { SiteHeader } from "@/components/SiteHeader";
   9 | import "./globals.css";
  10 |

Import map: aliased to relative './src/components/SiteFooter' inside of [project]/

https://nextjs.org/docs/messages/module-not-found @ http://localhost:3000/_next/static/chunks/node_modules_next_dist_1gdrd03._.js:1945
[112680487ms] [ERROR] ./src/app/layout.tsx:7:1
Module not found: Can't resolve '@/components/SiteFooter'
   5 |   IBM_Plex_Sans_Condensed,
   6 | } from "next/font/google";
>  7 | import { SiteFooter } from "@/components/SiteFooter";
     | ^^^^^^^^^^^^^^^^^^^^^^^^^^^^^^^^^^^^^^^^^^^^^^^^^^^^^
   8 | import { SiteHeader } from "@/components/SiteHeader";
   9 | import "./globals.css";
  10 |

Import map: aliased to relative './src/components/SiteFooter' inside of [project]/

https://nextjs.org/docs/messages/module-not-found @ http://localhost:3000/_next/static/chunks/node_modules_next_dist_1gdrd03._.js:1945
[112680549ms] [ERROR] ./src/app/layout.tsx:7:1
Module not found: Can't resolve '@/components/SiteFooter'
   5 |   IBM_Plex_Sans_Condensed,
   6 | } from "next/font/google";
>  7 | import { SiteFooter } from "@/components/SiteFooter";
     | ^^^^^^^^^^^^^^^^^^^^^^^^^^^^^^^^^^^^^^^^^^^^^^^^^^^^^
   8 | import { SiteHeader } from "@/components/SiteHeader";
   9 | import "./globals.css";
  10 |

Import map: aliased to relative './src/components/SiteFooter' inside of [project]/

https://nextjs.org/docs/messages/module-not-found @ http://localhost:3000/_next/static/chunks/node_modules_next_dist_1gdrd03._.js:1945
[112680611ms] [ERROR] ./src/app/layout.tsx:7:1
Module not found: Can't resolve '@/components/SiteFooter'
   5 |   IBM_Plex_Sans_Condensed,
   6 | } from "next/font/google";
>  7 | import { SiteFooter } from "@/components/SiteFooter";
     | ^^^^^^^^^^^^^^^^^^^^^^^^^^^^^^^^^^^^^^^^^^^^^^^^^^^^^
   8 | import { SiteHeader } from "@/components/SiteHeader";
   9 | import "./globals.css";
  10 |

Import map: aliased to relative './src/components/SiteFooter' inside of [project]/

https://nextjs.org/docs/messages/module-not-found @ http://localhost:3000/_next/static/chunks/node_modules_next_dist_1gdrd03._.js:1945
[112680673ms] [ERROR] ./src/app/layout.tsx:7:1
Module not found: Can't resolve '@/components/SiteFooter'
   5 |   IBM_Plex_Sans_Condensed,
   6 | } from "next/font/google";
>  7 | import { SiteFooter } from "@/components/SiteFooter";
     | ^^^^^^^^^^^^^^^^^^^^^^^^^^^^^^^^^^^^^^^^^^^^^^^^^^^^^
   8 | import { SiteHeader } from "@/components/SiteHeader";
   9 | import "./globals.css";
  10 |

Import map: aliased to relative './src/components/SiteFooter' inside of [project]/

https://nextjs.org/docs/messages/module-not-found @ http://localhost:3000/_next/static/chunks/node_modules_next_dist_1gdrd03._.js:1945
[112680736ms] [ERROR] ./src/app/layout.tsx:7:1
Module not found: Can't resolve '@/components/SiteFooter'
   5 |   IBM_Plex_Sans_Condensed,
   6 | } from "next/font/google";
>  7 | import { SiteFooter } from "@/components/SiteFooter";
     | ^^^^^^^^^^^^^^^^^^^^^^^^^^^^^^^^^^^^^^^^^^^^^^^^^^^^^
   8 | import { SiteHeader } from "@/components/SiteHeader";
   9 | import "./globals.css";
  10 |

Import map: aliased to relative './src/components/SiteFooter' inside of [project]/

https://nextjs.org/docs/messages/module-not-found @ http://localhost:3000/_next/static/chunks/node_modules_next_dist_1gdrd03._.js:1945
[112680792ms] [ERROR] ./src/app/layout.tsx:7:1
Module not found: Can't resolve '@/components/SiteFooter'
   5 |   IBM_Plex_Sans_Condensed,
   6 | } from "next/font/google";
>  7 | import { SiteFooter } from "@/components/SiteFooter";
     | ^^^^^^^^^^^^^^^^^^^^^^^^^^^^^^^^^^^^^^^^^^^^^^^^^^^^^
   8 | import { SiteHeader } from "@/components/SiteHeader";
   9 | import "./globals.css";
  10 |

Import map: aliased to relative './src/components/SiteFooter' inside of [project]/

https://nextjs.org/docs/messages/module-not-found @ http://localhost:3000/_next/static/chunks/node_modules_next_dist_1gdrd03._.js:1945
[112680859ms] [ERROR] ./src/app/layout.tsx:7:1
Module not found: Can't resolve '@/components/SiteFooter'
   5 |   IBM_Plex_Sans_Condensed,
   6 | } from "next/font/google";
>  7 | import { SiteFooter } from "@/components/SiteFooter";
     | ^^^^^^^^^^^^^^^^^^^^^^^^^^^^^^^^^^^^^^^^^^^^^^^^^^^^^
   8 | import { SiteHeader } from "@/components/SiteHeader";
   9 | import "./globals.css";
  10 |

Import map: aliased to relative './src/components/SiteFooter' inside of [project]/

https://nextjs.org/docs/messages/module-not-found @ http://localhost:3000/_next/static/chunks/node_modules_next_dist_1gdrd03._.js:1945
[112680923ms] [ERROR] ./src/app/layout.tsx:7:1
Module not found: Can't resolve '@/components/SiteFooter'
   5 |   IBM_Plex_Sans_Condensed,
   6 | } from "next/font/google";
>  7 | import { SiteFooter } from "@/components/SiteFooter";
     | ^^^^^^^^^^^^^^^^^^^^^^^^^^^^^^^^^^^^^^^^^^^^^^^^^^^^^
   8 | import { SiteHeader } from "@/components/SiteHeader";
   9 | import "./globals.css";
  10 |

Import map: aliased to relative './src/components/SiteFooter' inside of [project]/

https://nextjs.org/docs/messages/module-not-found @ http://localhost:3000/_next/static/chunks/node_modules_next_dist_1gdrd03._.js:1945
[112680983ms] [ERROR] ./src/app/layout.tsx:7:1
Module not found: Can't resolve '@/components/SiteFooter'
   5 |   IBM_Plex_Sans_Condensed,
   6 | } from "next/font/google";
>  7 | import { SiteFooter } from "@/components/SiteFooter";
     | ^^^^^^^^^^^^^^^^^^^^^^^^^^^^^^^^^^^^^^^^^^^^^^^^^^^^^
   8 | import { SiteHeader } from "@/components/SiteHeader";
   9 | import "./globals.css";
  10 |

Import map: aliased to relative './src/components/SiteFooter' inside of [project]/

https://nextjs.org/docs/messages/module-not-found @ http://localhost:3000/_next/static/chunks/node_modules_next_dist_1gdrd03._.js:1945
[112681039ms] [ERROR] ./src/app/layout.tsx:7:1
Module not found: Can't resolve '@/components/SiteFooter'
   5 |   IBM_Plex_Sans_Condensed,
   6 | } from "next/font/google";
>  7 | import { SiteFooter } from "@/components/SiteFooter";
     | ^^^^^^^^^^^^^^^^^^^^^^^^^^^^^^^^^^^^^^^^^^^^^^^^^^^^^
   8 | import { SiteHeader } from "@/components/SiteHeader";
   9 | import "./globals.css";
  10 |

Import map: aliased to relative './src/components/SiteFooter' inside of [project]/

https://nextjs.org/docs/messages/module-not-found @ http://localhost:3000/_next/static/chunks/node_modules_next_dist_1gdrd03._.js:1945
[112681106ms] [ERROR] ./src/app/layout.tsx:7:1
Module not found: Can't resolve '@/components/SiteFooter'
   5 |   IBM_Plex_Sans_Condensed,
   6 | } from "next/font/google";
>  7 | import { SiteFooter } from "@/components/SiteFooter";
     | ^^^^^^^^^^^^^^^^^^^^^^^^^^^^^^^^^^^^^^^^^^^^^^^^^^^^^
   8 | import { SiteHeader } from "@/components/SiteHeader";
   9 | import "./globals.css";
  10 |

Import map: aliased to relative './src/components/SiteFooter' inside of [project]/

https://nextjs.org/docs/messages/module-not-found @ http://localhost:3000/_next/static/chunks/node_modules_next_dist_1gdrd03._.js:1945
[112681173ms] [ERROR] ./src/app/layout.tsx:7:1
Module not found: Can't resolve '@/components/SiteFooter'
   5 |   IBM_Plex_Sans_Condensed,
   6 | } from "next/font/google";
>  7 | import { SiteFooter } from "@/components/SiteFooter";
     | ^^^^^^^^^^^^^^^^^^^^^^^^^^^^^^^^^^^^^^^^^^^^^^^^^^^^^
   8 | import { SiteHeader } from "@/components/SiteHeader";
   9 | import "./globals.css";
  10 |

Import map: aliased to relative './src/components/SiteFooter' inside of [project]/

https://nextjs.org/docs/messages/module-not-found @ http://localhost:3000/_next/static/chunks/node_modules_next_dist_1gdrd03._.js:1945
[112681241ms] [ERROR] ./src/app/layout.tsx:7:1
Module not found: Can't resolve '@/components/SiteFooter'
   5 |   IBM_Plex_Sans_Condensed,
   6 | } from "next/font/google";
>  7 | import { SiteFooter } from "@/components/SiteFooter";
     | ^^^^^^^^^^^^^^^^^^^^^^^^^^^^^^^^^^^^^^^^^^^^^^^^^^^^^
   8 | import { SiteHeader } from "@/components/SiteHeader";
   9 | import "./globals.css";
  10 |

Import map: aliased to relative './src/components/SiteFooter' inside of [project]/

https://nextjs.org/docs/messages/module-not-found @ http://localhost:3000/_next/static/chunks/node_modules_next_dist_1gdrd03._.js:1945
[112681307ms] [ERROR] ./src/app/layout.tsx:7:1
Module not found: Can't resolve '@/components/SiteFooter'
   5 |   IBM_Plex_Sans_Condensed,
   6 | } from "next/font/google";
>  7 | import { SiteFooter } from "@/components/SiteFooter";
     | ^^^^^^^^^^^^^^^^^^^^^^^^^^^^^^^^^^^^^^^^^^^^^^^^^^^^^
   8 | import { SiteHeader } from "@/components/SiteHeader";
   9 | import "./globals.css";
  10 |

Import map: aliased to relative './src/components/SiteFooter' inside of [project]/

https://nextjs.org/docs/messages/module-not-found @ http://localhost:3000/_next/static/chunks/node_modules_next_dist_1gdrd03._.js:1945
[112681360ms] [ERROR] ./src/app/layout.tsx:7:1
Module not found: Can't resolve '@/components/SiteFooter'
   5 |   IBM_Plex_Sans_Condensed,
   6 | } from "next/font/google";
>  7 | import { SiteFooter } from "@/components/SiteFooter";
     | ^^^^^^^^^^^^^^^^^^^^^^^^^^^^^^^^^^^^^^^^^^^^^^^^^^^^^
   8 | import { SiteHeader } from "@/components/SiteHeader";
   9 | import "./globals.css";
  10 |

Import map: aliased to relative './src/components/SiteFooter' inside of [project]/

https://nextjs.org/docs/messages/module-not-found @ http://localhost:3000/_next/static/chunks/node_modules_next_dist_1gdrd03._.js:1945
[112681423ms] [ERROR] ./src/app/layout.tsx:7:1
Module not found: Can't resolve '@/components/SiteFooter'
   5 |   IBM_Plex_Sans_Condensed,
   6 | } from "next/font/google";
>  7 | import { SiteFooter } from "@/components/SiteFooter";
     | ^^^^^^^^^^^^^^^^^^^^^^^^^^^^^^^^^^^^^^^^^^^^^^^^^^^^^
   8 | import { SiteHeader } from "@/components/SiteHeader";
   9 | import "./globals.css";
  10 |

Import map: aliased to relative './src/components/SiteFooter' inside of [project]/

https://nextjs.org/docs/messages/module-not-found @ http://localhost:3000/_next/static/chunks/node_modules_next_dist_1gdrd03._.js:1945
[112681493ms] [ERROR] ./src/app/layout.tsx:7:1
Module not found: Can't resolve '@/components/SiteFooter'
   5 |   IBM_Plex_Sans_Condensed,
   6 | } from "next/font/google";
>  7 | import { SiteFooter } from "@/components/SiteFooter";
     | ^^^^^^^^^^^^^^^^^^^^^^^^^^^^^^^^^^^^^^^^^^^^^^^^^^^^^
   8 | import { SiteHeader } from "@/components/SiteHeader";
   9 | import "./globals.css";
  10 |

Import map: aliased to relative './src/components/SiteFooter' inside of [project]/

https://nextjs.org/docs/messages/module-not-found @ http://localhost:3000/_next/static/chunks/node_modules_next_dist_1gdrd03._.js:1945
[112681557ms] [ERROR] ./src/app/layout.tsx:7:1
Module not found: Can't resolve '@/components/SiteFooter'
   5 |   IBM_Plex_Sans_Condensed,
   6 | } from "next/font/google";
>  7 | import { SiteFooter } from "@/components/SiteFooter";
     | ^^^^^^^^^^^^^^^^^^^^^^^^^^^^^^^^^^^^^^^^^^^^^^^^^^^^^
   8 | import { SiteHeader } from "@/components/SiteHeader";
   9 | import "./globals.css";
  10 |

Import map: aliased to relative './src/components/SiteFooter' inside of [project]/

https://nextjs.org/docs/messages/module-not-found @ http://localhost:3000/_next/static/chunks/node_modules_next_dist_1gdrd03._.js:1945
[112681610ms] [ERROR] ./src/app/layout.tsx:7:1
Module not found: Can't resolve '@/components/SiteFooter'
   5 |   IBM_Plex_Sans_Condensed,
   6 | } from "next/font/google";
>  7 | import { SiteFooter } from "@/components/SiteFooter";
     | ^^^^^^^^^^^^^^^^^^^^^^^^^^^^^^^^^^^^^^^^^^^^^^^^^^^^^
   8 | import { SiteHeader } from "@/components/SiteHeader";
   9 | import "./globals.css";
  10 |

Import map: aliased to relative './src/components/SiteFooter' inside of [project]/

https://nextjs.org/docs/messages/module-not-found @ http://localhost:3000/_next/static/chunks/node_modules_next_dist_1gdrd03._.js:1945
[112681674ms] [ERROR] ./src/app/layout.tsx:7:1
Module not found: Can't resolve '@/components/SiteFooter'
   5 |   IBM_Plex_Sans_Condensed,
   6 | } from "next/font/google";
>  7 | import { SiteFooter } from "@/components/SiteFooter";
     | ^^^^^^^^^^^^^^^^^^^^^^^^^^^^^^^^^^^^^^^^^^^^^^^^^^^^^
   8 | import { SiteHeader } from "@/components/SiteHeader";
   9 | import "./globals.css";
  10 |

Import map: aliased to relative './src/components/SiteFooter' inside of [project]/

https://nextjs.org/docs/messages/module-not-found @ http://localhost:3000/_next/static/chunks/node_modules_next_dist_1gdrd03._.js:1945
[112681743ms] [ERROR] ./src/app/layout.tsx:7:1
Module not found: Can't resolve '@/components/SiteFooter'
   5 |   IBM_Plex_Sans_Condensed,
   6 | } from "next/font/google";
>  7 | import { SiteFooter } from "@/components/SiteFooter";
     | ^^^^^^^^^^^^^^^^^^^^^^^^^^^^^^^^^^^^^^^^^^^^^^^^^^^^^
   8 | import { SiteHeader } from "@/components/SiteHeader";
   9 | import "./globals.css";
  10 |

Import map: aliased to relative './src/components/SiteFooter' inside of [project]/

https://nextjs.org/docs/messages/module-not-found @ http://localhost:3000/_next/static/chunks/node_modules_next_dist_1gdrd03._.js:1945
[112681807ms] [ERROR] ./src/app/layout.tsx:7:1
Module not found: Can't resolve '@/components/SiteFooter'
   5 |   IBM_Plex_Sans_Condensed,
   6 | } from "next/font/google";
>  7 | import { SiteFooter } from "@/components/SiteFooter";
     | ^^^^^^^^^^^^^^^^^^^^^^^^^^^^^^^^^^^^^^^^^^^^^^^^^^^^^
   8 | import { SiteHeader } from "@/components/SiteHeader";
   9 | import "./globals.css";
  10 |

Import map: aliased to relative './src/components/SiteFooter' inside of [project]/

https://nextjs.org/docs/messages/module-not-found @ http://localhost:3000/_next/static/chunks/node_modules_next_dist_1gdrd03._.js:1945
[112681877ms] [ERROR] ./src/app/layout.tsx:7:1
Module not found: Can't resolve '@/components/SiteFooter'
   5 |   IBM_Plex_Sans_Condensed,
   6 | } from "next/font/google";
>  7 | import { SiteFooter } from "@/components/SiteFooter";
     | ^^^^^^^^^^^^^^^^^^^^^^^^^^^^^^^^^^^^^^^^^^^^^^^^^^^^^
   8 | import { SiteHeader } from "@/components/SiteHeader";
   9 | import "./globals.css";
  10 |

Import map: aliased to relative './src/components/SiteFooter' inside of [project]/

https://nextjs.org/docs/messages/module-not-found @ http://localhost:3000/_next/static/chunks/node_modules_next_dist_1gdrd03._.js:1945
[112681943ms] [ERROR] ./src/app/layout.tsx:7:1
Module not found: Can't resolve '@/components/SiteFooter'
   5 |   IBM_Plex_Sans_Condensed,
   6 | } from "next/font/google";
>  7 | import { SiteFooter } from "@/components/SiteFooter";
     | ^^^^^^^^^^^^^^^^^^^^^^^^^^^^^^^^^^^^^^^^^^^^^^^^^^^^^
   8 | import { SiteHeader } from "@/components/SiteHeader";
   9 | import "./globals.css";
  10 |

Import map: aliased to relative './src/components/SiteFooter' inside of [project]/

https://nextjs.org/docs/messages/module-not-found @ http://localhost:3000/_next/static/chunks/node_modules_next_dist_1gdrd03._.js:1945
[112682008ms] [ERROR] ./src/app/layout.tsx:7:1
Module not found: Can't resolve '@/components/SiteFooter'
   5 |   IBM_Plex_Sans_Condensed,
   6 | } from "next/font/google";
>  7 | import { SiteFooter } from "@/components/SiteFooter";
     | ^^^^^^^^^^^^^^^^^^^^^^^^^^^^^^^^^^^^^^^^^^^^^^^^^^^^^
   8 | import { SiteHeader } from "@/components/SiteHeader";
   9 | import "./globals.css";
  10 |

Import map: aliased to relative './src/components/SiteFooter' inside of [project]/

https://nextjs.org/docs/messages/module-not-found @ http://localhost:3000/_next/static/chunks/node_modules_next_dist_1gdrd03._.js:1945
[112682070ms] [ERROR] ./src/app/layout.tsx:7:1
Module not found: Can't resolve '@/components/SiteFooter'
   5 |   IBM_Plex_Sans_Condensed,
   6 | } from "next/font/google";
>  7 | import { SiteFooter } from "@/components/SiteFooter";
     | ^^^^^^^^^^^^^^^^^^^^^^^^^^^^^^^^^^^^^^^^^^^^^^^^^^^^^
   8 | import { SiteHeader } from "@/components/SiteHeader";
   9 | import "./globals.css";
  10 |

Import map: aliased to relative './src/components/SiteFooter' inside of [project]/

https://nextjs.org/docs/messages/module-not-found @ http://localhost:3000/_next/static/chunks/node_modules_next_dist_1gdrd03._.js:1945
[112682129ms] [ERROR] ./src/app/layout.tsx:7:1
Module not found: Can't resolve '@/components/SiteFooter'
   5 |   IBM_Plex_Sans_Condensed,
   6 | } from "next/font/google";
>  7 | import { SiteFooter } from "@/components/SiteFooter";
     | ^^^^^^^^^^^^^^^^^^^^^^^^^^^^^^^^^^^^^^^^^^^^^^^^^^^^^
   8 | import { SiteHeader } from "@/components/SiteHeader";
   9 | import "./globals.css";
  10 |

Import map: aliased to relative './src/components/SiteFooter' inside of [project]/

https://nextjs.org/docs/messages/module-not-found @ http://localhost:3000/_next/static/chunks/node_modules_next_dist_1gdrd03._.js:1945
[112682192ms] [ERROR] ./src/app/layout.tsx:7:1
Module not found: Can't resolve '@/components/SiteFooter'
   5 |   IBM_Plex_Sans_Condensed,
   6 | } from "next/font/google";
>  7 | import { SiteFooter } from "@/components/SiteFooter";
     | ^^^^^^^^^^^^^^^^^^^^^^^^^^^^^^^^^^^^^^^^^^^^^^^^^^^^^
   8 | import { SiteHeader } from "@/components/SiteHeader";
   9 | import "./globals.css";
  10 |

Import map: aliased to relative './src/components/SiteFooter' inside of [project]/

https://nextjs.org/docs/messages/module-not-found @ http://localhost:3000/_next/static/chunks/node_modules_next_dist_1gdrd03._.js:1945
[112682262ms] [ERROR] ./src/app/layout.tsx:7:1
Module not found: Can't resolve '@/components/SiteFooter'
   5 |   IBM_Plex_Sans_Condensed,
   6 | } from "next/font/google";
>  7 | import { SiteFooter } from "@/components/SiteFooter";
     | ^^^^^^^^^^^^^^^^^^^^^^^^^^^^^^^^^^^^^^^^^^^^^^^^^^^^^
   8 | import { SiteHeader } from "@/components/SiteHeader";
   9 | import "./globals.css";
  10 |

Import map: aliased to relative './src/components/SiteFooter' inside of [project]/

https://nextjs.org/docs/messages/module-not-found @ http://localhost:3000/_next/static/chunks/node_modules_next_dist_1gdrd03._.js:1945
[112682328ms] [ERROR] ./src/app/layout.tsx:7:1
Module not found: Can't resolve '@/components/SiteFooter'
   5 |   IBM_Plex_Sans_Condensed,
   6 | } from "next/font/google";
>  7 | import { SiteFooter } from "@/components/SiteFooter";
     | ^^^^^^^^^^^^^^^^^^^^^^^^^^^^^^^^^^^^^^^^^^^^^^^^^^^^^
   8 | import { SiteHeader } from "@/components/SiteHeader";
   9 | import "./globals.css";
  10 |

Import map: aliased to relative './src/components/SiteFooter' inside of [project]/

https://nextjs.org/docs/messages/module-not-found @ http://localhost:3000/_next/static/chunks/node_modules_next_dist_1gdrd03._.js:1945
[112682396ms] [LOG] [Fast Refresh] rebuilding @ http://localhost:3000/_next/static/chunks/node_modules_next_dist_1gdrd03._.js:1226
[112682584ms] [ERROR] ./src/app/layout.tsx:7:1
Module not found: Can't resolve '@/components/SiteFooter'
   5 |   IBM_Plex_Sans_Condensed,
   6 | } from "next/font/google";
>  7 | import { SiteFooter } from "@/components/SiteFooter";
     | ^^^^^^^^^^^^^^^^^^^^^^^^^^^^^^^^^^^^^^^^^^^^^^^^^^^^^
   8 | import { SiteHeader } from "@/components/SiteHeader";
   9 | import "./globals.css";
  10 |

Import map: aliased to relative './src/components/SiteFooter' inside of [project]/

https://nextjs.org/docs/messages/module-not-found @ http://localhost:3000/_next/static/chunks/node_modules_next_dist_1gdrd03._.js:1945
[112682632ms] [ERROR] ./src/app/layout.tsx:7:1
Module not found: Can't resolve '@/components/SiteFooter'
   5 |   IBM_Plex_Sans_Condensed,
   6 | } from "next/font/google";
>  7 | import { SiteFooter } from "@/components/SiteFooter";
     | ^^^^^^^^^^^^^^^^^^^^^^^^^^^^^^^^^^^^^^^^^^^^^^^^^^^^^
   8 | import { SiteHeader } from "@/components/SiteHeader";
   9 | import "./globals.css";
  10 |

Import map: aliased to relative './src/components/SiteFooter' inside of [project]/

https://nextjs.org/docs/messages/module-not-found @ http://localhost:3000/_next/static/chunks/node_modules_next_dist_1gdrd03._.js:1945
[112682682ms] [ERROR] ./src/app/layout.tsx:7:1
Module not found: Can't resolve '@/components/SiteFooter'
   5 |   IBM_Plex_Sans_Condensed,
   6 | } from "next/font/google";
>  7 | import { SiteFooter } from "@/components/SiteFooter";
     | ^^^^^^^^^^^^^^^^^^^^^^^^^^^^^^^^^^^^^^^^^^^^^^^^^^^^^
   8 | import { SiteHeader } from "@/components/SiteHeader";
   9 | import "./globals.css";
  10 |

Import map: aliased to relative './src/components/SiteFooter' inside of [project]/

https://nextjs.org/docs/messages/module-not-found @ http://localhost:3000/_next/static/chunks/node_modules_next_dist_1gdrd03._.js:1945
[112682770ms] [ERROR] ./src/app/layout.tsx:7:1
Module not found: Can't resolve '@/components/SiteFooter'
   5 |   IBM_Plex_Sans_Condensed,
   6 | } from "next/font/google";
>  7 | import { SiteFooter } from "@/components/SiteFooter";
     | ^^^^^^^^^^^^^^^^^^^^^^^^^^^^^^^^^^^^^^^^^^^^^^^^^^^^^
   8 | import { SiteHeader } from "@/components/SiteHeader";
   9 | import "./globals.css";
  10 |

Import map: aliased to relative './src/components/SiteFooter' inside of [project]/

https://nextjs.org/docs/messages/module-not-found @ http://localhost:3000/_next/static/chunks/node_modules_next_dist_1gdrd03._.js:1945
[112682846ms] [ERROR] ./src/app/layout.tsx:7:1
Module not found: Can't resolve '@/components/SiteFooter'
   5 |   IBM_Plex_Sans_Condensed,
   6 | } from "next/font/google";
>  7 | import { SiteFooter } from "@/components/SiteFooter";
     | ^^^^^^^^^^^^^^^^^^^^^^^^^^^^^^^^^^^^^^^^^^^^^^^^^^^^^
   8 | import { SiteHeader } from "@/components/SiteHeader";
   9 | import "./globals.css";
  10 |

Import map: aliased to relative './src/components/SiteFooter' inside of [project]/

https://nextjs.org/docs/messages/module-not-found @ http://localhost:3000/_next/static/chunks/node_modules_next_dist_1gdrd03._.js:1945
[112682912ms] [ERROR] ./src/app/layout.tsx:7:1
Module not found: Can't resolve '@/components/SiteFooter'
   5 |   IBM_Plex_Sans_Condensed,
   6 | } from "next/font/google";
>  7 | import { SiteFooter } from "@/components/SiteFooter";
     | ^^^^^^^^^^^^^^^^^^^^^^^^^^^^^^^^^^^^^^^^^^^^^^^^^^^^^
   8 | import { SiteHeader } from "@/components/SiteHeader";
   9 | import "./globals.css";
  10 |

Import map: aliased to relative './src/components/SiteFooter' inside of [project]/

https://nextjs.org/docs/messages/module-not-found @ http://localhost:3000/_next/static/chunks/node_modules_next_dist_1gdrd03._.js:1945
[112682994ms] [ERROR] ./src/app/layout.tsx:7:1
Module not found: Can't resolve '@/components/SiteFooter'
   5 |   IBM_Plex_Sans_Condensed,
   6 | } from "next/font/google";
>  7 | import { SiteFooter } from "@/components/SiteFooter";
     | ^^^^^^^^^^^^^^^^^^^^^^^^^^^^^^^^^^^^^^^^^^^^^^^^^^^^^
   8 | import { SiteHeader } from "@/components/SiteHeader";
   9 | import "./globals.css";
  10 |

Import map: aliased to relative './src/components/SiteFooter' inside of [project]/

https://nextjs.org/docs/messages/module-not-found @ http://localhost:3000/_next/static/chunks/node_modules_next_dist_1gdrd03._.js:1945
[112683058ms] [ERROR] ./src/app/layout.tsx:7:1
Module not found: Can't resolve '@/components/SiteFooter'
   5 |   IBM_Plex_Sans_Condensed,
   6 | } from "next/font/google";
>  7 | import { SiteFooter } from "@/components/SiteFooter";
     | ^^^^^^^^^^^^^^^^^^^^^^^^^^^^^^^^^^^^^^^^^^^^^^^^^^^^^
   8 | import { SiteHeader } from "@/components/SiteHeader";
   9 | import "./globals.css";
  10 |

Import map: aliased to relative './src/components/SiteFooter' inside of [project]/

https://nextjs.org/docs/messages/module-not-found @ http://localhost:3000/_next/static/chunks/node_modules_next_dist_1gdrd03._.js:1945
[112683111ms] [ERROR] ./src/app/layout.tsx:7:1
Module not found: Can't resolve '@/components/SiteFooter'
   5 |   IBM_Plex_Sans_Condensed,
   6 | } from "next/font/google";
>  7 | import { SiteFooter } from "@/components/SiteFooter";
     | ^^^^^^^^^^^^^^^^^^^^^^^^^^^^^^^^^^^^^^^^^^^^^^^^^^^^^
   8 | import { SiteHeader } from "@/components/SiteHeader";
   9 | import "./globals.css";
  10 |

Import map: aliased to relative './src/components/SiteFooter' inside of [project]/

https://nextjs.org/docs/messages/module-not-found @ http://localhost:3000/_next/static/chunks/node_modules_next_dist_1gdrd03._.js:1945
[112683181ms] [ERROR] ./src/app/layout.tsx:7:1
Module not found: Can't resolve '@/components/SiteFooter'
   5 |   IBM_Plex_Sans_Condensed,
   6 | } from "next/font/google";
>  7 | import { SiteFooter } from "@/components/SiteFooter";
     | ^^^^^^^^^^^^^^^^^^^^^^^^^^^^^^^^^^^^^^^^^^^^^^^^^^^^^
   8 | import { SiteHeader } from "@/components/SiteHeader";
   9 | import "./globals.css";
  10 |

Import map: aliased to relative './src/components/SiteFooter' inside of [project]/

https://nextjs.org/docs/messages/module-not-found @ http://localhost:3000/_next/static/chunks/node_modules_next_dist_1gdrd03._.js:1945
[112683246ms] [ERROR] ./src/app/layout.tsx:7:1
Module not found: Can't resolve '@/components/SiteFooter'
   5 |   IBM_Plex_Sans_Condensed,
   6 | } from "next/font/google";
>  7 | import { SiteFooter } from "@/components/SiteFooter";
     | ^^^^^^^^^^^^^^^^^^^^^^^^^^^^^^^^^^^^^^^^^^^^^^^^^^^^^
   8 | import { SiteHeader } from "@/components/SiteHeader";
   9 | import "./globals.css";
  10 |

Import map: aliased to relative './src/components/SiteFooter' inside of [project]/

https://nextjs.org/docs/messages/module-not-found @ http://localhost:3000/_next/static/chunks/node_modules_next_dist_1gdrd03._.js:1945
[112683298ms] [ERROR] ./src/app/layout.tsx:7:1
Module not found: Can't resolve '@/components/SiteFooter'
   5 |   IBM_Plex_Sans_Condensed,
   6 | } from "next/font/google";
>  7 | import { SiteFooter } from "@/components/SiteFooter";
     | ^^^^^^^^^^^^^^^^^^^^^^^^^^^^^^^^^^^^^^^^^^^^^^^^^^^^^
   8 | import { SiteHeader } from "@/components/SiteHeader";
   9 | import "./globals.css";
  10 |

Import map: aliased to relative './src/components/SiteFooter' inside of [project]/

https://nextjs.org/docs/messages/module-not-found @ http://localhost:3000/_next/static/chunks/node_modules_next_dist_1gdrd03._.js:1945
[112683380ms] [ERROR] ./src/app/layout.tsx:7:1
Module not found: Can't resolve '@/components/SiteFooter'
   5 |   IBM_Plex_Sans_Condensed,
   6 | } from "next/font/google";
>  7 | import { SiteFooter } from "@/components/SiteFooter";
     | ^^^^^^^^^^^^^^^^^^^^^^^^^^^^^^^^^^^^^^^^^^^^^^^^^^^^^
   8 | import { SiteHeader } from "@/components/SiteHeader";
   9 | import "./globals.css";
  10 |

Import map: aliased to relative './src/components/SiteFooter' inside of [project]/

https://nextjs.org/docs/messages/module-not-found @ http://localhost:3000/_next/static/chunks/node_modules_next_dist_1gdrd03._.js:1945
[112683447ms] [ERROR] ./src/app/layout.tsx:7:1
Module not found: Can't resolve '@/components/SiteFooter'
   5 |   IBM_Plex_Sans_Condensed,
   6 | } from "next/font/google";
>  7 | import { SiteFooter } from "@/components/SiteFooter";
     | ^^^^^^^^^^^^^^^^^^^^^^^^^^^^^^^^^^^^^^^^^^^^^^^^^^^^^
   8 | import { SiteHeader } from "@/components/SiteHeader";
   9 | import "./globals.css";
  10 |

Import map: aliased to relative './src/components/SiteFooter' inside of [project]/

https://nextjs.org/docs/messages/module-not-found @ http://localhost:3000/_next/static/chunks/node_modules_next_dist_1gdrd03._.js:1945
[112683514ms] [ERROR] ./src/app/layout.tsx:7:1
Module not found: Can't resolve '@/components/SiteFooter'
   5 |   IBM_Plex_Sans_Condensed,
   6 | } from "next/font/google";
>  7 | import { SiteFooter } from "@/components/SiteFooter";
     | ^^^^^^^^^^^^^^^^^^^^^^^^^^^^^^^^^^^^^^^^^^^^^^^^^^^^^
   8 | import { SiteHeader } from "@/components/SiteHeader";
   9 | import "./globals.css";
  10 |

Import map: aliased to relative './src/components/SiteFooter' inside of [project]/

https://nextjs.org/docs/messages/module-not-found @ http://localhost:3000/_next/static/chunks/node_modules_next_dist_1gdrd03._.js:1945
[112683569ms] [ERROR] ./src/app/layout.tsx:7:1
Module not found: Can't resolve '@/components/SiteFooter'
   5 |   IBM_Plex_Sans_Condensed,
   6 | } from "next/font/google";
>  7 | import { SiteFooter } from "@/components/SiteFooter";
     | ^^^^^^^^^^^^^^^^^^^^^^^^^^^^^^^^^^^^^^^^^^^^^^^^^^^^^
   8 | import { SiteHeader } from "@/components/SiteHeader";
   9 | import "./globals.css";
  10 |

Import map: aliased to relative './src/components/SiteFooter' inside of [project]/

https://nextjs.org/docs/messages/module-not-found @ http://localhost:3000/_next/static/chunks/node_modules_next_dist_1gdrd03._.js:1945
[112683630ms] [ERROR] ./src/app/layout.tsx:7:1
Module not found: Can't resolve '@/components/SiteFooter'
   5 |   IBM_Plex_Sans_Condensed,
   6 | } from "next/font/google";
>  7 | import { SiteFooter } from "@/components/SiteFooter";
     | ^^^^^^^^^^^^^^^^^^^^^^^^^^^^^^^^^^^^^^^^^^^^^^^^^^^^^
   8 | import { SiteHeader } from "@/components/SiteHeader";
   9 | import "./globals.css";
  10 |

Import map: aliased to relative './src/components/SiteFooter' inside of [project]/

https://nextjs.org/docs/messages/module-not-found @ http://localhost:3000/_next/static/chunks/node_modules_next_dist_1gdrd03._.js:1945
[112683683ms] [ERROR] ./src/app/layout.tsx:7:1
Module not found: Can't resolve '@/components/SiteFooter'
   5 |   IBM_Plex_Sans_Condensed,
   6 | } from "next/font/google";
>  7 | import { SiteFooter } from "@/components/SiteFooter";
     | ^^^^^^^^^^^^^^^^^^^^^^^^^^^^^^^^^^^^^^^^^^^^^^^^^^^^^
   8 | import { SiteHeader } from "@/components/SiteHeader";
   9 | import "./globals.css";
  10 |

Import map: aliased to relative './src/components/SiteFooter' inside of [project]/

https://nextjs.org/docs/messages/module-not-found @ http://localhost:3000/_next/static/chunks/node_modules_next_dist_1gdrd03._.js:1945
[112683734ms] [ERROR] ./src/app/layout.tsx:7:1
Module not found: Can't resolve '@/components/SiteFooter'
   5 |   IBM_Plex_Sans_Condensed,
   6 | } from "next/font/google";
>  7 | import { SiteFooter } from "@/components/SiteFooter";
     | ^^^^^^^^^^^^^^^^^^^^^^^^^^^^^^^^^^^^^^^^^^^^^^^^^^^^^
   8 | import { SiteHeader } from "@/components/SiteHeader";
   9 | import "./globals.css";
  10 |

Import map: aliased to relative './src/components/SiteFooter' inside of [project]/

https://nextjs.org/docs/messages/module-not-found @ http://localhost:3000/_next/static/chunks/node_modules_next_dist_1gdrd03._.js:1945
[112683798ms] [ERROR] ./src/app/layout.tsx:7:1
Module not found: Can't resolve '@/components/SiteFooter'
   5 |   IBM_Plex_Sans_Condensed,
   6 | } from "next/font/google";
>  7 | import { SiteFooter } from "@/components/SiteFooter";
     | ^^^^^^^^^^^^^^^^^^^^^^^^^^^^^^^^^^^^^^^^^^^^^^^^^^^^^
   8 | import { SiteHeader } from "@/components/SiteHeader";
   9 | import "./globals.css";
  10 |

Import map: aliased to relative './src/components/SiteFooter' inside of [project]/

https://nextjs.org/docs/messages/module-not-found @ http://localhost:3000/_next/static/chunks/node_modules_next_dist_1gdrd03._.js:1945
[112683884ms] [ERROR] ./src/app/layout.tsx:7:1
Module not found: Can't resolve '@/components/SiteFooter'
   5 |   IBM_Plex_Sans_Condensed,
   6 | } from "next/font/google";
>  7 | import { SiteFooter } from "@/components/SiteFooter";
     | ^^^^^^^^^^^^^^^^^^^^^^^^^^^^^^^^^^^^^^^^^^^^^^^^^^^^^
   8 | import { SiteHeader } from "@/components/SiteHeader";
   9 | import "./globals.css";
  10 |

Import map: aliased to relative './src/components/SiteFooter' inside of [project]/

https://nextjs.org/docs/messages/module-not-found @ http://localhost:3000/_next/static/chunks/node_modules_next_dist_1gdrd03._.js:1945
[112683944ms] [ERROR] ./src/app/layout.tsx:7:1
Module not found: Can't resolve '@/components/SiteFooter'
   5 |   IBM_Plex_Sans_Condensed,
   6 | } from "next/font/google";
>  7 | import { SiteFooter } from "@/components/SiteFooter";
     | ^^^^^^^^^^^^^^^^^^^^^^^^^^^^^^^^^^^^^^^^^^^^^^^^^^^^^
   8 | import { SiteHeader } from "@/components/SiteHeader";
   9 | import "./globals.css";
  10 |

Import map: aliased to relative './src/components/SiteFooter' inside of [project]/

https://nextjs.org/docs/messages/module-not-found @ http://localhost:3000/_next/static/chunks/node_modules_next_dist_1gdrd03._.js:1945
[112684010ms] [ERROR] ./src/app/layout.tsx:7:1
Module not found: Can't resolve '@/components/SiteFooter'
   5 |   IBM_Plex_Sans_Condensed,
   6 | } from "next/font/google";
>  7 | import { SiteFooter } from "@/components/SiteFooter";
     | ^^^^^^^^^^^^^^^^^^^^^^^^^^^^^^^^^^^^^^^^^^^^^^^^^^^^^
   8 | import { SiteHeader } from "@/components/SiteHeader";
   9 | import "./globals.css";
  10 |

Import map: aliased to relative './src/components/SiteFooter' inside of [project]/

https://nextjs.org/docs/messages/module-not-found @ http://localhost:3000/_next/static/chunks/node_modules_next_dist_1gdrd03._.js:1945
[112684064ms] [ERROR] ./src/app/layout.tsx:7:1
Module not found: Can't resolve '@/components/SiteFooter'
   5 |   IBM_Plex_Sans_Condensed,
   6 | } from "next/font/google";
>  7 | import { SiteFooter } from "@/components/SiteFooter";
     | ^^^^^^^^^^^^^^^^^^^^^^^^^^^^^^^^^^^^^^^^^^^^^^^^^^^^^
   8 | import { SiteHeader } from "@/components/SiteHeader";
   9 | import "./globals.css";
  10 |

Import map: aliased to relative './src/components/SiteFooter' inside of [project]/

https://nextjs.org/docs/messages/module-not-found @ http://localhost:3000/_next/static/chunks/node_modules_next_dist_1gdrd03._.js:1945
[112684119ms] [ERROR] ./src/app/layout.tsx:7:1
Module not found: Can't resolve '@/components/SiteFooter'
   5 |   IBM_Plex_Sans_Condensed,
   6 | } from "next/font/google";
>  7 | import { SiteFooter } from "@/components/SiteFooter";
     | ^^^^^^^^^^^^^^^^^^^^^^^^^^^^^^^^^^^^^^^^^^^^^^^^^^^^^
   8 | import { SiteHeader } from "@/components/SiteHeader";
   9 | import "./globals.css";
  10 |

Import map: aliased to relative './src/components/SiteFooter' inside of [project]/

https://nextjs.org/docs/messages/module-not-found @ http://localhost:3000/_next/static/chunks/node_modules_next_dist_1gdrd03._.js:1945
[112684173ms] [ERROR] ./src/app/layout.tsx:7:1
Module not found: Can't resolve '@/components/SiteFooter'
   5 |   IBM_Plex_Sans_Condensed,
   6 | } from "next/font/google";
>  7 | import { SiteFooter } from "@/components/SiteFooter";
     | ^^^^^^^^^^^^^^^^^^^^^^^^^^^^^^^^^^^^^^^^^^^^^^^^^^^^^
   8 | import { SiteHeader } from "@/components/SiteHeader";
   9 | import "./globals.css";
  10 |

Import map: aliased to relative './src/components/SiteFooter' inside of [project]/

https://nextjs.org/docs/messages/module-not-found @ http://localhost:3000/_next/static/chunks/node_modules_next_dist_1gdrd03._.js:1945
[112684279ms] [LOG] [Fast Refresh] rebuilding @ http://localhost:3000/_next/static/chunks/node_modules_next_dist_1gdrd03._.js:1226
[112685528ms] [LOG] [Fast Refresh] done in 1346ms @ http://localhost:3000/_next/static/chunks/node_modules_next_dist_1gdrd03._.js:1226
[112686119ms] [LOG] [Fast Refresh] rebuilding @ http://localhost:3000/_next/static/chunks/node_modules_next_dist_1gdrd03._.js:1226
[112686516ms] [LOG] [Fast Refresh] done in 510ms @ http://localhost:3000/_next/static/chunks/node_modules_next_dist_1gdrd03._.js:1226
[112687083ms] [INFO] %cDownload the React DevTools for a better development experience: https://react.dev/link/react-devtools font-weight:bold @ http://localhost:3000/_next/static/chunks/node_modules_next_dist_1ybzpk2._.js:2477
[112687129ms] [LOG] [HMR] connected @ http://localhost:3000/_next/static/chunks/node_modules_next_dist_1ybzpk2._.js:2477
[112707184ms] [LOG] [Fast Refresh] rebuilding @ http://localhost:3000/_next/static/chunks/node_modules_next_dist_1ybzpk2._.js:2477
[112707551ms] [LOG] [Fast Refresh] done in 116ms @ http://localhost:3000/_next/static/chunks/node_modules_next_dist_1ybzpk2._.js:2477
[112707680ms] [LOG] [Fast Refresh] rebuilding @ http://localhost:3000/_next/static/chunks/node_modules_next_dist_1ybzpk2._.js:2477
[112707797ms] [LOG] [Fast Refresh] done in 220ms @ http://localhost:3000/_next/static/chunks/node_modules_next_dist_1ybzpk2._.js:2477
[112707927ms] [LOG] [Fast Refresh] rebuilding @ http://localhost:3000/_next/static/chunks/node_modules_next_dist_1ybzpk2._.js:2477
[112708037ms] [LOG] [Fast Refresh] done in 211ms @ http://localhost:3000/_next/static/chunks/node_modules_next_dist_1ybzpk2._.js:2477
[112717454ms] [LOG] [Fast Refresh] rebuilding @ http://localhost:3000/_next/static/chunks/node_modules_next_dist_1ybzpk2._.js:2477
[112717580ms] [LOG] [Fast Refresh] done in 230ms @ http://localhost:3000/_next/static/chunks/node_modules_next_dist_1ybzpk2._.js:2477
[112741170ms] [LOG] [Fast Refresh] rebuilding @ http://localhost:3000/_next/static/chunks/node_modules_next_dist_1ybzpk2._.js:2477
[112741246ms] [LOG] [Fast Refresh] done in 137ms @ http://localhost:3000/_next/static/chunks/node_modules_next_dist_1ybzpk2._.js:2477
[112750691ms] [LOG] [Fast Refresh] rebuilding @ http://localhost:3000/_next/static/chunks/node_modules_next_dist_1ybzpk2._.js:2477
[112750742ms] [LOG] [Fast Refresh] done in 86ms @ http://localhost:3000/_next/static/chunks/node_modules_next_dist_1ybzpk2._.js:2477
[112762600ms] [LOG] [Fast Refresh] rebuilding @ http://localhost:3000/_next/static/chunks/node_modules_next_dist_1ybzpk2._.js:2477
[112762709ms] [LOG] [Fast Refresh] done in 211ms @ http://localhost:3000/_next/static/chunks/node_modules_next_dist_1ybzpk2._.js:2477
[112763862ms] [LOG] [Fast Refresh] rebuilding @ http://localhost:3000/_next/static/chunks/node_modules_next_dist_1ybzpk2._.js:2477
[112763908ms] [LOG] [Fast Refresh] done in 152ms @ http://localhost:3000/_next/static/chunks/node_modules_next_dist_1ybzpk2._.js:2477
[112806167ms] [LOG] [Fast Refresh] rebuilding @ http://localhost:3000/_next/static/chunks/node_modules_next_dist_1ybzpk2._.js:2477
[112806587ms] [LOG] [Fast Refresh] done in 80ms @ http://localhost:3000/_next/static/chunks/node_modules_next_dist_1ybzpk2._.js:2477
[112806754ms] [LOG] [Fast Refresh] rebuilding @ http://localhost:3000/_next/static/chunks/node_modules_next_dist_1ybzpk2._.js:2477
[112806871ms] [LOG] [Fast Refresh] done in 226ms @ http://localhost:3000/_next/static/chunks/node_modules_next_dist_1ybzpk2._.js:2477
[112825655ms] [LOG] [Fast Refresh] rebuilding @ http://localhost:3000/_next/static/chunks/node_modules_next_dist_1ybzpk2._.js:2477
[112825718ms] [LOG] [Fast Refresh] done in 171ms @ http://localhost:3000/_next/static/chunks/node_modules_next_dist_1ybzpk2._.js:2477
[112882801ms] [LOG] [Fast Refresh] rebuilding @ http://localhost:3000/_next/static/chunks/node_modules_next_dist_1ybzpk2._.js:2477
[112883280ms] [LOG] [Fast Refresh] done in 128ms @ http://localhost:3000/_next/static/chunks/node_modules_next_dist_1ybzpk2._.js:2477
[112883416ms] [LOG] [Fast Refresh] rebuilding @ http://localhost:3000/_next/static/chunks/node_modules_next_dist_1ybzpk2._.js:2477
[112883518ms] [LOG] [Fast Refresh] done in 208ms @ http://localhost:3000/_next/static/chunks/node_modules_next_dist_1ybzpk2._.js:2477
[112890265ms] [LOG] [Fast Refresh] rebuilding @ http://localhost:3000/_next/static/chunks/node_modules_next_dist_1ybzpk2._.js:2477
[112890346ms] [LOG] [Fast Refresh] done in 187ms @ http://localhost:3000/_next/static/chunks/node_modules_next_dist_1ybzpk2._.js:2477
[112892954ms] [LOG] [Fast Refresh] rebuilding @ http://localhost:3000/_next/static/chunks/node_modules_next_dist_1ybzpk2._.js:2477
[112893030ms] [LOG] [Fast Refresh] done in 179ms @ http://localhost:3000/_next/static/chunks/node_modules_next_dist_1ybzpk2._.js:2477
[112905455ms] [LOG] [Fast Refresh] rebuilding @ http://localhost:3000/_next/static/chunks/node_modules_next_dist_1ybzpk2._.js:2477
[112907403ms] [LOG] [Fast Refresh] done in 2052ms @ http://localhost:3000/_next/static/chunks/node_modules_next_dist_1ybzpk2._.js:2477
[112923908ms] [LOG] [Fast Refresh] rebuilding @ http://localhost:3000/_next/static/chunks/node_modules_next_dist_1ybzpk2._.js:2477
[112923945ms] [LOG] [Fast Refresh] done in 138ms @ http://localhost:3000/_next/static/chunks/node_modules_next_dist_1ybzpk2._.js:2477
[112927872ms] [LOG] [Fast Refresh] rebuilding @ http://localhost:3000/_next/static/chunks/node_modules_next_dist_1ybzpk2._.js:2477
[112927884ms] [LOG] [Fast Refresh] done in 124ms @ http://localhost:3000/_next/static/chunks/node_modules_next_dist_1ybzpk2._.js:2477
[112929631ms] [LOG] [Fast Refresh] rebuilding @ http://localhost:3000/_next/static/chunks/node_modules_next_dist_1ybzpk2._.js:2477
[112929634ms] [LOG] [Fast Refresh] done in 103ms @ http://localhost:3000/_next/static/chunks/node_modules_next_dist_1ybzpk2._.js:2477
[112930281ms] [LOG] [Fast Refresh] rebuilding @ http://localhost:3000/_next/static/chunks/node_modules_next_dist_1ybzpk2._.js:2477
[112930507ms] [LOG] [Fast Refresh] done in 105ms @ http://localhost:3000/_next/static/chunks/node_modules_next_dist_1ybzpk2._.js:2477
[112930616ms] [LOG] [Fast Refresh] rebuilding @ http://localhost:3000/_next/static/chunks/node_modules_next_dist_1ybzpk2._.js:2477
[112930951ms] [LOG] [Fast Refresh] done in 437ms @ http://localhost:3000/_next/static/chunks/node_modules_next_dist_1ybzpk2._.js:2477
[112931318ms] [LOG] [Fast Refresh] rebuilding @ http://localhost:3000/_next/static/chunks/node_modules_next_dist_1ybzpk2._.js:2477
[112931469ms] [LOG] [Fast Refresh] done in 258ms @ http://localhost:3000/_next/static/chunks/node_modules_next_dist_1ybzpk2._.js:2477
[112937544ms] [LOG] [Fast Refresh] rebuilding @ http://localhost:3000/_next/static/chunks/node_modules_next_dist_1ybzpk2._.js:2477
[112937562ms] [LOG] [Fast Refresh] done in 129ms @ http://localhost:3000/_next/static/chunks/node_modules_next_dist_1ybzpk2._.js:2477
[112972283ms] [LOG] [Fast Refresh] rebuilding @ http://localhost:3000/_next/static/chunks/node_modules_next_dist_1ybzpk2._.js:2477
[112972307ms] [LOG] [Fast Refresh] done in 126ms @ http://localhost:3000/_next/static/chunks/node_modules_next_dist_1ybzpk2._.js:2477
[112988275ms] [LOG] [Fast Refresh] rebuilding @ http://localhost:3000/_next/static/chunks/node_modules_next_dist_1ybzpk2._.js:2477
[112988291ms] [LOG] [Fast Refresh] done in 119ms @ http://localhost:3000/_next/static/chunks/node_modules_next_dist_1ybzpk2._.js:2477
[113019368ms] [LOG] [Fast Refresh] rebuilding @ http://localhost:3000/_next/static/chunks/node_modules_next_dist_1ybzpk2._.js:2477
[113019431ms] [LOG] [Fast Refresh] done in 166ms @ http://localhost:3000/_next/static/chunks/node_modules_next_dist_1ybzpk2._.js:2477
[113088276ms] [LOG] [Fast Refresh] rebuilding @ http://localhost:3000/_next/static/chunks/node_modules_next_dist_1ybzpk2._.js:2477
[113088370ms] [LOG] [Fast Refresh] done in 196ms @ http://localhost:3000/_next/static/chunks/node_modules_next_dist_1ybzpk2._.js:2477
[113090297ms] [LOG] [Fast Refresh] rebuilding @ http://localhost:3000/_next/static/chunks/node_modules_next_dist_1ybzpk2._.js:2477
[113090298ms] [LOG] [Fast Refresh] done in 102ms @ http://localhost:3000/_next/static/chunks/node_modules_next_dist_1ybzpk2._.js:2477
[113125606ms] [LOG] [Fast Refresh] rebuilding @ http://localhost:3000/_next/static/chunks/node_modules_next_dist_1ybzpk2._.js:2477
[113125668ms] [LOG] [Fast Refresh] done in 166ms @ http://localhost:3000/_next/static/chunks/node_modules_next_dist_1ybzpk2._.js:2477
[113176409ms] [LOG] [Fast Refresh] rebuilding @ http://localhost:3000/_next/static/chunks/node_modules_next_dist_1ybzpk2._.js:2477
[113176414ms] [LOG] [Fast Refresh] done in 118ms @ http://localhost:3000/_next/static/chunks/node_modules_next_dist_1ybzpk2._.js:2477
[113189648ms] [LOG] [Fast Refresh] rebuilding @ http://localhost:3000/_next/static/chunks/node_modules_next_dist_1ybzpk2._.js:2477
[113189664ms] [LOG] [Fast Refresh] done in 117ms @ http://localhost:3000/_next/static/chunks/node_modules_next_dist_1ybzpk2._.js:2477
[113226042ms] [LOG] [Fast Refresh] rebuilding @ http://localhost:3000/_next/static/chunks/node_modules_next_dist_1ybzpk2._.js:2477
[113226081ms] [LOG] [Fast Refresh] done in 149ms @ http://localhost:3000/_next/static/chunks/node_modules_next_dist_1ybzpk2._.js:2477
[113268360ms] [LOG] [Fast Refresh] rebuilding @ http://localhost:3000/_next/static/chunks/node_modules_next_dist_1ybzpk2._.js:2477
[113268377ms] [LOG] [Fast Refresh] done in 121ms @ http://localhost:3000/_next/static/chunks/node_modules_next_dist_1ybzpk2._.js:2477
[113271714ms] [LOG] [Fast Refresh] rebuilding @ http://localhost:3000/_next/static/chunks/node_modules_next_dist_1ybzpk2._.js:2477
[113272130ms] [LOG] [Fast Refresh] done in 501ms @ http://localhost:3000/_next/static/chunks/node_modules_next_dist_1ybzpk2._.js:2477
[113294845ms] [LOG] [Fast Refresh] rebuilding @ http://localhost:3000/_next/static/chunks/node_modules_next_dist_1ybzpk2._.js:2477
[113295067ms] [LOG] [Fast Refresh] done in 281ms @ http://localhost:3000/_next/static/chunks/node_modules_next_dist_1ybzpk2._.js:2477
[113307864ms] [LOG] [Fast Refresh] rebuilding @ http://localhost:3000/_next/static/chunks/node_modules_next_dist_1ybzpk2._.js:2477
[113307930ms] [LOG] [Fast Refresh] done in 141ms @ http://localhost:3000/_next/static/chunks/node_modules_next_dist_1ybzpk2._.js:2477
