[     402ms] [INFO] %cDownload the React DevTools for a better development experience: https://react.dev/link/react-devtools font-weight:bold @ http://localhost:3000/_next/static/chunks/node_modules_next_dist_1ybzpk2._.js:2477
[     546ms] [LOG] [HMR] connected @ http://localhost:3000/_next/static/chunks/node_modules_next_dist_1ybzpk2._.js:2477
[    1673ms] [LOG] [Fast Refresh] rebuilding @ http://localhost:3000/_next/static/chunks/node_modules_next_dist_1ybzpk2._.js:2477
[    1687ms] [LOG] [Fast Refresh] done in 117ms @ http://localhost:3000/_next/static/chunks/node_modules_next_dist_1ybzpk2._.js:2477
[   60450ms] [LOG] [Fast Refresh] rebuilding @ http://localhost:3000/_next/static/chunks/node_modules_next_dist_1ybzpk2._.js:2477
[   60573ms] [LOG] [Fast Refresh] done in 189ms @ http://localhost:3000/_next/static/chunks/node_modules_next_dist_1ybzpk2._.js:2477
[   83916ms] [LOG] [Fast Refresh] rebuilding @ http://localhost:3000/_next/static/chunks/node_modules_next_dist_1ybzpk2._.js:2477
[   83946ms] [LOG] [Fast Refresh] done in 132ms @ http://localhost:3000/_next/static/chunks/node_modules_next_dist_1ybzpk2._.js:2477
[   84308ms] [LOG] [Fast Refresh] rebuilding @ http://localhost:3000/_next/static/chunks/node_modules_next_dist_1ybzpk2._.js:2477
[   84363ms] [LOG] [Fast Refresh] done in 163ms @ http://localhost:3000/_next/static/chunks/node_modules_next_dist_1ybzpk2._.js:2477
[   86015ms] [LOG] [Fast Refresh] rebuilding @ http://localhost:3000/_next/static/chunks/node_modules_next_dist_1ybzpk2._.js:2477
[   86017ms] [LOG] [Fast Refresh] done in 110ms @ http://localhost:3000/_next/static/chunks/node_modules_next_dist_1ybzpk2._.js:2477
[  136422ms] [LOG] [Fast Refresh] rebuilding @ http://localhost:3000/_next/static/chunks/node_modules_next_dist_1ybzpk2._.js:2477
[  136549ms] [LOG] [Fast Refresh] done in 235ms @ http://localhost:3000/_next/static/chunks/node_modules_next_dist_1ybzpk2._.js:2477
[  138828ms] [LOG] [Fast Refresh] rebuilding @ http://localhost:3000/_next/static/chunks/node_modules_next_dist_1ybzpk2._.js:2477
[  138894ms] [LOG] [Fast Refresh] done in 173ms @ http://localhost:3000/_next/static/chunks/node_modules_next_dist_1ybzpk2._.js:2477
[  139687ms] [LOG] [Fast Refresh] rebuilding @ http://localhost:3000/_next/static/chunks/node_modules_next_dist_1ybzpk2._.js:2477
[  139732ms] [LOG] [Fast Refresh] done in 154ms @ http://localhost:3000/_next/static/chunks/node_modules_next_dist_1ybzpk2._.js:2477
[  145428ms] [LOG] [Fast Refresh] rebuilding @ http://localhost:3000/_next/static/chunks/node_modules_next_dist_1ybzpk2._.js:2477
[  145445ms] [LOG] [Fast Refresh] done in 124ms @ http://localhost:3000/_next/static/chunks/node_modules_next_dist_1ybzpk2._.js:2477
[  169828ms] [LOG] [Fast Refresh] rebuilding @ http://localhost:3000/_next/static/chunks/node_modules_next_dist_1ybzpk2._.js:2477
[  169868ms] [LOG] [Fast Refresh] done in 145ms @ http://localhost:3000/_next/static/chunks/node_modules_next_dist_1ybzpk2._.js:2477
[  171284ms] [LOG] [Fast Refresh] rebuilding @ http://localhost:3000/_next/static/chunks/node_modules_next_dist_1ybzpk2._.js:2477
[  171293ms] [LOG] [Fast Refresh] done in 110ms @ http://localhost:3000/_next/static/chunks/node_modules_next_dist_1ybzpk2._.js:2477
[  204101ms] [LOG] [Fast Refresh] rebuilding @ http://localhost:3000/_next/static/chunks/node_modules_next_dist_1ybzpk2._.js:2477
[  204153ms] [LOG] [Fast Refresh] done in 159ms @ http://localhost:3000/_next/static/chunks/node_modules_next_dist_1ybzpk2._.js:2477
[  204499ms] [LOG] [Fast Refresh] rebuilding @ http://localhost:3000/_next/static/chunks/node_modules_next_dist_1ybzpk2._.js:2477
[  204517ms] [LOG] [Fast Refresh] done in 124ms @ http://localhost:3000/_next/static/chunks/node_modules_next_dist_1ybzpk2._.js:2477
[  208215ms] [LOG] [Fast Refresh] rebuilding @ http://localhost:3000/_next/static/chunks/node_modules_next_dist_1ybzpk2._.js:2477
[  208232ms] [LOG] [Fast Refresh] done in 126ms @ http://localhost:3000/_next/static/chunks/node_modules_next_dist_1ybzpk2._.js:2477
[  213130ms] [LOG] [Fast Refresh] rebuilding @ http://localhost:3000/_next/static/chunks/node_modules_next_dist_1ybzpk2._.js:2477
[  213204ms] [LOG] [Fast Refresh] done in 184ms @ http://localhost:3000/_next/static/chunks/node_modules_next_dist_1ybzpk2._.js:2477
[  258197ms] [LOG] [Fast Refresh] rebuilding @ http://localhost:3000/_next/static/chunks/node_modules_next_dist_1ybzpk2._.js:2477
[  258218ms] [LOG] [Fast Refresh] done in 130ms @ http://localhost:3000/_next/static/chunks/node_modules_next_dist_1ybzpk2._.js:2477
[  258692ms] [LOG] [Fast Refresh] rebuilding @ http://localhost:3000/_next/static/chunks/node_modules_next_dist_1ybzpk2._.js:2477
[  258728ms] [LOG] [Fast Refresh] done in 138ms @ http://localhost:3000/_next/static/chunks/node_modules_next_dist_1ybzpk2._.js:2477
[  265629ms] [LOG] [Fast Refresh] rebuilding @ http://localhost:3000/_next/static/chunks/node_modules_next_dist_1ybzpk2._.js:2477
[  265639ms] [LOG] [Fast Refresh] done in 112ms @ http://localhost:3000/_next/static/chunks/node_modules_next_dist_1ybzpk2._.js:2477
[  329109ms] [LOG] [Fast Refresh] rebuilding @ http://localhost:3000/_next/static/chunks/node_modules_next_dist_1ybzpk2._.js:2477
[  329321ms] [LOG] [Fast Refresh] done in 289ms @ http://localhost:3000/_next/static/chunks/node_modules_next_dist_1ybzpk2._.js:2477
[  355977ms] [LOG] [Fast Refresh] rebuilding @ http://localhost:3000/_next/static/chunks/node_modules_next_dist_1ybzpk2._.js:2477
[  356062ms] [LOG] [Fast Refresh] done in 195ms @ http://localhost:3000/_next/static/chunks/node_modules_next_dist_1ybzpk2._.js:2477
[  459592ms] [LOG] [Fast Refresh] rebuilding @ http://localhost:3000/_next/static/chunks/node_modules_next_dist_1ybzpk2._.js:2477
[  459775ms] [LOG] [Fast Refresh] done in 274ms @ http://localhost:3000/_next/static/chunks/node_modules_next_dist_1ybzpk2._.js:2477
[  480763ms] [LOG] [Fast Refresh] rebuilding @ http://localhost:3000/_next/static/chunks/node_modules_next_dist_1ybzpk2._.js:2477
[  480836ms] [LOG] [Fast Refresh] done in 177ms @ http://localhost:3000/_next/static/chunks/node_modules_next_dist_1ybzpk2._.js:2477
[  480948ms] [LOG] [Fast Refresh] rebuilding @ http://localhost:3000/_next/static/chunks/node_modules_next_dist_1ybzpk2._.js:2477
[  481073ms] [LOG] [Fast Refresh] done in 231ms @ http://localhost:3000/_next/static/chunks/node_modules_next_dist_1ybzpk2._.js:2477
[  481762ms] [LOG] [Fast Refresh] rebuilding @ http://localhost:3000/_next/static/chunks/node_modules_next_dist_1ybzpk2._.js:2477
[  481786ms] [LOG] [Fast Refresh] done in 129ms @ http://localhost:3000/_next/static/chunks/node_modules_next_dist_1ybzpk2._.js:2477
[  482982ms] [LOG] [Fast Refresh] rebuilding @ http://localhost:3000/_next/static/chunks/node_modules_next_dist_1ybzpk2._.js:2477
[  483124ms] [LOG] [Fast Refresh] done in 251ms @ http://localhost:3000/_next/static/chunks/node_modules_next_dist_1ybzpk2._.js:2477
[  598766ms] [LOG] [Fast Refresh] rebuilding @ http://localhost:3000/_next/static/chunks/node_modules_next_dist_1ybzpk2._.js:2477
[  598769ms] [LOG] [Fast Refresh] done in 111ms @ http://localhost:3000/_next/static/chunks/node_modules_next_dist_1ybzpk2._.js:2477
[  685012ms] [LOG] [Fast Refresh] rebuilding @ http://localhost:3000/_next/static/chunks/node_modules_next_dist_1ybzpk2._.js:2477
[  685123ms] [LOG] [Fast Refresh] done in 179ms @ http://localhost:3000/_next/static/chunks/node_modules_next_dist_1ybzpk2._.js:2477
[  707859ms] [LOG] [Fast Refresh] rebuilding @ http://localhost:3000/_next/static/chunks/node_modules_next_dist_1ybzpk2._.js:2477
[  707967ms] [LOG] [Fast Refresh] done in 212ms @ http://localhost:3000/_next/static/chunks/node_modules_next_dist_1ybzpk2._.js:2477
[  708353ms] [LOG] [Fast Refresh] rebuilding @ http://localhost:3000/_next/static/chunks/node_modules_next_dist_1ybzpk2._.js:2477
[  708357ms] [LOG] [Fast Refresh] done in 106ms @ http://localhost:3000/_next/static/chunks/node_modules_next_dist_1ybzpk2._.js:2477
[  709327ms] [LOG] [Fast Refresh] rebuilding @ http://localhost:3000/_next/static/chunks/node_modules_next_dist_1ybzpk2._.js:2477
[  709379ms] [LOG] [Fast Refresh] done in 169ms @ http://localhost:3000/_next/static/chunks/node_modules_next_dist_1ybzpk2._.js:2477
[  817644ms] [LOG] [Fast Refresh] rebuilding @ http://localhost:3000/_next/static/chunks/node_modules_next_dist_1ybzpk2._.js:2477
[  817831ms] [LOG] [Fast Refresh] done in 296ms @ http://localhost:3000/_next/static/chunks/node_modules_next_dist_1ybzpk2._.js:2477
[  842845ms] [LOG] [Fast Refresh] rebuilding @ http://localhost:3000/_next/static/chunks/node_modules_next_dist_1ybzpk2._.js:2477
[  842934ms] [LOG] [Fast Refresh] done in 203ms @ http://localhost:3000/_next/static/chunks/node_modules_next_dist_1ybzpk2._.js:2477
[  843352ms] [LOG] [Fast Refresh] rebuilding @ http://localhost:3000/_next/static/chunks/node_modules_next_dist_1ybzpk2._.js:2477
[  843360ms] [LOG] [Fast Refresh] done in 119ms @ http://localhost:3000/_next/static/chunks/node_modules_next_dist_1ybzpk2._.js:2477
[  844441ms] [LOG] [Fast Refresh] rebuilding @ http://localhost:3000/_next/static/chunks/node_modules_next_dist_1ybzpk2._.js:2477
[  844442ms] [LOG] [Fast Refresh] done in 102ms @ http://localhost:3000/_next/static/chunks/node_modules_next_dist_1ybzpk2._.js:2477
[ 1306157ms] [LOG] [Fast Refresh] rebuilding @ http://localhost:3000/_next/static/chunks/node_modules_next_dist_1ybzpk2._.js:2477
[ 1306918ms] [LOG] [Fast Refresh] done in 853ms @ http://localhost:3000/_next/static/chunks/node_modules_next_dist_1ybzpk2._.js:2477
[ 1354020ms] [LOG] [Fast Refresh] rebuilding @ http://localhost:3000/_next/static/chunks/node_modules_next_dist_1ybzpk2._.js:2477
[ 1354166ms] [LOG] [Fast Refresh] done in 252ms @ http://localhost:3000/_next/static/chunks/node_modules_next_dist_1ybzpk2._.js:2477
[ 1416024ms] [LOG] [Fast Refresh] rebuilding @ http://localhost:3000/_next/static/chunks/node_modules_next_dist_1ybzpk2._.js:2477
[ 1416051ms] [LOG] [Fast Refresh] done in 135ms @ http://localhost:3000/_next/static/chunks/node_modules_next_dist_1ybzpk2._.js:2477
[ 1424477ms] [LOG] [Fast Refresh] rebuilding @ http://localhost:3000/_next/static/chunks/node_modules_next_dist_1ybzpk2._.js:2477
[ 1424478ms] [LOG] [Fast Refresh] done in 108ms @ http://localhost:3000/_next/static/chunks/node_modules_next_dist_1ybzpk2._.js:2477
[ 1424580ms] [LOG] [Fast Refresh] rebuilding @ http://localhost:3000/_next/static/chunks/node_modules_next_dist_1ybzpk2._.js:2477
[ 1424609ms] [LOG] [Fast Refresh] done in 131ms @ http://localhost:3000/_next/static/chunks/node_modules_next_dist_1ybzpk2._.js:2477
[ 1429250ms] [LOG] [Fast Refresh] rebuilding @ http://localhost:3000/_next/static/chunks/node_modules_next_dist_1ybzpk2._.js:2477
[ 1429403ms] [LOG] [Fast Refresh] done in 254ms @ http://localhost:3000/_next/static/chunks/node_modules_next_dist_1ybzpk2._.js:2477
[ 1433086ms] [LOG] [Fast Refresh] rebuilding @ http://localhost:3000/_next/static/chunks/node_modules_next_dist_1ybzpk2._.js:2477
[ 1433203ms] [LOG] [Fast Refresh] done in 223ms @ http://localhost:3000/_next/static/chunks/node_modules_next_dist_1ybzpk2._.js:2477
[ 1437323ms] [LOG] [Fast Refresh] rebuilding @ http://localhost:3000/_next/static/chunks/node_modules_next_dist_1ybzpk2._.js:2477
[ 1437417ms] [LOG] [Fast Refresh] done in 204ms @ http://localhost:3000/_next/static/chunks/node_modules_next_dist_1ybzpk2._.js:2477
[ 1466197ms] [LOG] [Fast Refresh] rebuilding @ http://localhost:3000/_next/static/chunks/node_modules_next_dist_1ybzpk2._.js:2477
[ 1466259ms] [LOG] [Fast Refresh] done in 162ms @ http://localhost:3000/_next/static/chunks/node_modules_next_dist_1ybzpk2._.js:2477
[ 1518783ms] [LOG] [Fast Refresh] rebuilding @ http://localhost:3000/_next/static/chunks/node_modules_next_dist_1ybzpk2._.js:2477
[ 1518848ms] [LOG] [Fast Refresh] done in 178ms @ http://localhost:3000/_next/static/chunks/node_modules_next_dist_1ybzpk2._.js:2477
[ 1523104ms] [LOG] [Fast Refresh] rebuilding @ http://localhost:3000/_next/static/chunks/node_modules_next_dist_1ybzpk2._.js:2477
[ 1523105ms] [LOG] [Fast Refresh] done in 108ms @ http://localhost:3000/_next/static/chunks/node_modules_next_dist_1ybzpk2._.js:2477
[ 1531589ms] [LOG] [Fast Refresh] rebuilding @ http://localhost:3000/_next/static/chunks/node_modules_next_dist_1ybzpk2._.js:2477
[ 1531604ms] [LOG] [Fast Refresh] done in 117ms @ http://localhost:3000/_next/static/chunks/node_modules_next_dist_1ybzpk2._.js:2477
[ 1644248ms] [LOG] [Fast Refresh] rebuilding @ http://localhost:3000/_next/static/chunks/node_modules_next_dist_1ybzpk2._.js:2477
[ 1644326ms] [LOG] [Fast Refresh] done in 182ms @ http://localhost:3000/_next/static/chunks/node_modules_next_dist_1ybzpk2._.js:2477
[ 2231204ms] [LOG] [Fast Refresh] rebuilding @ http://localhost:3000/_next/static/chunks/node_modules_next_dist_1ybzpk2._.js:2477
[ 2231281ms] [LOG] [Fast Refresh] done in 179ms @ http://localhost:3000/_next/static/chunks/node_modules_next_dist_1ybzpk2._.js:2477
[ 2269151ms] [LOG] [Fast Refresh] rebuilding @ http://localhost:3000/_next/static/chunks/node_modules_next_dist_1ybzpk2._.js:2477
[ 2269217ms] [LOG] [Fast Refresh] done in 176ms @ http://localhost:3000/_next/static/chunks/node_modules_next_dist_1ybzpk2._.js:2477
[ 2276913ms] [LOG] [Fast Refresh] rebuilding @ http://localhost:3000/_next/static/chunks/node_modules_next_dist_1ybzpk2._.js:2477
[ 2276971ms] [LOG] [Fast Refresh] done in 165ms @ http://localhost:3000/_next/static/chunks/node_modules_next_dist_1ybzpk2._.js:2477
[ 2359292ms] [ERROR] WebSocket connection to 'ws://localhost:3000/_next/webpack-hmr?id=qAB2uNMQWsbRwLJDSN4OP' failed: Error in connection establishment: net::ERR_CONNECTION_REFUSED @ http://localhost:3000/_next/static/chunks/node_modules_next_dist_client_0r5nbpw._.js:13422
[ 2362641ms] [ERROR] WebSocket connection to 'ws://localhost:3000/_next/webpack-hmr?id=qAB2uNMQWsbRwLJDSN4OP' failed: Error in connection establishment: net::ERR_CONNECTION_REFUSED @ http://localhost:3000/_next/static/chunks/node_modules_next_dist_client_0r5nbpw._.js:13422
[ 2366006ms] [ERROR] WebSocket connection to 'ws://localhost:3000/_next/webpack-hmr?id=qAB2uNMQWsbRwLJDSN4OP' failed: Error in connection establishment: net::ERR_CONNECTION_REFUSED @ http://localhost:3000/_next/static/chunks/node_modules_next_dist_client_0r5nbpw._.js:13422
[ 2369348ms] [ERROR] WebSocket connection to 'ws://localhost:3000/_next/webpack-hmr?id=qAB2uNMQWsbRwLJDSN4OP' failed: Error in connection establishment: net::ERR_CONNECTION_REFUSED @ http://localhost:3000/_next/static/chunks/node_modules_next_dist_client_0r5nbpw._.js:13422
[ 2372713ms] [ERROR] WebSocket connection to 'ws://localhost:3000/_next/webpack-hmr?id=qAB2uNMQWsbRwLJDSN4OP' failed: Error in connection establishment: net::ERR_CONNECTION_REFUSED @ http://localhost:3000/_next/static/chunks/node_modules_next_dist_client_0r5nbpw._.js:13422
[ 2381312ms] [LOG] [HMR] connected @ http://localhost:3000/_next/static/chunks/node_modules_next_dist_1ybzpk2._.js:2477
[ 2384300ms] [INFO] %cDownload the React DevTools for a better development experience: https://react.dev/link/react-devtools font-weight:bold @ http://localhost:3000/_next/static/chunks/node_modules_next_dist_1ybzpk2._.js:2477
[ 2384561ms] [LOG] [HMR] connected @ http://localhost:3000/_next/static/chunks/node_modules_next_dist_1ybzpk2._.js:2477
[ 2404747ms] [LOG] [Fast Refresh] rebuilding @ http://localhost:3000/_next/static/chunks/node_modules_next_dist_1ybzpk2._.js:2477
[ 2404783ms] [LOG] [Fast Refresh] done in 140ms @ http://localhost:3000/_next/static/chunks/node_modules_next_dist_1ybzpk2._.js:2477
[ 2428885ms] [LOG] [Fast Refresh] rebuilding @ http://localhost:3000/_next/static/chunks/node_modules_next_dist_1ybzpk2._.js:2477
[ 2428993ms] [LOG] [Fast Refresh] done in 210ms @ http://localhost:3000/_next/static/chunks/node_modules_next_dist_1ybzpk2._.js:2477
[ 2433129ms] [LOG] [Fast Refresh] rebuilding @ http://localhost:3000/_next/static/chunks/node_modules_next_dist_1ybzpk2._.js:2477
[ 2433182ms] [LOG] [Fast Refresh] done in 154ms @ http://localhost:3000/_next/static/chunks/node_modules_next_dist_1ybzpk2._.js:2477
[ 2480165ms] [LOG] [Fast Refresh] rebuilding @ http://localhost:3000/_next/static/chunks/node_modules_next_dist_1ybzpk2._.js:2477
[ 2480343ms] [LOG] [Fast Refresh] done in 245ms @ http://localhost:3000/_next/static/chunks/node_modules_next_dist_1ybzpk2._.js:2477
[ 2481979ms] [LOG] [Fast Refresh] rebuilding @ http://localhost:3000/_next/static/chunks/node_modules_next_dist_1ybzpk2._.js:2477
[ 2482001ms] [LOG] [Fast Refresh] done in 123ms @ http://localhost:3000/_next/static/chunks/node_modules_next_dist_1ybzpk2._.js:2477
[ 2493201ms] [LOG] [Fast Refresh] rebuilding @ http://localhost:3000/_next/static/chunks/node_modules_next_dist_1ybzpk2._.js:2477
[ 2494173ms] [LOG] [Fast Refresh] done in 900ms @ http://localhost:3000/_next/static/chunks/node_modules_next_dist_1ybzpk2._.js:2477
[ 2494297ms] [LOG] [Fast Refresh] rebuilding @ http://localhost:3000/_next/static/chunks/node_modules_next_dist_1ybzpk2._.js:2477
[ 2494502ms] [LOG] [Fast Refresh] done in 308ms @ http://localhost:3000/_next/static/chunks/node_modules_next_dist_1ybzpk2._.js:2477
[ 2494624ms] [LOG] [Fast Refresh] rebuilding @ http://localhost:3000/_next/static/chunks/node_modules_next_dist_1ybzpk2._.js:2477
[ 2494668ms] [LOG] [Fast Refresh] done in 150ms @ http://localhost:3000/_next/static/chunks/node_modules_next_dist_1ybzpk2._.js:2477
[ 2537157ms] [LOG] [Fast Refresh] rebuilding @ http://localhost:3000/_next/static/chunks/node_modules_next_dist_1ybzpk2._.js:2477
[ 2537361ms] [LOG] [Fast Refresh] done in 305ms @ http://localhost:3000/_next/static/chunks/node_modules_next_dist_1ybzpk2._.js:2477
[ 2537491ms] [LOG] [Fast Refresh] rebuilding @ http://localhost:3000/_next/static/chunks/node_modules_next_dist_1ybzpk2._.js:2477
[ 2537538ms] [LOG] [Fast Refresh] done in 156ms @ http://localhost:3000/_next/static/chunks/node_modules_next_dist_1ybzpk2._.js:2477
[ 2573143ms] [LOG] [Fast Refresh] rebuilding @ http://localhost:3000/_next/static/chunks/node_modules_next_dist_1ybzpk2._.js:2477
[ 2573182ms] [LOG] [Fast Refresh] done in 147ms @ http://localhost:3000/_next/static/chunks/node_modules_next_dist_1ybzpk2._.js:2477
[ 2573588ms] [LOG] [Fast Refresh] rebuilding @ http://localhost:3000/_next/static/chunks/node_modules_next_dist_1ybzpk2._.js:2477
[ 2573670ms] [LOG] [Fast Refresh] done in 188ms @ http://localhost:3000/_next/static/chunks/node_modules_next_dist_1ybzpk2._.js:2477
[ 2577201ms] [LOG] [Fast Refresh] rebuilding @ http://localhost:3000/_next/static/chunks/node_modules_next_dist_1ybzpk2._.js:2477
[ 2577203ms] [LOG] [Fast Refresh] done in 107ms @ http://localhost:3000/_next/static/chunks/node_modules_next_dist_1ybzpk2._.js:2477
[ 2636457ms] [LOG] [Fast Refresh] rebuilding @ http://localhost:3000/_next/static/chunks/node_modules_next_dist_1ybzpk2._.js:2477
[ 2636458ms] [LOG] [Fast Refresh] done in 114ms @ http://localhost:3000/_next/static/chunks/node_modules_next_dist_1ybzpk2._.js:2477
[ 2685387ms] [LOG] [Fast Refresh] rebuilding @ http://localhost:3000/_next/static/chunks/node_modules_next_dist_1ybzpk2._.js:2477
[ 2685482ms] [LOG] [Fast Refresh] done in 196ms @ http://localhost:3000/_next/static/chunks/node_modules_next_dist_1ybzpk2._.js:2477
[ 2688874ms] [LOG] [Fast Refresh] rebuilding @ http://localhost:3000/_next/static/chunks/node_modules_next_dist_1ybzpk2._.js:2477
[ 2688877ms] [LOG] [Fast Refresh] done in 120ms @ http://localhost:3000/_next/static/chunks/node_modules_next_dist_1ybzpk2._.js:2477
[ 2698028ms] [LOG] [Fast Refresh] rebuilding @ http://localhost:3000/_next/static/chunks/node_modules_next_dist_1ybzpk2._.js:2477
[ 2698040ms] [LOG] [Fast Refresh] done in 119ms @ http://localhost:3000/_next/static/chunks/node_modules_next_dist_1ybzpk2._.js:2477
[ 2740808ms] [LOG] [Fast Refresh] rebuilding @ http://localhost:3000/_next/static/chunks/node_modules_next_dist_1ybzpk2._.js:2477
[ 2740826ms] [LOG] [Fast Refresh] done in 126ms @ http://localhost:3000/_next/static/chunks/node_modules_next_dist_1ybzpk2._.js:2477
[ 2749833ms] [LOG] [Fast Refresh] rebuilding @ http://localhost:3000/_next/static/chunks/node_modules_next_dist_1ybzpk2._.js:2477
[ 2749892ms] [LOG] [Fast Refresh] done in 163ms @ http://localhost:3000/_next/static/chunks/node_modules_next_dist_1ybzpk2._.js:2477
[ 2818240ms] [LOG] [Fast Refresh] rebuilding @ http://localhost:3000/_next/static/chunks/node_modules_next_dist_1ybzpk2._.js:2477
[ 2818484ms] [LOG] [Fast Refresh] done in 351ms @ http://localhost:3000/_next/static/chunks/node_modules_next_dist_1ybzpk2._.js:2477
[ 2841183ms] [LOG] [Fast Refresh] rebuilding @ http://localhost:3000/_next/static/chunks/node_modules_next_dist_1ybzpk2._.js:2477
[ 2841197ms] [LOG] [Fast Refresh] done in 120ms @ http://localhost:3000/_next/static/chunks/node_modules_next_dist_1ybzpk2._.js:2477
[ 2842959ms] [LOG] [Fast Refresh] rebuilding @ http://localhost:3000/_next/static/chunks/node_modules_next_dist_1ybzpk2._.js:2477
[ 2842972ms] [LOG] [Fast Refresh] done in 117ms @ http://localhost:3000/_next/static/chunks/node_modules_next_dist_1ybzpk2._.js:2477
[ 2852870ms] [LOG] [Fast Refresh] rebuilding @ http://localhost:3000/_next/static/chunks/node_modules_next_dist_1ybzpk2._.js:2477
[ 2852912ms] [LOG] [Fast Refresh] done in 150ms @ http://localhost:3000/_next/static/chunks/node_modules_next_dist_1ybzpk2._.js:2477
[ 2859438ms] [LOG] [Fast Refresh] rebuilding @ http://localhost:3000/_next/static/chunks/node_modules_next_dist_1ybzpk2._.js:2477
[ 2859459ms] [LOG] [Fast Refresh] done in 125ms @ http://localhost:3000/_next/static/chunks/node_modules_next_dist_1ybzpk2._.js:2477
[ 2886619ms] [LOG] [Fast Refresh] rebuilding @ http://localhost:3000/_next/static/chunks/node_modules_next_dist_1ybzpk2._.js:2477
[ 2886684ms] [LOG] [Fast Refresh] done in 168ms @ http://localhost:3000/_next/static/chunks/node_modules_next_dist_1ybzpk2._.js:2477
[ 2890745ms] [LOG] [Fast Refresh] rebuilding @ http://localhost:3000/_next/static/chunks/node_modules_next_dist_1ybzpk2._.js:2477
[ 2890747ms] [LOG] [Fast Refresh] done in 111ms @ http://localhost:3000/_next/static/chunks/node_modules_next_dist_1ybzpk2._.js:2477
[ 2928452ms] [LOG] [Fast Refresh] rebuilding @ http://localhost:3000/_next/static/chunks/node_modules_next_dist_1ybzpk2._.js:2477
[ 2928743ms] [LOG] [Fast Refresh] done in 395ms @ http://localhost:3000/_next/static/chunks/node_modules_next_dist_1ybzpk2._.js:2477
[ 2945309ms] [LOG] [Fast Refresh] rebuilding @ http://localhost:3000/_next/static/chunks/node_modules_next_dist_1ybzpk2._.js:2477
[ 2945335ms] [LOG] [Fast Refresh] done in 141ms @ http://localhost:3000/_next/static/chunks/node_modules_next_dist_1ybzpk2._.js:2477
[ 2946437ms] [LOG] [Fast Refresh] rebuilding @ http://localhost:3000/_next/static/chunks/node_modules_next_dist_1ybzpk2._.js:2477
[ 2946459ms] [LOG] [Fast Refresh] done in 124ms @ http://localhost:3000/_next/static/chunks/node_modules_next_dist_1ybzpk2._.js:2477
[ 2980997ms] [LOG] [Fast Refresh] rebuilding @ http://localhost:3000/_next/static/chunks/node_modules_next_dist_1ybzpk2._.js:2477
[ 2981011ms] [LOG] [Fast Refresh] done in 125ms @ http://localhost:3000/_next/static/chunks/node_modules_next_dist_1ybzpk2._.js:2477
[ 3064074ms] [LOG] [Fast Refresh] rebuilding @ http://localhost:3000/_next/static/chunks/node_modules_next_dist_1ybzpk2._.js:2477
[ 3064104ms] [LOG] [Fast Refresh] done in 132ms @ http://localhost:3000/_next/static/chunks/node_modules_next_dist_1ybzpk2._.js:2477
[ 3163510ms] [LOG] [Fast Refresh] rebuilding @ http://localhost:3000/_next/static/chunks/node_modules_next_dist_1ybzpk2._.js:2477
[ 3163536ms] [LOG] [Fast Refresh] done in 137ms @ http://localhost:3000/_next/static/chunks/node_modules_next_dist_1ybzpk2._.js:2477
[ 3202841ms] [LOG] [Fast Refresh] rebuilding @ http://localhost:3000/_next/static/chunks/node_modules_next_dist_1ybzpk2._.js:2477
[ 3202888ms] [LOG] [Fast Refresh] done in 149ms @ http://localhost:3000/_next/static/chunks/node_modules_next_dist_1ybzpk2._.js:2477
[ 3203885ms] [LOG] [Fast Refresh] rebuilding @ http://localhost:3000/_next/static/chunks/node_modules_next_dist_1ybzpk2._.js:2477
[ 3203920ms] [LOG] [Fast Refresh] done in 142ms @ http://localhost:3000/_next/static/chunks/node_modules_next_dist_1ybzpk2._.js:2477
[ 3227593ms] [LOG] [Fast Refresh] rebuilding @ http://localhost:3000/_next/static/chunks/node_modules_next_dist_1ybzpk2._.js:2477
[ 3227614ms] [LOG] [Fast Refresh] done in 129ms @ http://localhost:3000/_next/static/chunks/node_modules_next_dist_1ybzpk2._.js:2477
[ 3246064ms] [ERROR] WebSocket connection to 'ws://localhost:3000/_next/webpack-hmr?id=z1KgveDTbDbizF0AixeZd' failed: Error in connection establishment: net::ERR_CONNECTION_REFUSED @ http://localhost:3000/_next/static/chunks/node_modules_next_dist_client_0r5nbpw._.js:13422
[ 3249459ms] [ERROR] WebSocket connection to 'ws://localhost:3000/_next/webpack-hmr?id=z1KgveDTbDbizF0AixeZd' failed: Error in connection establishment: net::ERR_CONNECTION_REFUSED @ http://localhost:3000/_next/static/chunks/node_modules_next_dist_client_0r5nbpw._.js:13422
[ 3252793ms] [ERROR] WebSocket connection to 'ws://localhost:3000/_next/webpack-hmr?id=z1KgveDTbDbizF0AixeZd' failed: Error in connection establishment: net::ERR_CONNECTION_REFUSED @ http://localhost:3000/_next/static/chunks/node_modules_next_dist_client_0r5nbpw._.js:13422
[ 3256201ms] [ERROR] WebSocket connection to 'ws://localhost:3000/_next/webpack-hmr?id=z1KgveDTbDbizF0AixeZd' failed: Error in connection establishment: net::ERR_CONNECTION_REFUSED @ http://localhost:3000/_next/static/chunks/node_modules_next_dist_client_0r5nbpw._.js:13422
[ 3259533ms] [ERROR] WebSocket connection to 'ws://localhost:3000/_next/webpack-hmr?id=z1KgveDTbDbizF0AixeZd' failed: Error in connection establishment: net::ERR_CONNECTION_REFUSED @ http://localhost:3000/_next/static/chunks/node_modules_next_dist_client_0r5nbpw._.js:13422
[ 3264787ms] [LOG] [HMR] connected @ http://localhost:3000/_next/static/chunks/node_modules_next_dist_1ybzpk2._.js:2477
[ 3266699ms] [INFO] %cDownload the React DevTools for a better development experience: https://react.dev/link/react-devtools font-weight:bold @ http://localhost:3000/_next/static/chunks/node_modules_next_dist_1ybzpk2._.js:2477
[ 3266825ms] [LOG] [HMR] connected @ http://localhost:3000/_next/static/chunks/node_modules_next_dist_1ybzpk2._.js:2477
[ 3309852ms] [LOG] [Fast Refresh] rebuilding @ http://localhost:3000/_next/static/chunks/node_modules_next_dist_1ybzpk2._.js:2477
[ 3309882ms] [LOG] [Fast Refresh] done in 139ms @ http://localhost:3000/_next/static/chunks/node_modules_next_dist_1ybzpk2._.js:2477
[ 3314623ms] [LOG] [Fast Refresh] rebuilding @ http://localhost:3000/_next/static/chunks/node_modules_next_dist_1ybzpk2._.js:2477
[ 3314633ms] [LOG] [Fast Refresh] done in 122ms @ http://localhost:3000/_next/static/chunks/node_modules_next_dist_1ybzpk2._.js:2477
[ 3327919ms] [LOG] [Fast Refresh] rebuilding @ http://localhost:3000/_next/static/chunks/node_modules_next_dist_1ybzpk2._.js:2477
[ 3327939ms] [LOG] [Fast Refresh] done in 127ms @ http://localhost:3000/_next/static/chunks/node_modules_next_dist_1ybzpk2._.js:2477
[ 3328895ms] [LOG] [Fast Refresh] rebuilding @ http://localhost:3000/_next/static/chunks/node_modules_next_dist_1ybzpk2._.js:2477
[ 3328930ms] [LOG] [Fast Refresh] done in 142ms @ http://localhost:3000/_next/static/chunks/node_modules_next_dist_1ybzpk2._.js:2477
[ 3330734ms] [LOG] [Fast Refresh] rebuilding @ http://localhost:3000/_next/static/chunks/node_modules_next_dist_1ybzpk2._.js:2477
[ 3330801ms] [LOG] [Fast Refresh] done in 178ms @ http://localhost:3000/_next/static/chunks/node_modules_next_dist_1ybzpk2._.js:2477
[ 3332726ms] [LOG] [Fast Refresh] rebuilding @ http://localhost:3000/_next/static/chunks/node_modules_next_dist_1ybzpk2._.js:2477
[ 3332727ms] [LOG] [Fast Refresh] done in 109ms @ http://localhost:3000/_next/static/chunks/node_modules_next_dist_1ybzpk2._.js:2477
[ 3371474ms] [LOG] [Fast Refresh] rebuilding @ http://localhost:3000/_next/static/chunks/node_modules_next_dist_1ybzpk2._.js:2477
[ 3371506ms] [LOG] [Fast Refresh] done in 132ms @ http://localhost:3000/_next/static/chunks/node_modules_next_dist_1ybzpk2._.js:2477
[ 3371611ms] [LOG] [Fast Refresh] rebuilding @ http://localhost:3000/_next/static/chunks/node_modules_next_dist_1ybzpk2._.js:2477
[ 3371767ms] [LOG] [Fast Refresh] done in 261ms @ http://localhost:3000/_next/static/chunks/node_modules_next_dist_1ybzpk2._.js:2477
[ 3371889ms] [LOG] [Fast Refresh] rebuilding @ http://localhost:3000/_next/static/chunks/node_modules_next_dist_1ybzpk2._.js:2477
[ 3371913ms] [LOG] [Fast Refresh] done in 136ms @ http://localhost:3000/_next/static/chunks/node_modules_next_dist_1ybzpk2._.js:2477
[ 3375535ms] [LOG] [Fast Refresh] rebuilding @ http://localhost:3000/_next/static/chunks/node_modules_next_dist_1ybzpk2._.js:2477
[ 3375536ms] [LOG] [Fast Refresh] done in 103ms @ http://localhost:3000/_next/static/chunks/node_modules_next_dist_1ybzpk2._.js:2477
[ 3573601ms] [LOG] [Fast Refresh] rebuilding @ http://localhost:3000/_next/static/chunks/node_modules_next_dist_1ybzpk2._.js:2477
[ 3573805ms] [LOG] [Fast Refresh] done in 265ms @ http://localhost:3000/_next/static/chunks/node_modules_next_dist_1ybzpk2._.js:2477
[ 3600636ms] [LOG] [Fast Refresh] rebuilding @ http://localhost:3000/_next/static/chunks/node_modules_next_dist_1ybzpk2._.js:2477
[ 3600668ms] [LOG] [Fast Refresh] done in 145ms @ http://localhost:3000/_next/static/chunks/node_modules_next_dist_1ybzpk2._.js:2477
[ 3600898ms] [LOG] [Fast Refresh] rebuilding @ http://localhost:3000/_next/static/chunks/node_modules_next_dist_1ybzpk2._.js:2477
[ 3600923ms] [LOG] [Fast Refresh] done in 130ms @ http://localhost:3000/_next/static/chunks/node_modules_next_dist_1ybzpk2._.js:2477
[ 3601617ms] [LOG] [Fast Refresh] rebuilding @ http://localhost:3000/_next/static/chunks/node_modules_next_dist_1ybzpk2._.js:2477
[ 3601743ms] [LOG] [Fast Refresh] done in 230ms @ http://localhost:3000/_next/static/chunks/node_modules_next_dist_1ybzpk2._.js:2477
[ 3601953ms] [LOG] [Fast Refresh] rebuilding @ http://localhost:3000/_next/static/chunks/node_modules_next_dist_1ybzpk2._.js:2477
[ 3601967ms] [LOG] [Fast Refresh] done in 129ms @ http://localhost:3000/_next/static/chunks/node_modules_next_dist_1ybzpk2._.js:2477
[ 3602977ms] [LOG] [Fast Refresh] rebuilding @ http://localhost:3000/_next/static/chunks/node_modules_next_dist_1ybzpk2._.js:2477
[ 3603028ms] [LOG] [Fast Refresh] done in 157ms @ http://localhost:3000/_next/static/chunks/node_modules_next_dist_1ybzpk2._.js:2477
[ 3603862ms] [LOG] [Fast Refresh] rebuilding @ http://localhost:3000/_next/static/chunks/node_modules_next_dist_1ybzpk2._.js:2477
[ 3603872ms] [LOG] [Fast Refresh] done in 112ms @ http://localhost:3000/_next/static/chunks/node_modules_next_dist_1ybzpk2._.js:2477
[ 3604977ms] [LOG] [Fast Refresh] rebuilding @ http://localhost:3000/_next/static/chunks/node_modules_next_dist_1ybzpk2._.js:2477
[ 3605015ms] [LOG] [Fast Refresh] done in 141ms @ http://localhost:3000/_next/static/chunks/node_modules_next_dist_1ybzpk2._.js:2477
[ 3687741ms] [LOG] [Fast Refresh] rebuilding @ http://localhost:3000/_next/static/chunks/node_modules_next_dist_1ybzpk2._.js:2477
[ 3687743ms] [LOG] [Fast Refresh] done in 118ms @ http://localhost:3000/_next/static/chunks/node_modules_next_dist_1ybzpk2._.js:2477
[ 3727111ms] [LOG] [Fast Refresh] rebuilding @ http://localhost:3000/_next/static/chunks/node_modules_next_dist_1ybzpk2._.js:2477
[ 3727182ms] [LOG] [Fast Refresh] done in 177ms @ http://localhost:3000/_next/static/chunks/node_modules_next_dist_1ybzpk2._.js:2477
[ 3794074ms] [LOG] [Fast Refresh] rebuilding @ http://localhost:3000/_next/static/chunks/node_modules_next_dist_1ybzpk2._.js:2477
[ 3795526ms] [LOG] [Fast Refresh] done in 1099ms @ http://localhost:3000/_next/static/chunks/node_modules_next_dist_1ybzpk2._.js:2477
[ 3795650ms] [LOG] [Fast Refresh] rebuilding @ http://localhost:3000/_next/static/chunks/node_modules_next_dist_1ybzpk2._.js:2477
[ 3795774ms] [LOG] [Fast Refresh] done in 230ms @ http://localhost:3000/_next/static/chunks/node_modules_next_dist_1ybzpk2._.js:2477
[ 3795984ms] [LOG] [Fast Refresh] rebuilding @ http://localhost:3000/_next/static/chunks/node_modules_next_dist_1ybzpk2._.js:2477
[ 3796292ms] [LOG] [Fast Refresh] done in 418ms @ http://localhost:3000/_next/static/chunks/node_modules_next_dist_1ybzpk2._.js:2477
[ 3796460ms] [LOG] [Fast Refresh] rebuilding @ http://localhost:3000/_next/static/chunks/node_modules_next_dist_1ybzpk2._.js:2477
[ 3796475ms] [LOG] [Fast Refresh] done in 117ms @ http://localhost:3000/_next/static/chunks/node_modules_next_dist_1ybzpk2._.js:2477
[ 3796892ms] [LOG] [Fast Refresh] rebuilding @ http://localhost:3000/_next/static/chunks/node_modules_next_dist_1ybzpk2._.js:2477
[ 3796967ms] [LOG] [Fast Refresh] done in 179ms @ http://localhost:3000/_next/static/chunks/node_modules_next_dist_1ybzpk2._.js:2477
[ 4261242ms] [LOG] [Fast Refresh] rebuilding @ http://localhost:3000/_next/static/chunks/node_modules_next_dist_1ybzpk2._.js:2477
[ 4261817ms] [LOG] [Fast Refresh] done in 684ms @ http://localhost:3000/_next/static/chunks/node_modules_next_dist_1ybzpk2._.js:2477
[ 4309716ms] [LOG] [Fast Refresh] rebuilding @ http://localhost:3000/_next/static/chunks/node_modules_next_dist_1ybzpk2._.js:2477
[ 4310747ms] [LOG] [Fast Refresh] done in 1134ms @ http://localhost:3000/_next/static/chunks/node_modules_next_dist_1ybzpk2._.js:2477
[ 4310872ms] [LOG] [Fast Refresh] rebuilding @ http://localhost:3000/_next/static/chunks/node_modules_next_dist_1ybzpk2._.js:2477
[ 4311515ms] [LOG] [Fast Refresh] done in 746ms @ http://localhost:3000/_next/static/chunks/node_modules_next_dist_1ybzpk2._.js:2477
[ 4311757ms] [LOG] [Fast Refresh] rebuilding @ http://localhost:3000/_next/static/chunks/node_modules_next_dist_1ybzpk2._.js:2477
[ 4311790ms] [LOG] [Fast Refresh] done in 139ms @ http://localhost:3000/_next/static/chunks/node_modules_next_dist_1ybzpk2._.js:2477
[ 4313432ms] [LOG] [Fast Refresh] rebuilding @ http://localhost:3000/_next/static/chunks/node_modules_next_dist_1ybzpk2._.js:2477
[ 4313643ms] [LOG] [Fast Refresh] done in 311ms @ http://localhost:3000/_next/static/chunks/node_modules_next_dist_1ybzpk2._.js:2477
[ 4314094ms] [LOG] [Fast Refresh] rebuilding @ http://localhost:3000/_next/static/chunks/node_modules_next_dist_1ybzpk2._.js:2477
[ 4314165ms] [LOG] [Fast Refresh] done in 181ms @ http://localhost:3000/_next/static/chunks/node_modules_next_dist_1ybzpk2._.js:2477
[ 4314982ms] [LOG] [Fast Refresh] rebuilding @ http://localhost:3000/_next/static/chunks/node_modules_next_dist_1ybzpk2._.js:2477
[ 4314993ms] [LOG] [Fast Refresh] done in 113ms @ http://localhost:3000/_next/static/chunks/node_modules_next_dist_1ybzpk2._.js:2477
[ 4318621ms] [LOG] [Fast Refresh] rebuilding @ http://localhost:3000/_next/static/chunks/node_modules_next_dist_1ybzpk2._.js:2477
[ 4318641ms] [LOG] [Fast Refresh] done in 128ms @ http://localhost:3000/_next/static/chunks/node_modules_next_dist_1ybzpk2._.js:2477
[ 4443771ms] [LOG] [Fast Refresh] rebuilding @ http://localhost:3000/_next/static/chunks/node_modules_next_dist_1ybzpk2._.js:2477
[ 4443798ms] [LOG] [Fast Refresh] done in 134ms @ http://localhost:3000/_next/static/chunks/node_modules_next_dist_1ybzpk2._.js:2477
[ 4445853ms] [LOG] [Fast Refresh] rebuilding @ http://localhost:3000/_next/static/chunks/node_modules_next_dist_1ybzpk2._.js:2477
[ 4445869ms] [LOG] [Fast Refresh] done in 129ms @ http://localhost:3000/_next/static/chunks/node_modules_next_dist_1ybzpk2._.js:2477
[ 4507215ms] [LOG] [Fast Refresh] rebuilding @ http://localhost:3000/_next/static/chunks/node_modules_next_dist_1ybzpk2._.js:2477
[ 4507291ms] [LOG] [Fast Refresh] done in 184ms @ http://localhost:3000/_next/static/chunks/node_modules_next_dist_1ybzpk2._.js:2477
[ 4535125ms] [LOG] [Fast Refresh] rebuilding @ http://localhost:3000/_next/static/chunks/node_modules_next_dist_1ybzpk2._.js:2477
[ 4535139ms] [LOG] [Fast Refresh] done in 120ms @ http://localhost:3000/_next/static/chunks/node_modules_next_dist_1ybzpk2._.js:2477
[ 4537209ms] [LOG] [Fast Refresh] rebuilding @ http://localhost:3000/_next/static/chunks/node_modules_next_dist_1ybzpk2._.js:2477
[ 4537210ms] [LOG] [Fast Refresh] done in 117ms @ http://localhost:3000/_next/static/chunks/node_modules_next_dist_1ybzpk2._.js:2477
[ 4630886ms] [LOG] [Fast Refresh] rebuilding @ http://localhost:3000/_next/static/chunks/node_modules_next_dist_1ybzpk2._.js:2477
[ 4631601ms] [LOG] [Fast Refresh] done in 824ms @ http://localhost:3000/_next/static/chunks/node_modules_next_dist_1ybzpk2._.js:2477
[ 4631713ms] [LOG] [Fast Refresh] rebuilding @ http://localhost:3000/_next/static/chunks/node_modules_next_dist_1ybzpk2._.js:2477
[ 4631977ms] [LOG] [Fast Refresh] done in 375ms @ http://localhost:3000/_next/static/chunks/node_modules_next_dist_1ybzpk2._.js:2477
[ 4632097ms] [LOG] [Fast Refresh] rebuilding @ http://localhost:3000/_next/static/chunks/node_modules_next_dist_1ybzpk2._.js:2477
[ 4632372ms] [LOG] [Fast Refresh] done in 379ms @ http://localhost:3000/_next/static/chunks/node_modules_next_dist_1ybzpk2._.js:2477
[ 4632513ms] [LOG] [Fast Refresh] rebuilding @ http://localhost:3000/_next/static/chunks/node_modules_next_dist_1ybzpk2._.js:2477
[ 4632951ms] [LOG] [Fast Refresh] done in 558ms @ http://localhost:3000/_next/static/chunks/node_modules_next_dist_1ybzpk2._.js:2477
[ 4633096ms] [LOG] [Fast Refresh] rebuilding @ http://localhost:3000/_next/static/chunks/node_modules_next_dist_1ybzpk2._.js:2477
[ 4633176ms] [LOG] [Fast Refresh] done in 185ms @ http://localhost:3000/_next/static/chunks/node_modules_next_dist_1ybzpk2._.js:2477
[ 4633310ms] [LOG] [Fast Refresh] rebuilding @ http://localhost:3000/_next/static/chunks/node_modules_next_dist_1ybzpk2._.js:2477
[ 4633337ms] [LOG] [Fast Refresh] done in 137ms @ http://localhost:3000/_next/static/chunks/node_modules_next_dist_1ybzpk2._.js:2477
[ 4694188ms] [LOG] [Fast Refresh] rebuilding @ http://localhost:3000/_next/static/chunks/node_modules_next_dist_1ybzpk2._.js:2477
[ 4694480ms] [LOG] [Fast Refresh] done in 352ms @ http://localhost:3000/_next/static/chunks/node_modules_next_dist_1ybzpk2._.js:2477
[ 4745933ms] [LOG] [Fast Refresh] rebuilding @ http://localhost:3000/_next/static/chunks/node_modules_next_dist_1ybzpk2._.js:2477
[ 4746333ms] [LOG] [Fast Refresh] done in 511ms @ http://localhost:3000/_next/static/chunks/node_modules_next_dist_1ybzpk2._.js:2477
[ 4746485ms] [LOG] [Fast Refresh] rebuilding @ http://localhost:3000/_next/static/chunks/node_modules_next_dist_1ybzpk2._.js:2477
[ 4746989ms] [LOG] [Fast Refresh] done in 606ms @ http://localhost:3000/_next/static/chunks/node_modules_next_dist_1ybzpk2._.js:2477
[ 4747093ms] [LOG] [Fast Refresh] rebuilding @ http://localhost:3000/_next/static/chunks/node_modules_next_dist_1ybzpk2._.js:2477
[ 4747122ms] [LOG] [Fast Refresh] done in 132ms @ http://localhost:3000/_next/static/chunks/node_modules_next_dist_1ybzpk2._.js:2477
[ 4748328ms] [LOG] [Fast Refresh] rebuilding @ http://localhost:3000/_next/static/chunks/node_modules_next_dist_1ybzpk2._.js:2477
[ 4748338ms] [LOG] [Fast Refresh] done in 117ms @ http://localhost:3000/_next/static/chunks/node_modules_next_dist_1ybzpk2._.js:2477
[ 4748839ms] [LOG] [Fast Refresh] rebuilding @ http://localhost:3000/_next/static/chunks/node_modules_next_dist_1ybzpk2._.js:2477
[ 4748973ms] [LOG] [Fast Refresh] done in 246ms @ http://localhost:3000/_next/static/chunks/node_modules_next_dist_1ybzpk2._.js:2477
[ 4974681ms] [LOG] [Fast Refresh] rebuilding @ http://localhost:3000/_next/static/chunks/node_modules_next_dist_1ybzpk2._.js:2477
[ 4974919ms] [LOG] [Fast Refresh] done in 320ms @ http://localhost:3000/_next/static/chunks/node_modules_next_dist_1ybzpk2._.js:2477
[ 5616087ms] [LOG] [Fast Refresh] rebuilding @ http://localhost:3000/_next/static/chunks/node_modules_next_dist_1ybzpk2._.js:2477
[ 5616514ms] [LOG] [Fast Refresh] done in 539ms @ http://localhost:3000/_next/static/chunks/node_modules_next_dist_1ybzpk2._.js:2477
[ 5626914ms] [LOG] [Fast Refresh] rebuilding @ http://localhost:3000/_next/static/chunks/node_modules_next_dist_1ybzpk2._.js:2477
[ 5627343ms] [LOG] [Fast Refresh] done in 536ms @ http://localhost:3000/_next/static/chunks/node_modules_next_dist_1ybzpk2._.js:2477
[ 5665916ms] [LOG] [Fast Refresh] rebuilding @ http://localhost:3000/_next/static/chunks/node_modules_next_dist_1ybzpk2._.js:2477
[ 5665949ms] [LOG] [Fast Refresh] done in 144ms @ http://localhost:3000/_next/static/chunks/node_modules_next_dist_1ybzpk2._.js:2477
[ 5666352ms] [LOG] [Fast Refresh] rebuilding @ http://localhost:3000/_next/static/chunks/node_modules_next_dist_1ybzpk2._.js:2477
[ 5666627ms] [LOG] [Fast Refresh] done in 380ms @ http://localhost:3000/_next/static/chunks/node_modules_next_dist_1ybzpk2._.js:2477
[ 5667272ms] [LOG] [Fast Refresh] rebuilding @ http://localhost:3000/_next/static/chunks/node_modules_next_dist_1ybzpk2._.js:2477
[ 5667418ms] [LOG] [Fast Refresh] done in 248ms @ http://localhost:3000/_next/static/chunks/node_modules_next_dist_1ybzpk2._.js:2477
[ 5679424ms] [LOG] [Fast Refresh] rebuilding @ http://localhost:3000/_next/static/chunks/node_modules_next_dist_1ybzpk2._.js:2477
[ 5679447ms] [LOG] [Fast Refresh] done in 131ms @ http://localhost:3000/_next/static/chunks/node_modules_next_dist_1ybzpk2._.js:2477
[ 5735905ms] [LOG] [Fast Refresh] rebuilding @ http://localhost:3000/_next/static/chunks/node_modules_next_dist_1ybzpk2._.js:2477
[ 5735932ms] [LOG] [Fast Refresh] done in 131ms @ http://localhost:3000/_next/static/chunks/node_modules_next_dist_1ybzpk2._.js:2477
[ 6026790ms] [LOG] [Fast Refresh] rebuilding @ http://localhost:3000/_next/static/chunks/node_modules_next_dist_1ybzpk2._.js:2477
[ 6026839ms] [LOG] [Fast Refresh] done in 157ms @ http://localhost:3000/_next/static/chunks/node_modules_next_dist_1ybzpk2._.js:2477
[ 6166826ms] [LOG] [Fast Refresh] rebuilding @ http://localhost:3000/_next/static/chunks/node_modules_next_dist_1ybzpk2._.js:2477
[ 6166828ms] [LOG] [Fast Refresh] done in 111ms @ http://localhost:3000/_next/static/chunks/node_modules_next_dist_1ybzpk2._.js:2477
[ 6173057ms] [LOG] [Fast Refresh] rebuilding @ http://localhost:3000/_next/static/chunks/node_modules_next_dist_1ybzpk2._.js:2477
[ 6173080ms] [LOG] [Fast Refresh] done in 131ms @ http://localhost:3000/_next/static/chunks/node_modules_next_dist_1ybzpk2._.js:2477
[ 6195805ms] [LOG] [Fast Refresh] rebuilding @ http://localhost:3000/_next/static/chunks/node_modules_next_dist_1ybzpk2._.js:2477
[ 6195833ms] [LOG] [Fast Refresh] done in 136ms @ http://localhost:3000/_next/static/chunks/node_modules_next_dist_1ybzpk2._.js:2477
[46446781ms] [ERROR] Failed to load resource: net::ERR_NAME_NOT_RESOLVED @ https://www.youtube-nocookie.com/youtubei/v1/att/get?prettyPrint=false:0
[46448193ms] [ERROR] WebSocket connection to 'ws://localhost:3000/_next/webpack-hmr?id=e7360ZwFZQ-qwsnO_tF_K' failed: Error in connection establishment: net::ERR_CONNECTION_REFUSED @ http://localhost:3000/_next/static/chunks/node_modules_next_dist_client_0r5nbpw._.js:13422
[46451527ms] [ERROR] WebSocket connection to 'ws://localhost:3000/_next/webpack-hmr?id=e7360ZwFZQ-qwsnO_tF_K' failed: Error in connection establishment: net::ERR_CONNECTION_REFUSED @ http://localhost:3000/_next/static/chunks/node_modules_next_dist_client_0r5nbpw._.js:13422
[46454861ms] [ERROR] WebSocket connection to 'ws://localhost:3000/_next/webpack-hmr?id=e7360ZwFZQ-qwsnO_tF_K' failed: Error in connection establishment: net::ERR_CONNECTION_REFUSED @ http://localhost:3000/_next/static/chunks/node_modules_next_dist_client_0r5nbpw._.js:13422
[46456824ms] [ERROR] Failed to load resource: net::ERR_NAME_NOT_RESOLVED @ https://www.youtube-nocookie.com/youtubei/v1/log_event?alt=json:0
[46458221ms] [ERROR] WebSocket connection to 'ws://localhost:3000/_next/webpack-hmr?id=e7360ZwFZQ-qwsnO_tF_K' failed: Error in connection establishment: net::ERR_CONNECTION_REFUSED @ http://localhost:3000/_next/static/chunks/node_modules_next_dist_client_0r5nbpw._.js:13422
[46465360ms] [ERROR] Failed to load resource: net::ERR_NAME_NOT_RESOLVED @ https://www.youtube-nocookie.com/youtubei/v1/att/get?prettyPrint=false:0
[46465589ms] [ERROR] WebSocket connection to 'ws://localhost:3000/_next/webpack-hmr?id=e7360ZwFZQ-qwsnO_tF_K' failed: Error in connection establishment: net::ERR_CONNECTION_REFUSED @ http://localhost:3000/_next/static/chunks/node_modules_next_dist_client_0r5nbpw._.js:13422
[46472952ms] [ERROR] WebSocket connection to 'ws://localhost:3000/_next/webpack-hmr?id=e7360ZwFZQ-qwsnO_tF_K' failed: Error in connection establishment: net::ERR_CONNECTION_REFUSED @ http://localhost:3000/_next/static/chunks/node_modules_next_dist_client_0r5nbpw._.js:13422
[46475379ms] [ERROR] Failed to load resource: net::ERR_NAME_NOT_RESOLVED @ https://www.youtube-nocookie.com/youtubei/v1/log_event?alt=json:0
[46480341ms] [ERROR] WebSocket connection to 'ws://localhost:3000/_next/webpack-hmr?id=e7360ZwFZQ-qwsnO_tF_K' failed: Error in connection establishment: net::ERR_CONNECTION_REFUSED @ http://localhost:3000/_next/static/chunks/node_modules_next_dist_client_0r5nbpw._.js:13422
[46487697ms] [ERROR] WebSocket connection to 'ws://localhost:3000/_next/webpack-hmr?id=e7360ZwFZQ-qwsnO_tF_K' failed: Error in connection establishment: net::ERR_CONNECTION_REFUSED @ http://localhost:3000/_next/static/chunks/node_modules_next_dist_client_0r5nbpw._.js:13422
[46495061ms] [ERROR] WebSocket connection to 'ws://localhost:3000/_next/webpack-hmr?id=e7360ZwFZQ-qwsnO_tF_K' failed: Error in connection establishment: net::ERR_CONNECTION_REFUSED @ http://localhost:3000/_next/static/chunks/node_modules_next_dist_client_0r5nbpw._.js:13422
[46502433ms] [ERROR] WebSocket connection to 'ws://localhost:3000/_next/webpack-hmr?id=e7360ZwFZQ-qwsnO_tF_K' failed: Error in connection establishment: net::ERR_CONNECTION_REFUSED @ http://localhost:3000/_next/static/chunks/node_modules_next_dist_client_0r5nbpw._.js:13422
[46509838ms] [ERROR] WebSocket connection to 'ws://localhost:3000/_next/webpack-hmr?id=e7360ZwFZQ-qwsnO_tF_K' failed: Error in connection establishment: net::ERR_CONNECTION_REFUSED @ http://localhost:3000/_next/static/chunks/node_modules_next_dist_client_0r5nbpw._.js:13422
[46509905ms] [ERROR] Failed to load resource: net::ERR_NAME_NOT_RESOLVED @ https://www.youtube-nocookie.com/youtubei/v1/log_event?alt=json:0
[51115568ms] [INFO] %cDownload the React DevTools for a better development experience: https://react.dev/link/react-devtools font-weight:bold @ http://localhost:3000/_next/static/chunks/node_modules_next_dist_1ybzpk2._.js:2477
[51115721ms] [LOG] [HMR] connected @ http://localhost:3000/_next/static/chunks/node_modules_next_dist_1ybzpk2._.js:2477
[51582457ms] [LOG] [Fast Refresh] rebuilding @ http://localhost:3000/_next/static/chunks/node_modules_next_dist_1ybzpk2._.js:2477
[51582480ms] [LOG] [Fast Refresh] done in 129ms @ http://localhost:3000/_next/static/chunks/node_modules_next_dist_1ybzpk2._.js:2477
[51981212ms] [LOG] [Fast Refresh] rebuilding @ http://localhost:3000/_next/static/chunks/node_modules_next_dist_1ybzpk2._.js:2477
[51981727ms] [LOG] [Fast Refresh] done in 607ms @ http://localhost:3000/_next/static/chunks/node_modules_next_dist_1ybzpk2._.js:2477
[52028494ms] [LOG] [Fast Refresh] rebuilding @ http://localhost:3000/_next/static/chunks/node_modules_next_dist_1ybzpk2._.js:2477
[52029584ms] [LOG] [Fast Refresh] done in 937ms @ http://localhost:3000/_next/static/chunks/node_modules_next_dist_1ybzpk2._.js:2477
[52029694ms] [LOG] [Fast Refresh] rebuilding @ http://localhost:3000/_next/static/chunks/node_modules_next_dist_1ybzpk2._.js:2477
[52029755ms] [LOG] [Fast Refresh] done in 163ms @ http://localhost:3000/_next/static/chunks/node_modules_next_dist_1ybzpk2._.js:2477
[52029866ms] [LOG] [Fast Refresh] rebuilding @ http://localhost:3000/_next/static/chunks/node_modules_next_dist_1ybzpk2._.js:2477
[52029921ms] [LOG] [Fast Refresh] done in 155ms @ http://localhost:3000/_next/static/chunks/node_modules_next_dist_1ybzpk2._.js:2477
[52041539ms] [LOG] [Fast Refresh] rebuilding @ http://localhost:3000/_next/static/chunks/node_modules_next_dist_1ybzpk2._.js:2477
[52041608ms] [LOG] [Fast Refresh] done in 126ms @ http://localhost:3000/_next/static/chunks/node_modules_next_dist_1ybzpk2._.js:2477
[52067394ms] [LOG] [Fast Refresh] rebuilding @ http://localhost:3000/_next/static/chunks/node_modules_next_dist_1ybzpk2._.js:2477
[52067395ms] [LOG] [Fast Refresh] done in 107ms @ http://localhost:3000/_next/static/chunks/node_modules_next_dist_1ybzpk2._.js:2477
[52089536ms] [LOG] [Fast Refresh] rebuilding @ http://localhost:3000/_next/static/chunks/node_modules_next_dist_1ybzpk2._.js:2477
[52089924ms] [LOG] [Fast Refresh] done in 68ms @ http://localhost:3000/_next/static/chunks/node_modules_next_dist_1ybzpk2._.js:2477
[52090040ms] [LOG] [Fast Refresh] rebuilding @ http://localhost:3000/_next/static/chunks/node_modules_next_dist_1ybzpk2._.js:2477
[52090095ms] [LOG] [Fast Refresh] done in 160ms @ http://localhost:3000/_next/static/chunks/node_modules_next_dist_1ybzpk2._.js:2477
[52090213ms] [LOG] [Fast Refresh] rebuilding @ http://localhost:3000/_next/static/chunks/node_modules_next_dist_1ybzpk2._.js:2477
[52090224ms] [LOG] [Fast Refresh] done in 120ms @ http://localhost:3000/_next/static/chunks/node_modules_next_dist_1ybzpk2._.js:2477
[52096723ms] [LOG] [Fast Refresh] rebuilding @ http://localhost:3000/_next/static/chunks/node_modules_next_dist_1ybzpk2._.js:2477
[52096786ms] [LOG] [Fast Refresh] done in 126ms @ http://localhost:3000/_next/static/chunks/node_modules_next_dist_1ybzpk2._.js:2477
[52128221ms] [LOG] [Fast Refresh] rebuilding @ http://localhost:3000/_next/static/chunks/node_modules_next_dist_1ybzpk2._.js:2477
[52128295ms] [LOG] [Fast Refresh] done in 190ms @ http://localhost:3000/_next/static/chunks/node_modules_next_dist_1ybzpk2._.js:2477
[52198567ms] [LOG] [Fast Refresh] rebuilding @ http://localhost:3000/_next/static/chunks/node_modules_next_dist_1ybzpk2._.js:2477
[52198922ms] [LOG] [Fast Refresh] done in 67ms @ http://localhost:3000/_next/static/chunks/node_modules_next_dist_1ybzpk2._.js:2477
[52199033ms] [LOG] [Fast Refresh] rebuilding @ http://localhost:3000/_next/static/chunks/node_modules_next_dist_1ybzpk2._.js:2477
[52199040ms] [LOG] [Fast Refresh] done in 108ms @ http://localhost:3000/_next/static/chunks/node_modules_next_dist_1ybzpk2._.js:2477
[52199207ms] [LOG] [Fast Refresh] rebuilding @ http://localhost:3000/_next/static/chunks/node_modules_next_dist_1ybzpk2._.js:2477
[52199243ms] [LOG] [Fast Refresh] done in 141ms @ http://localhost:3000/_next/static/chunks/node_modules_next_dist_1ybzpk2._.js:2477
[52209805ms] [LOG] [Fast Refresh] rebuilding @ http://localhost:3000/_next/static/chunks/node_modules_next_dist_1ybzpk2._.js:2477
[52209869ms] [LOG] [Fast Refresh] done in 107ms @ http://localhost:3000/_next/static/chunks/node_modules_next_dist_1ybzpk2._.js:2477
[52219140ms] [LOG] [Fast Refresh] rebuilding @ http://localhost:3000/_next/static/chunks/node_modules_next_dist_1ybzpk2._.js:2477
[52219203ms] [LOG] [Fast Refresh] done in 110ms @ http://localhost:3000/_next/static/chunks/node_modules_next_dist_1ybzpk2._.js:2477
[52228746ms] [LOG] [Fast Refresh] rebuilding @ http://localhost:3000/_next/static/chunks/node_modules_next_dist_1ybzpk2._.js:2477
[52228746ms] [LOG] [Fast Refresh] done in 106ms @ http://localhost:3000/_next/static/chunks/node_modules_next_dist_1ybzpk2._.js:2477
[52255103ms] [LOG] [Fast Refresh] rebuilding @ http://localhost:3000/_next/static/chunks/node_modules_next_dist_1ybzpk2._.js:2477
[52255165ms] [LOG] [Fast Refresh] done in 110ms @ http://localhost:3000/_next/static/chunks/node_modules_next_dist_1ybzpk2._.js:2477
[52267183ms] [LOG] [Fast Refresh] rebuilding @ http://localhost:3000/_next/static/chunks/node_modules_next_dist_1ybzpk2._.js:2477
[52267244ms] [LOG] [Fast Refresh] done in 113ms @ http://localhost:3000/_next/static/chunks/node_modules_next_dist_1ybzpk2._.js:2477
[52278193ms] [LOG] [Fast Refresh] rebuilding @ http://localhost:3000/_next/static/chunks/node_modules_next_dist_1ybzpk2._.js:2477
[52278329ms] [LOG] [Fast Refresh] done in 245ms @ http://localhost:3000/_next/static/chunks/node_modules_next_dist_1ybzpk2._.js:2477
[52431740ms] [LOG] [Fast Refresh] rebuilding @ http://localhost:3000/_next/static/chunks/node_modules_next_dist_1ybzpk2._.js:2477
[52431802ms] [LOG] [Fast Refresh] done in 108ms @ http://localhost:3000/_next/static/chunks/node_modules_next_dist_1ybzpk2._.js:2477
[52486959ms] [LOG] [Fast Refresh] rebuilding @ http://localhost:3000/_next/static/chunks/node_modules_next_dist_1ybzpk2._.js:2477
[52486965ms] [LOG] [Fast Refresh] done in 114ms @ http://localhost:3000/_next/static/chunks/node_modules_next_dist_1ybzpk2._.js:2477
[52493354ms] [LOG] [Fast Refresh] rebuilding @ http://localhost:3000/_next/static/chunks/node_modules_next_dist_1ybzpk2._.js:2477
[52493511ms] [LOG] [Fast Refresh] done in 260ms @ http://localhost:3000/_next/static/chunks/node_modules_next_dist_1ybzpk2._.js:2477
[53947498ms] [ERROR] WebSocket connection to 'ws://localhost:3000/_next/webpack-hmr?id=sGtAMamcpq7_vL-Ah-xBI' failed: Error in connection establishment: net::ERR_CONNECTION_REFUSED @ http://localhost:3000/_next/static/chunks/node_modules_next_dist_client_0r5nbpw._.js:13422
[53950844ms] [ERROR] WebSocket connection to 'ws://localhost:3000/_next/webpack-hmr?id=sGtAMamcpq7_vL-Ah-xBI' failed: Error in connection establishment: net::ERR_CONNECTION_REFUSED @ http://localhost:3000/_next/static/chunks/node_modules_next_dist_client_0r5nbpw._.js:13422
[53954183ms] [ERROR] WebSocket connection to 'ws://localhost:3000/_next/webpack-hmr?id=sGtAMamcpq7_vL-Ah-xBI' failed: Error in connection establishment: net::ERR_CONNECTION_REFUSED @ http://localhost:3000/_next/static/chunks/node_modules_next_dist_client_0r5nbpw._.js:13422
[53957546ms] [ERROR] WebSocket connection to 'ws://localhost:3000/_next/webpack-hmr?id=sGtAMamcpq7_vL-Ah-xBI' failed: Error in connection establishment: net::ERR_CONNECTION_REFUSED @ http://localhost:3000/_next/static/chunks/node_modules_next_dist_client_0r5nbpw._.js:13422
[53960884ms] [ERROR] WebSocket connection to 'ws://localhost:3000/_next/webpack-hmr?id=sGtAMamcpq7_vL-Ah-xBI' failed: Error in connection establishment: net::ERR_CONNECTION_REFUSED @ http://localhost:3000/_next/static/chunks/node_modules_next_dist_client_0r5nbpw._.js:13422
[53968258ms] [ERROR] WebSocket connection to 'ws://localhost:3000/_next/webpack-hmr?id=sGtAMamcpq7_vL-Ah-xBI' failed: Error in connection establishment: net::ERR_CONNECTION_REFUSED @ http://localhost:3000/_next/static/chunks/node_modules_next_dist_client_0r5nbpw._.js:13422
[53975638ms] [ERROR] WebSocket connection to 'ws://localhost:3000/_next/webpack-hmr?id=sGtAMamcpq7_vL-Ah-xBI' failed: Error in connection establishment: net::ERR_CONNECTION_REFUSED @ http://localhost:3000/_next/static/chunks/node_modules_next_dist_client_0r5nbpw._.js:13422
[53983028ms] [ERROR] WebSocket connection to 'ws://localhost:3000/_next/webpack-hmr?id=sGtAMamcpq7_vL-Ah-xBI' failed: Error in connection establishment: net::ERR_CONNECTION_REFUSED @ http://localhost:3000/_next/static/chunks/node_modules_next_dist_client_0r5nbpw._.js:13422
[53990432ms] [ERROR] WebSocket connection to 'ws://localhost:3000/_next/webpack-hmr?id=sGtAMamcpq7_vL-Ah-xBI' failed: Error in connection establishment: net::ERR_CONNECTION_REFUSED @ http://localhost:3000/_next/static/chunks/node_modules_next_dist_client_0r5nbpw._.js:13422
[53997765ms] [ERROR] WebSocket connection to 'ws://localhost:3000/_next/webpack-hmr?id=sGtAMamcpq7_vL-Ah-xBI' failed: Error in connection establishment: net::ERR_CONNECTION_REFUSED @ http://localhost:3000/_next/static/chunks/node_modules_next_dist_client_0r5nbpw._.js:13422
[54005118ms] [ERROR] WebSocket connection to 'ws://localhost:3000/_next/webpack-hmr?id=sGtAMamcpq7_vL-Ah-xBI' failed: Error in connection establishment: net::ERR_CONNECTION_REFUSED @ http://localhost:3000/_next/static/chunks/node_modules_next_dist_client_0r5nbpw._.js:13422
[54012517ms] [ERROR] WebSocket connection to 'ws://localhost:3000/_next/webpack-hmr?id=sGtAMamcpq7_vL-Ah-xBI' failed: Error in connection establishment: net::ERR_CONNECTION_REFUSED @ http://localhost:3000/_next/static/chunks/node_modules_next_dist_client_0r5nbpw._.js:13422
[58628632ms] [INFO] %cDownload the React DevTools for a better development experience: https://react.dev/link/react-devtools font-weight:bold @ http://localhost:3000/_next/static/chunks/node_modules_next_dist_1ybzpk2._.js:2477
[58628915ms] [LOG] [HMR] connected @ http://localhost:3000/_next/static/chunks/node_modules_next_dist_1ybzpk2._.js:2477
[58629144ms] [LOG] [Fast Refresh] rebuilding @ http://localhost:3000/_next/static/chunks/node_modules_next_dist_1ybzpk2._.js:2477
[58629175ms] [LOG] [Fast Refresh] done in 146ms @ http://localhost:3000/_next/static/chunks/node_modules_next_dist_1ybzpk2._.js:2477
[58629400ms] [LOG] [Fast Refresh] rebuilding @ http://localhost:3000/_next/static/chunks/node_modules_next_dist_1ybzpk2._.js:2477
[58629403ms] [LOG] [Fast Refresh] done in 112ms @ http://localhost:3000/_next/static/chunks/node_modules_next_dist_1ybzpk2._.js:2477
[61248236ms] [ERROR] WebSocket connection to 'ws://localhost:3000/_next/webpack-hmr?id=FhVofEx-G1cq9uIfirAyV' failed: Error in connection establishment: net::ERR_NETWORK_IO_SUSPENDED @ http://localhost:3000/_next/static/chunks/node_modules_next_dist_client_0r5nbpw._.js:13422
[66482176ms] [ERROR] WebSocket connection to 'ws://localhost:3000/_next/webpack-hmr?id=FhVofEx-G1cq9uIfirAyV' failed: Error in connection establishment: net::ERR_CONNECTION_REFUSED @ http://localhost:3000/_next/static/chunks/node_modules_next_dist_client_0r5nbpw._.js:13422
[66485513ms] [ERROR] WebSocket connection to 'ws://localhost:3000/_next/webpack-hmr?id=FhVofEx-G1cq9uIfirAyV' failed: Error in connection establishment: net::ERR_CONNECTION_REFUSED @ http://localhost:3000/_next/static/chunks/node_modules_next_dist_client_0r5nbpw._.js:13422
[66488875ms] [ERROR] WebSocket connection to 'ws://localhost:3000/_next/webpack-hmr?id=FhVofEx-G1cq9uIfirAyV' failed: Error in connection establishment: net::ERR_CONNECTION_REFUSED @ http://localhost:3000/_next/static/chunks/node_modules_next_dist_client_0r5nbpw._.js:13422
[66496230ms] [ERROR] WebSocket connection to 'ws://localhost:3000/_next/webpack-hmr?id=FhVofEx-G1cq9uIfirAyV' failed: Error in connection establishment: net::ERR_CONNECTION_REFUSED @ http://localhost:3000/_next/static/chunks/node_modules_next_dist_client_0r5nbpw._.js:13422
[66503588ms] [ERROR] WebSocket connection to 'ws://localhost:3000/_next/webpack-hmr?id=FhVofEx-G1cq9uIfirAyV' failed: Error in connection establishment: net::ERR_CONNECTION_REFUSED @ http://localhost:3000/_next/static/chunks/node_modules_next_dist_client_0r5nbpw._.js:13422
[66510950ms] [ERROR] WebSocket connection to 'ws://localhost:3000/_next/webpack-hmr?id=FhVofEx-G1cq9uIfirAyV' failed: Error in connection establishment: net::ERR_CONNECTION_REFUSED @ http://localhost:3000/_next/static/chunks/node_modules_next_dist_client_0r5nbpw._.js:13422
[66518299ms] [ERROR] WebSocket connection to 'ws://localhost:3000/_next/webpack-hmr?id=FhVofEx-G1cq9uIfirAyV' failed: Error in connection establishment: net::ERR_CONNECTION_REFUSED @ http://localhost:3000/_next/static/chunks/node_modules_next_dist_client_0r5nbpw._.js:13422
[66525663ms] [ERROR] WebSocket connection to 'ws://localhost:3000/_next/webpack-hmr?id=FhVofEx-G1cq9uIfirAyV' failed: Error in connection establishment: net::ERR_CONNECTION_REFUSED @ http://localhost:3000/_next/static/chunks/node_modules_next_dist_client_0r5nbpw._.js:13422
[66533025ms] [ERROR] WebSocket connection to 'ws://localhost:3000/_next/webpack-hmr?id=FhVofEx-G1cq9uIfirAyV' failed: Error in connection establishment: net::ERR_CONNECTION_REFUSED @ http://localhost:3000/_next/static/chunks/node_modules_next_dist_client_0r5nbpw._.js:13422
[66540398ms] [ERROR] WebSocket connection to 'ws://localhost:3000/_next/webpack-hmr?id=FhVofEx-G1cq9uIfirAyV' failed: Error in connection establishment: net::ERR_CONNECTION_REFUSED @ http://localhost:3000/_next/static/chunks/node_modules_next_dist_client_0r5nbpw._.js:13422
[66556160ms] [INFO] %cDownload the React DevTools for a better development experience: https://react.dev/link/react-devtools font-weight:bold @ http://localhost:3000/_next/static/chunks/node_modules_next_dist_1ybzpk2._.js:2477
[66556557ms] [LOG] [HMR] connected @ http://localhost:3000/_next/static/chunks/node_modules_next_dist_1ybzpk2._.js:2477
[66794103ms] [LOG] [Fast Refresh] rebuilding @ http://localhost:3000/_next/static/chunks/node_modules_next_dist_1ybzpk2._.js:2477
[66795226ms] [LOG] [Fast Refresh] done in 1196ms @ http://localhost:3000/_next/static/chunks/node_modules_next_dist_1ybzpk2._.js:2477
[67039519ms] [LOG] [Fast Refresh] rebuilding @ http://localhost:3000/_next/static/chunks/node_modules_next_dist_1ybzpk2._.js:2477
[67039556ms] [LOG] [Fast Refresh] done in 145ms @ http://localhost:3000/_next/static/chunks/node_modules_next_dist_1ybzpk2._.js:2477
[67123254ms] [LOG] [Fast Refresh] rebuilding @ http://localhost:3000/_next/static/chunks/node_modules_next_dist_1ybzpk2._.js:2477
[67124234ms] [LOG] [Fast Refresh] done in 1086ms @ http://localhost:3000/_next/static/chunks/node_modules_next_dist_1ybzpk2._.js:2477
[67139470ms] [LOG] [Fast Refresh] rebuilding @ http://localhost:3000/_next/static/chunks/node_modules_next_dist_1ybzpk2._.js:2477
[67139553ms] [LOG] [Fast Refresh] done in 196ms @ http://localhost:3000/_next/static/chunks/node_modules_next_dist_1ybzpk2._.js:2477
[67232350ms] [LOG] [Fast Refresh] rebuilding @ http://localhost:3000/_next/static/chunks/node_modules_next_dist_1ybzpk2._.js:2477
[67232495ms] [LOG] [Fast Refresh] done in 68ms @ http://localhost:3000/_next/static/chunks/node_modules_next_dist_1ybzpk2._.js:2477
[67237068ms] [LOG] [Fast Refresh] rebuilding @ http://localhost:3000/_next/static/chunks/node_modules_next_dist_1ybzpk2._.js:2477
[67237129ms] [LOG] [Fast Refresh] done in 149ms @ http://localhost:3000/_next/static/chunks/node_modules_next_dist_1ybzpk2._.js:2477
[67594705ms] [LOG] [Fast Refresh] rebuilding @ http://localhost:3000/_next/static/chunks/node_modules_next_dist_1ybzpk2._.js:2477
[67595281ms] [LOG] [Fast Refresh] done in 544ms @ http://localhost:3000/_next/static/chunks/node_modules_next_dist_1ybzpk2._.js:2477
[67602130ms] [LOG] [Fast Refresh] rebuilding @ http://localhost:3000/_next/static/chunks/node_modules_next_dist_1ybzpk2._.js:2477
[67602293ms] [LOG] [Fast Refresh] done in 49ms @ http://localhost:3000/_next/static/chunks/node_modules_next_dist_1ybzpk2._.js:2477
[67618757ms] [LOG] [Fast Refresh] rebuilding @ http://localhost:3000/_next/static/chunks/node_modules_next_dist_1ybzpk2._.js:2477
[67618821ms] [LOG] [Fast Refresh] done in 79ms @ http://localhost:3000/_next/static/chunks/node_modules_next_dist_1ybzpk2._.js:2477
[67675473ms] [LOG] [Fast Refresh] rebuilding @ http://localhost:3000/_next/static/chunks/node_modules_next_dist_1ybzpk2._.js:2477
[67675629ms] [LOG] [Fast Refresh] done in 257ms @ http://localhost:3000/_next/static/chunks/node_modules_next_dist_1ybzpk2._.js:2477
[68116115ms] [LOG] [Fast Refresh] rebuilding @ http://localhost:3000/_next/static/chunks/node_modules_next_dist_1ybzpk2._.js:2477
[68116274ms] [LOG] [Fast Refresh] done in 244ms @ http://localhost:3000/_next/static/chunks/node_modules_next_dist_1ybzpk2._.js:2477
[68138121ms] [LOG] [Fast Refresh] rebuilding @ http://localhost:3000/_next/static/chunks/node_modules_next_dist_1ybzpk2._.js:2477
[68138196ms] [LOG] [Fast Refresh] done in 134ms @ http://localhost:3000/_next/static/chunks/node_modules_next_dist_1ybzpk2._.js:2477
[68178633ms] [LOG] [Fast Refresh] rebuilding @ http://localhost:3000/_next/static/chunks/node_modules_next_dist_1ybzpk2._.js:2477
[68178836ms] [LOG] [Fast Refresh] done in 308ms @ http://localhost:3000/_next/static/chunks/node_modules_next_dist_1ybzpk2._.js:2477
[68270144ms] [LOG] [Fast Refresh] rebuilding @ http://localhost:3000/_next/static/chunks/node_modules_next_dist_1ybzpk2._.js:2477
[68270332ms] [LOG] [Fast Refresh] done in 300ms @ http://localhost:3000/_next/static/chunks/node_modules_next_dist_1ybzpk2._.js:2477
[68276566ms] [LOG] [Fast Refresh] rebuilding @ http://localhost:3000/_next/static/chunks/node_modules_next_dist_1ybzpk2._.js:2477
[68276585ms] [LOG] [Fast Refresh] done in 119ms @ http://localhost:3000/_next/static/chunks/node_modules_next_dist_1ybzpk2._.js:2477
[68336217ms] [LOG] [Fast Refresh] rebuilding @ http://localhost:3000/_next/static/chunks/node_modules_next_dist_1ybzpk2._.js:2477
[68336226ms] [LOG] [Fast Refresh] done in 124ms @ http://localhost:3000/_next/static/chunks/node_modules_next_dist_1ybzpk2._.js:2477
[68380332ms] [LOG] [Fast Refresh] rebuilding @ http://localhost:3000/_next/static/chunks/node_modules_next_dist_1ybzpk2._.js:2477
[68380442ms] [LOG] [Fast Refresh] done in 213ms @ http://localhost:3000/_next/static/chunks/node_modules_next_dist_1ybzpk2._.js:2477
[68396029ms] [LOG] [Fast Refresh] rebuilding @ http://localhost:3000/_next/static/chunks/node_modules_next_dist_1ybzpk2._.js:2477
[68396110ms] [LOG] [Fast Refresh] done in 151ms @ http://localhost:3000/_next/static/chunks/node_modules_next_dist_1ybzpk2._.js:2477
[68418712ms] [LOG] [Fast Refresh] rebuilding @ http://localhost:3000/_next/static/chunks/node_modules_next_dist_1ybzpk2._.js:2477
[68418714ms] [LOG] [Fast Refresh] done in 103ms @ http://localhost:3000/_next/static/chunks/node_modules_next_dist_1ybzpk2._.js:2477
[68914693ms] [LOG] [Fast Refresh] rebuilding @ http://localhost:3000/_next/static/chunks/node_modules_next_dist_1ybzpk2._.js:2477
[68914810ms] [LOG] [Fast Refresh] done in 165ms @ http://localhost:3000/_next/static/chunks/node_modules_next_dist_1ybzpk2._.js:2477
[68929225ms] [LOG] [Fast Refresh] rebuilding @ http://localhost:3000/_next/static/chunks/node_modules_next_dist_1ybzpk2._.js:2477
[68929366ms] [LOG] [Fast Refresh] done in 128ms @ http://localhost:3000/_next/static/chunks/node_modules_next_dist_1ybzpk2._.js:2477
[68969877ms] [LOG] [Fast Refresh] rebuilding @ http://localhost:3000/_next/static/chunks/node_modules_next_dist_1ybzpk2._.js:2477
[68969941ms] [LOG] [Fast Refresh] done in 170ms @ http://localhost:3000/_next/static/chunks/node_modules_next_dist_1ybzpk2._.js:2477
[69078925ms] [LOG] [Fast Refresh] rebuilding @ http://localhost:3000/_next/static/chunks/node_modules_next_dist_1ybzpk2._.js:2477
[69078990ms] [LOG] [Fast Refresh] done in 168ms @ http://localhost:3000/_next/static/chunks/node_modules_next_dist_1ybzpk2._.js:2477
[106641031ms] [ERROR] WebSocket connection to 'ws://localhost:3000/_next/webpack-hmr?id=i0mRVZ3NtILG7FIWn0ClN' failed: Error during WebSocket handshake: net::ERR_NETWORK_IO_SUSPENDED @ http://localhost:3000/_next/static/chunks/node_modules_next_dist_client_0r5nbpw._.js:13422
[107252561ms] [LOG] [HMR] connected @ http://localhost:3000/_next/static/chunks/node_modules_next_dist_1ybzpk2._.js:2477
[122261526ms] [LOG] [HMR] connected @ http://localhost:3000/_next/static/chunks/node_modules_next_dist_1ybzpk2._.js:2477
[122261952ms] [LOG] [Fast Refresh] rebuilding @ http://localhost:3000/_next/static/chunks/node_modules_next_dist_1ybzpk2._.js:2477
[122262240ms] [LOG] [Fast Refresh] done in 410ms @ http://localhost:3000/_next/static/chunks/node_modules_next_dist_1ybzpk2._.js:2477
[125890521ms] [LOG] [HMR] connected @ http://localhost:3000/_next/static/chunks/node_modules_next_dist_1ybzpk2._.js:2477
[125890662ms] [LOG] [Fast Refresh] rebuilding @ http://localhost:3000/_next/static/chunks/node_modules_next_dist_1ybzpk2._.js:2477
[125891864ms] [LOG] [Fast Refresh] done in 1308ms @ http://localhost:3000/_next/static/chunks/node_modules_next_dist_1ybzpk2._.js:2477
[129460420ms] [LOG] [HMR] connected @ http://localhost:3000/_next/static/chunks/node_modules_next_dist_1ybzpk2._.js:2477
[135773298ms] [LOG] [HMR] connected @ http://localhost:3000/_next/static/chunks/node_modules_next_dist_1ybzpk2._.js:2477
[174520965ms] [ERROR] WebSocket connection to 'ws://localhost:3000/_next/webpack-hmr?id=i0mRVZ3NtILG7FIWn0ClN' failed: Error in connection establishment: net::ERR_CONNECTION_REFUSED @ http://localhost:3000/_next/static/chunks/node_modules_next_dist_client_0r5nbpw._.js:13422
[174528324ms] [ERROR] WebSocket connection to 'ws://localhost:3000/_next/webpack-hmr?id=i0mRVZ3NtILG7FIWn0ClN' failed: Error in connection establishment: net::ERR_CONNECTION_REFUSED @ http://localhost:3000/_next/static/chunks/node_modules_next_dist_client_0r5nbpw._.js:13422
[174535669ms] [ERROR] WebSocket connection to 'ws://localhost:3000/_next/webpack-hmr?id=i0mRVZ3NtILG7FIWn0ClN' failed: Error in connection establishment: net::ERR_CONNECTION_REFUSED @ http://localhost:3000/_next/static/chunks/node_modules_next_dist_client_0r5nbpw._.js:13422
[174543015ms] [ERROR] WebSocket connection to 'ws://localhost:3000/_next/webpack-hmr?id=i0mRVZ3NtILG7FIWn0ClN' failed: Error in connection establishment: net::ERR_CONNECTION_REFUSED @ http://localhost:3000/_next/static/chunks/node_modules_next_dist_client_0r5nbpw._.js:13422
[174550378ms] [ERROR] WebSocket connection to 'ws://localhost:3000/_next/webpack-hmr?id=i0mRVZ3NtILG7FIWn0ClN' failed: Error in connection establishment: net::ERR_CONNECTION_REFUSED @ http://localhost:3000/_next/static/chunks/node_modules_next_dist_client_0r5nbpw._.js:13422
[174557757ms] [ERROR] WebSocket connection to 'ws://localhost:3000/_next/webpack-hmr?id=i0mRVZ3NtILG7FIWn0ClN' failed: Error in connection establishment: net::ERR_CONNECTION_REFUSED @ http://localhost:3000/_next/static/chunks/node_modules_next_dist_client_0r5nbpw._.js:13422
[174565125ms] [ERROR] WebSocket connection to 'ws://localhost:3000/_next/webpack-hmr?id=i0mRVZ3NtILG7FIWn0ClN' failed: Error in connection establishment: net::ERR_CONNECTION_REFUSED @ http://localhost:3000/_next/static/chunks/node_modules_next_dist_client_0r5nbpw._.js:13422
[174609064ms] [INFO] %cDownload the React DevTools for a better development experience: https://react.dev/link/react-devtools font-weight:bold @ http://localhost:3000/_next/static/chunks/node_modules_next_dist_1ybzpk2._.js:2477
[174609275ms] [LOG] [HMR] connected @ http://localhost:3000/_next/static/chunks/node_modules_next_dist_1ybzpk2._.js:2477
[174631437ms] [LOG] [Fast Refresh] rebuilding @ http://localhost:3000/_next/static/chunks/node_modules_next_dist_1ybzpk2._.js:2477
[174631469ms] [LOG] [Fast Refresh] done in 145ms @ http://localhost:3000/_next/static/chunks/node_modules_next_dist_1ybzpk2._.js:2477
[174777916ms] [LOG] [Fast Refresh] rebuilding @ http://localhost:3000/_next/static/chunks/node_modules_next_dist_1ybzpk2._.js:2477
[174778950ms] [LOG] [Fast Refresh] done in 1120ms @ http://localhost:3000/_next/static/chunks/node_modules_next_dist_1ybzpk2._.js:2477
[174822827ms] [LOG] [Fast Refresh] rebuilding @ http://localhost:3000/_next/static/chunks/node_modules_next_dist_1ybzpk2._.js:2477
[174822881ms] [LOG] [Fast Refresh] done in 156ms @ http://localhost:3000/_next/static/chunks/node_modules_next_dist_1ybzpk2._.js:2477
[174823875ms] [LOG] [Fast Refresh] rebuilding @ http://localhost:3000/_next/static/chunks/node_modules_next_dist_1ybzpk2._.js:2477
[174823970ms] [LOG] [Fast Refresh] done in 202ms @ http://localhost:3000/_next/static/chunks/node_modules_next_dist_1ybzpk2._.js:2477
[174848900ms] [LOG] [Fast Refresh] rebuilding @ http://localhost:3000/_next/static/chunks/node_modules_next_dist_1ybzpk2._.js:2477
[174848900ms] [LOG] [Fast Refresh] done in 114ms @ http://localhost:3000/_next/static/chunks/node_modules_next_dist_1ybzpk2._.js:2477
[174868758ms] [LOG] [Fast Refresh] rebuilding @ http://localhost:3000/_next/static/chunks/node_modules_next_dist_1ybzpk2._.js:2477
[174869660ms] [LOG] [Fast Refresh] done in 817ms @ http://localhost:3000/_next/static/chunks/node_modules_next_dist_1ybzpk2._.js:2477
[174869774ms] [LOG] [Fast Refresh] rebuilding @ http://localhost:3000/_next/static/chunks/node_modules_next_dist_1ybzpk2._.js:2477
[174869827ms] [LOG] [Fast Refresh] done in 153ms @ http://localhost:3000/_next/static/chunks/node_modules_next_dist_1ybzpk2._.js:2477
[174869946ms] [LOG] [Fast Refresh] rebuilding @ http://localhost:3000/_next/static/chunks/node_modules_next_dist_1ybzpk2._.js:2477
[174870120ms] [LOG] [Fast Refresh] done in 279ms @ http://localhost:3000/_next/static/chunks/node_modules_next_dist_1ybzpk2._.js:2477
[174876055ms] [LOG] [Fast Refresh] rebuilding @ http://localhost:3000/_next/static/chunks/node_modules_next_dist_1ybzpk2._.js:2477
[174876619ms] [LOG] [Fast Refresh] done in 356ms @ http://localhost:3000/_next/static/chunks/node_modules_next_dist_1ybzpk2._.js:2477
[174876727ms] [LOG] [Fast Refresh] rebuilding @ http://localhost:3000/_next/static/chunks/node_modules_next_dist_1ybzpk2._.js:2477
[174876779ms] [LOG] [Fast Refresh] done in 154ms @ http://localhost:3000/_next/static/chunks/node_modules_next_dist_1ybzpk2._.js:2477
[174884351ms] [LOG] [Fast Refresh] rebuilding @ http://localhost:3000/_next/static/chunks/node_modules_next_dist_1ybzpk2._.js:2477
[174884477ms] [LOG] [Fast Refresh] done in 196ms @ http://localhost:3000/_next/static/chunks/node_modules_next_dist_1ybzpk2._.js:2477
[174935447ms] [LOG] [Fast Refresh] rebuilding @ http://localhost:3000/_next/static/chunks/node_modules_next_dist_1ybzpk2._.js:2477
[174935586ms] [LOG] [Fast Refresh] done in 253ms @ http://localhost:3000/_next/static/chunks/node_modules_next_dist_1ybzpk2._.js:2477
[175417915ms] [LOG] [Fast Refresh] rebuilding @ http://localhost:3000/_next/static/chunks/node_modules_next_dist_1ybzpk2._.js:2477
[175418133ms] [LOG] [Fast Refresh] done in 325ms @ http://localhost:3000/_next/static/chunks/node_modules_next_dist_1ybzpk2._.js:2477
[175418540ms] [LOG] [Fast Refresh] rebuilding @ http://localhost:3000/_next/static/chunks/node_modules_next_dist_1ybzpk2._.js:2477
[175418696ms] [LOG] [Fast Refresh] done in 258ms @ http://localhost:3000/_next/static/chunks/node_modules_next_dist_1ybzpk2._.js:2477
[175418819ms] [LOG] [Fast Refresh] rebuilding @ http://localhost:3000/_next/static/chunks/node_modules_next_dist_1ybzpk2._.js:2477
[175418896ms] [LOG] [Fast Refresh] done in 190ms @ http://localhost:3000/_next/static/chunks/node_modules_next_dist_1ybzpk2._.js:2477
[175457873ms] [LOG] [Fast Refresh] rebuilding @ http://localhost:3000/_next/static/chunks/node_modules_next_dist_1ybzpk2._.js:2477
[175458078ms] [LOG] [Fast Refresh] done in 310ms @ http://localhost:3000/_next/static/chunks/node_modules_next_dist_1ybzpk2._.js:2477
[175474620ms] [LOG] [Fast Refresh] rebuilding @ http://localhost:3000/_next/static/chunks/node_modules_next_dist_1ybzpk2._.js:2477
[175474792ms] [LOG] [Fast Refresh] done in 277ms @ http://localhost:3000/_next/static/chunks/node_modules_next_dist_1ybzpk2._.js:2477
[175549319ms] [LOG] [Fast Refresh] rebuilding @ http://localhost:3000/_next/static/chunks/node_modules_next_dist_1ybzpk2._.js:2477
[175549535ms] [LOG] [Fast Refresh] done in 328ms @ http://localhost:3000/_next/static/chunks/node_modules_next_dist_1ybzpk2._.js:2477
[175563259ms] [LOG] [Fast Refresh] rebuilding @ http://localhost:3000/_next/static/chunks/node_modules_next_dist_1ybzpk2._.js:2477
[175563520ms] [LOG] [Fast Refresh] done in 364ms @ http://localhost:3000/_next/static/chunks/node_modules_next_dist_1ybzpk2._.js:2477
[175571374ms] [LOG] [Fast Refresh] rebuilding @ http://localhost:3000/_next/static/chunks/node_modules_next_dist_1ybzpk2._.js:2477
[175571390ms] [LOG] [Fast Refresh] done in 122ms @ http://localhost:3000/_next/static/chunks/node_modules_next_dist_1ybzpk2._.js:2477
[175588928ms] [LOG] [Fast Refresh] rebuilding @ http://localhost:3000/_next/static/chunks/node_modules_next_dist_1ybzpk2._.js:2477
[175588941ms] [LOG] [Fast Refresh] done in 115ms @ http://localhost:3000/_next/static/chunks/node_modules_next_dist_1ybzpk2._.js:2477
[175612264ms] [LOG] [Fast Refresh] rebuilding @ http://localhost:3000/_next/static/chunks/node_modules_next_dist_1ybzpk2._.js:2477
[175612280ms] [LOG] [Fast Refresh] done in 116ms @ http://localhost:3000/_next/static/chunks/node_modules_next_dist_1ybzpk2._.js:2477
[175669358ms] [LOG] [Fast Refresh] rebuilding @ http://localhost:3000/_next/static/chunks/node_modules_next_dist_1ybzpk2._.js:2477
[175669359ms] [LOG] [Fast Refresh] done in 113ms @ http://localhost:3000/_next/static/chunks/node_modules_next_dist_1ybzpk2._.js:2477
[175673979ms] [LOG] [Fast Refresh] rebuilding @ http://localhost:3000/_next/static/chunks/node_modules_next_dist_1ybzpk2._.js:2477
[175673982ms] [LOG] [Fast Refresh] done in 117ms @ http://localhost:3000/_next/static/chunks/node_modules_next_dist_1ybzpk2._.js:2477
[175828525ms] [LOG] [Fast Refresh] rebuilding @ http://localhost:3000/_next/static/chunks/node_modules_next_dist_1ybzpk2._.js:2477
[175828553ms] [LOG] [Fast Refresh] done in 132ms @ http://localhost:3000/_next/static/chunks/node_modules_next_dist_1ybzpk2._.js:2477
[175855439ms] [LOG] [Fast Refresh] rebuilding @ http://localhost:3000/_next/static/chunks/node_modules_next_dist_1ybzpk2._.js:2477
[175856753ms] [LOG] [Fast Refresh] done in 1412ms @ http://localhost:3000/_next/static/chunks/node_modules_next_dist_1ybzpk2._.js:2477
[175856864ms] [LOG] [Fast Refresh] rebuilding @ http://localhost:3000/_next/static/chunks/node_modules_next_dist_1ybzpk2._.js:2477
[175857028ms] [LOG] [Fast Refresh] done in 267ms @ http://localhost:3000/_next/static/chunks/node_modules_next_dist_1ybzpk2._.js:2477
[175865062ms] [LOG] [Fast Refresh] rebuilding @ http://localhost:3000/_next/static/chunks/node_modules_next_dist_1ybzpk2._.js:2477
[175865279ms] [LOG] [Fast Refresh] done in 306ms @ http://localhost:3000/_next/static/chunks/node_modules_next_dist_1ybzpk2._.js:2477
[175875756ms] [LOG] [Fast Refresh] rebuilding @ http://localhost:3000/_next/static/chunks/node_modules_next_dist_1ybzpk2._.js:2477
[175875905ms] [LOG] [Fast Refresh] done in 265ms @ http://localhost:3000/_next/static/chunks/node_modules_next_dist_1ybzpk2._.js:2477
[175917839ms] [LOG] [Fast Refresh] rebuilding @ http://localhost:3000/_next/static/chunks/node_modules_next_dist_1ybzpk2._.js:2477
[175918209ms] [LOG] [Fast Refresh] done in 89ms @ http://localhost:3000/_next/static/chunks/node_modules_next_dist_1ybzpk2._.js:2477
[175918404ms] [LOG] [Fast Refresh] rebuilding @ http://localhost:3000/_next/static/chunks/node_modules_next_dist_1ybzpk2._.js:2477
[175918541ms] [LOG] [Fast Refresh] done in 240ms @ http://localhost:3000/_next/static/chunks/node_modules_next_dist_1ybzpk2._.js:2477
[175941061ms] [LOG] [Fast Refresh] rebuilding @ http://localhost:3000/_next/static/chunks/node_modules_next_dist_1ybzpk2._.js:2477
[175941191ms] [LOG] [Fast Refresh] done in 246ms @ http://localhost:3000/_next/static/chunks/node_modules_next_dist_1ybzpk2._.js:2477
[175969731ms] [LOG] [Fast Refresh] rebuilding @ http://localhost:3000/_next/static/chunks/node_modules_next_dist_1ybzpk2._.js:2477
[175970143ms] [LOG] [Fast Refresh] done in 80ms @ http://localhost:3000/_next/static/chunks/node_modules_next_dist_1ybzpk2._.js:2477
[175970277ms] [LOG] [Fast Refresh] rebuilding @ http://localhost:3000/_next/static/chunks/node_modules_next_dist_1ybzpk2._.js:2477
[175970410ms] [LOG] [Fast Refresh] done in 250ms @ http://localhost:3000/_next/static/chunks/node_modules_next_dist_1ybzpk2._.js:2477
[175980616ms] [LOG] [Fast Refresh] rebuilding @ http://localhost:3000/_next/static/chunks/node_modules_next_dist_1ybzpk2._.js:2477
[175980730ms] [LOG] [Fast Refresh] done in 221ms @ http://localhost:3000/_next/static/chunks/node_modules_next_dist_1ybzpk2._.js:2477
[175983093ms] [LOG] [Fast Refresh] rebuilding @ http://localhost:3000/_next/static/chunks/node_modules_next_dist_1ybzpk2._.js:2477
[175983123ms] [LOG] [Fast Refresh] done in 135ms @ http://localhost:3000/_next/static/chunks/node_modules_next_dist_1ybzpk2._.js:2477
[175983294ms] [LOG] [Fast Refresh] rebuilding @ http://localhost:3000/_next/static/chunks/node_modules_next_dist_1ybzpk2._.js:2477
[175983318ms] [LOG] [Fast Refresh] done in 131ms @ http://localhost:3000/_next/static/chunks/node_modules_next_dist_1ybzpk2._.js:2477
[175989788ms] [LOG] [Fast Refresh] rebuilding @ http://localhost:3000/_next/static/chunks/node_modules_next_dist_1ybzpk2._.js:2477
[175989804ms] [LOG] [Fast Refresh] done in 117ms @ http://localhost:3000/_next/static/chunks/node_modules_next_dist_1ybzpk2._.js:2477
[176020528ms] [LOG] [Fast Refresh] rebuilding @ http://localhost:3000/_next/static/chunks/node_modules_next_dist_1ybzpk2._.js:2477
[176020623ms] [LOG] [Fast Refresh] done in 197ms @ http://localhost:3000/_next/static/chunks/node_modules_next_dist_1ybzpk2._.js:2477
[176052501ms] [LOG] [Fast Refresh] rebuilding @ http://localhost:3000/_next/static/chunks/node_modules_next_dist_1ybzpk2._.js:2477
[176052501ms] [LOG] [Fast Refresh] done in 114ms @ http://localhost:3000/_next/static/chunks/node_modules_next_dist_1ybzpk2._.js:2477
[176054266ms] [LOG] [Fast Refresh] rebuilding @ http://localhost:3000/_next/static/chunks/node_modules_next_dist_1ybzpk2._.js:2477
[176054267ms] [LOG] [Fast Refresh] done in 115ms @ http://localhost:3000/_next/static/chunks/node_modules_next_dist_1ybzpk2._.js:2477
[176073221ms] [LOG] [Fast Refresh] rebuilding @ http://localhost:3000/_next/static/chunks/node_modules_next_dist_1ybzpk2._.js:2477
[176073639ms] [LOG] [Fast Refresh] done in 75ms @ http://localhost:3000/_next/static/chunks/node_modules_next_dist_1ybzpk2._.js:2477
[176073763ms] [LOG] [Fast Refresh] rebuilding @ http://localhost:3000/_next/static/chunks/node_modules_next_dist_1ybzpk2._.js:2477
[176073896ms] [LOG] [Fast Refresh] done in 235ms @ http://localhost:3000/_next/static/chunks/node_modules_next_dist_1ybzpk2._.js:2477
[176082153ms] [LOG] [Fast Refresh] rebuilding @ http://localhost:3000/_next/static/chunks/node_modules_next_dist_1ybzpk2._.js:2477
[176082232ms] [LOG] [Fast Refresh] done in 152ms @ http://localhost:3000/_next/static/chunks/node_modules_next_dist_1ybzpk2._.js:2477
[176097546ms] [ERROR] WebSocket connection to 'ws://localhost:3000/_next/webpack-hmr?id=xpPOjbnt36K19LNvhZqmg' failed: Error in connection establishment: net::ERR_CONNECTION_REFUSED @ http://localhost:3000/_next/static/chunks/node_modules_next_dist_client_0r5nbpw._.js:13422
[176100918ms] [ERROR] WebSocket connection to 'ws://localhost:3000/_next/webpack-hmr?id=xpPOjbnt36K19LNvhZqmg' failed: Error in connection establishment: net::ERR_CONNECTION_REFUSED @ http://localhost:3000/_next/static/chunks/node_modules_next_dist_client_0r5nbpw._.js:13422
[176104273ms] [ERROR] WebSocket connection to 'ws://localhost:3000/_next/webpack-hmr?id=xpPOjbnt36K19LNvhZqmg' failed: Error in connection establishment: net::ERR_CONNECTION_REFUSED @ http://localhost:3000/_next/static/chunks/node_modules_next_dist_client_0r5nbpw._.js:13422
[176107612ms] [ERROR] WebSocket connection to 'ws://localhost:3000/_next/webpack-hmr?id=xpPOjbnt36K19LNvhZqmg' failed: Error in connection establishment: net::ERR_CONNECTION_REFUSED @ http://localhost:3000/_next/static/chunks/node_modules_next_dist_client_0r5nbpw._.js:13422
[176111660ms] [ERROR] WebSocket connection to 'ws://localhost:3000/_next/webpack-hmr?id=xpPOjbnt36K19LNvhZqmg' failed: Error during WebSocket handshake: net::ERR_CONNECTION_RESET @ http://localhost:3000/_next/static/chunks/node_modules_next_dist_client_0r5nbpw._.js:13422
[176119009ms] [ERROR] WebSocket connection to 'ws://localhost:3000/_next/webpack-hmr?id=xpPOjbnt36K19LNvhZqmg' failed: Error in connection establishment: net::ERR_CONNECTION_REFUSED @ http://localhost:3000/_next/static/chunks/node_modules_next_dist_client_0r5nbpw._.js:13422
[176126371ms] [ERROR] WebSocket connection to 'ws://localhost:3000/_next/webpack-hmr?id=xpPOjbnt36K19LNvhZqmg' failed: Error in connection establishment: net::ERR_CONNECTION_REFUSED @ http://localhost:3000/_next/static/chunks/node_modules_next_dist_client_0r5nbpw._.js:13422
[176133754ms] [ERROR] WebSocket connection to 'ws://localhost:3000/_next/webpack-hmr?id=xpPOjbnt36K19LNvhZqmg' failed: Error in connection establishment: net::ERR_CONNECTION_REFUSED @ http://localhost:3000/_next/static/chunks/node_modules_next_dist_client_0r5nbpw._.js:13422
[176141138ms] [ERROR] WebSocket connection to 'ws://localhost:3000/_next/webpack-hmr?id=xpPOjbnt36K19LNvhZqmg' failed: Error in connection establishment: net::ERR_CONNECTION_REFUSED @ http://localhost:3000/_next/static/chunks/node_modules_next_dist_client_0r5nbpw._.js:13422
[176148528ms] [ERROR] WebSocket connection to 'ws://localhost:3000/_next/webpack-hmr?id=xpPOjbnt36K19LNvhZqmg' failed: Error in connection establishment: net::ERR_CONNECTION_REFUSED @ http://localhost:3000/_next/static/chunks/node_modules_next_dist_client_0r5nbpw._.js:13422
[176155930ms] [ERROR] WebSocket connection to 'ws://localhost:3000/_next/webpack-hmr?id=xpPOjbnt36K19LNvhZqmg' failed: Error in connection establishment: net::ERR_CONNECTION_REFUSED @ http://localhost:3000/_next/static/chunks/node_modules_next_dist_client_0r5nbpw._.js:13422
[176163424ms] [ERROR] WebSocket connection to 'ws://localhost:3000/_next/webpack-hmr?id=xpPOjbnt36K19LNvhZqmg' failed: Error in connection establishment: net::ERR_CONNECTION_REFUSED @ http://localhost:3000/_next/static/chunks/node_modules_next_dist_client_0r5nbpw._.js:13422
[176571946ms] [INFO] %cDownload the React DevTools for a better development experience: https://react.dev/link/react-devtools font-weight:bold @ http://localhost:3000/_next/static/chunks/node_modules_next_dist_1ybzpk2._.js:2477
[176572248ms] [LOG] [HMR] connected @ http://localhost:3000/_next/static/chunks/node_modules_next_dist_1ybzpk2._.js:2477
[176613450ms] [LOG] [Fast Refresh] rebuilding @ http://localhost:3000/_next/static/chunks/node_modules_next_dist_1ybzpk2._.js:2477
[176614529ms] [LOG] [Fast Refresh] done in 748ms @ http://localhost:3000/_next/static/chunks/node_modules_next_dist_1ybzpk2._.js:2477
[176614643ms] [LOG] [Fast Refresh] rebuilding @ http://localhost:3000/_next/static/chunks/node_modules_next_dist_1ybzpk2._.js:2477
[176614733ms] [LOG] [Fast Refresh] done in 192ms @ http://localhost:3000/_next/static/chunks/node_modules_next_dist_1ybzpk2._.js:2477
[176624592ms] [LOG] [Fast Refresh] rebuilding @ http://localhost:3000/_next/static/chunks/node_modules_next_dist_1ybzpk2._.js:2477
[176624797ms] [LOG] [Fast Refresh] done in 288ms @ http://localhost:3000/_next/static/chunks/node_modules_next_dist_1ybzpk2._.js:2477
[176625520ms] [LOG] [Fast Refresh] rebuilding @ http://localhost:3000/_next/static/chunks/node_modules_next_dist_1ybzpk2._.js:2477
[176625690ms] [LOG] [Fast Refresh] done in 278ms @ http://localhost:3000/_next/static/chunks/node_modules_next_dist_1ybzpk2._.js:2477
[176629009ms] [LOG] [Fast Refresh] rebuilding @ http://localhost:3000/_next/static/chunks/node_modules_next_dist_1ybzpk2._.js:2477
[176629055ms] [LOG] [Fast Refresh] done in 160ms @ http://localhost:3000/_next/static/chunks/node_modules_next_dist_1ybzpk2._.js:2477
[176879147ms] [LOG] [Fast Refresh] rebuilding @ http://localhost:3000/_next/static/chunks/node_modules_next_dist_1ybzpk2._.js:2477
[176879231ms] [LOG] [Fast Refresh] done in 143ms @ http://localhost:3000/_next/static/chunks/node_modules_next_dist_1ybzpk2._.js:2477
[176916134ms] [LOG] [Fast Refresh] rebuilding @ http://localhost:3000/_next/static/chunks/node_modules_next_dist_1ybzpk2._.js:2477
[176916275ms] [LOG] [Fast Refresh] done in 242ms @ http://localhost:3000/_next/static/chunks/node_modules_next_dist_1ybzpk2._.js:2477
[176917752ms] [LOG] [Fast Refresh] rebuilding @ http://localhost:3000/_next/static/chunks/node_modules_next_dist_1ybzpk2._.js:2477
[176917816ms] [LOG] [Fast Refresh] done in 170ms @ http://localhost:3000/_next/static/chunks/node_modules_next_dist_1ybzpk2._.js:2477
[176933577ms] [LOG] [Fast Refresh] rebuilding @ http://localhost:3000/_next/static/chunks/node_modules_next_dist_1ybzpk2._.js:2477
[176933580ms] [LOG] [Fast Refresh] done in 104ms @ http://localhost:3000/_next/static/chunks/node_modules_next_dist_1ybzpk2._.js:2477
[176941517ms] [LOG] [Fast Refresh] rebuilding @ http://localhost:3000/_next/static/chunks/node_modules_next_dist_1ybzpk2._.js:2477
[176941643ms] [LOG] [Fast Refresh] done in 229ms @ http://localhost:3000/_next/static/chunks/node_modules_next_dist_1ybzpk2._.js:2477
[176983072ms] [LOG] [Fast Refresh] rebuilding @ http://localhost:3000/_next/static/chunks/node_modules_next_dist_1ybzpk2._.js:2477
[176983222ms] [LOG] [Fast Refresh] done in 264ms @ http://localhost:3000/_next/static/chunks/node_modules_next_dist_1ybzpk2._.js:2477
[176994614ms] [LOG] [Fast Refresh] rebuilding @ http://localhost:3000/_next/static/chunks/node_modules_next_dist_1ybzpk2._.js:2477
[176994639ms] [LOG] [Fast Refresh] done in 141ms @ http://localhost:3000/_next/static/chunks/node_modules_next_dist_1ybzpk2._.js:2477
[177003434ms] [LOG] [Fast Refresh] rebuilding @ http://localhost:3000/_next/static/chunks/node_modules_next_dist_1ybzpk2._.js:2477
[177004091ms] [LOG] [Fast Refresh] done in 767ms @ http://localhost:3000/_next/static/chunks/node_modules_next_dist_1ybzpk2._.js:2477
[177004752ms] [LOG] [Fast Refresh] rebuilding @ http://localhost:3000/_next/static/chunks/node_modules_next_dist_1ybzpk2._.js:2477
[177004918ms] [LOG] [Fast Refresh] done in 284ms @ http://localhost:3000/_next/static/chunks/node_modules_next_dist_1ybzpk2._.js:2477
[177007162ms] [LOG] [Fast Refresh] rebuilding @ http://localhost:3000/_next/static/chunks/node_modules_next_dist_1ybzpk2._.js:2477
[177007191ms] [LOG] [Fast Refresh] done in 139ms @ http://localhost:3000/_next/static/chunks/node_modules_next_dist_1ybzpk2._.js:2477
[177041600ms] [LOG] [Fast Refresh] rebuilding @ http://localhost:3000/_next/static/chunks/node_modules_next_dist_1ybzpk2._.js:2477
[177041662ms] [LOG] [Fast Refresh] done in 167ms @ http://localhost:3000/_next/static/chunks/node_modules_next_dist_1ybzpk2._.js:2477
[177050380ms] [LOG] [Fast Refresh] rebuilding @ http://localhost:3000/_next/static/chunks/node_modules_next_dist_1ybzpk2._.js:2477
[177050592ms] [LOG] [Fast Refresh] done in 321ms @ http://localhost:3000/_next/static/chunks/node_modules_next_dist_1ybzpk2._.js:2477
[177050733ms] [LOG] [Fast Refresh] rebuilding @ http://localhost:3000/_next/static/chunks/node_modules_next_dist_1ybzpk2._.js:2477
[177050734ms] [LOG] [Fast Refresh] done in 107ms @ http://localhost:3000/_next/static/chunks/node_modules_next_dist_1ybzpk2._.js:2477
[177134261ms] [LOG] [Fast Refresh] rebuilding @ http://localhost:3000/_next/static/chunks/node_modules_next_dist_1ybzpk2._.js:2477
[177134313ms] [LOG] [Fast Refresh] done in 153ms @ http://localhost:3000/_next/static/chunks/node_modules_next_dist_1ybzpk2._.js:2477
[177173092ms] [LOG] [Fast Refresh] rebuilding @ http://localhost:3000/_next/static/chunks/node_modules_next_dist_1ybzpk2._.js:2477
[177173293ms] [LOG] [Fast Refresh] done in 315ms @ http://localhost:3000/_next/static/chunks/node_modules_next_dist_1ybzpk2._.js:2477
[177337488ms] [LOG] [Fast Refresh] rebuilding @ http://localhost:3000/_next/static/chunks/node_modules_next_dist_1ybzpk2._.js:2477
[177337492ms] [LOG] [Fast Refresh] done in 111ms @ http://localhost:3000/_next/static/chunks/node_modules_next_dist_1ybzpk2._.js:2477
[177337769ms] [LOG] [Fast Refresh] rebuilding @ http://localhost:3000/_next/static/chunks/node_modules_next_dist_1ybzpk2._.js:2477
[177337833ms] [LOG] [Fast Refresh] done in 169ms @ http://localhost:3000/_next/static/chunks/node_modules_next_dist_1ybzpk2._.js:2477
[177338466ms] [LOG] [Fast Refresh] rebuilding @ http://localhost:3000/_next/static/chunks/node_modules_next_dist_1ybzpk2._.js:2477
[177338530ms] [LOG] [Fast Refresh] done in 171ms @ http://localhost:3000/_next/static/chunks/node_modules_next_dist_1ybzpk2._.js:2477
[177376720ms] [LOG] [Fast Refresh] rebuilding @ http://localhost:3000/_next/static/chunks/node_modules_next_dist_1ybzpk2._.js:2477
[177376822ms] [LOG] [Fast Refresh] done in 171ms @ http://localhost:3000/_next/static/chunks/node_modules_next_dist_1ybzpk2._.js:2477
[177414346ms] [LOG] [Fast Refresh] rebuilding @ http://localhost:3000/_next/static/chunks/node_modules_next_dist_1ybzpk2._.js:2477
[177414348ms] [LOG] [Fast Refresh] done in 114ms @ http://localhost:3000/_next/static/chunks/node_modules_next_dist_1ybzpk2._.js:2477
[177429364ms] [LOG] [Fast Refresh] rebuilding @ http://localhost:3000/_next/static/chunks/node_modules_next_dist_1ybzpk2._.js:2477
[177429394ms] [LOG] [Fast Refresh] done in 143ms @ http://localhost:3000/_next/static/chunks/node_modules_next_dist_1ybzpk2._.js:2477
[177429689ms] [LOG] [Fast Refresh] rebuilding @ http://localhost:3000/_next/static/chunks/node_modules_next_dist_1ybzpk2._.js:2477
[177429733ms] [LOG] [Fast Refresh] done in 155ms @ http://localhost:3000/_next/static/chunks/node_modules_next_dist_1ybzpk2._.js:2477
[177430153ms] [LOG] [Fast Refresh] rebuilding @ http://localhost:3000/_next/static/chunks/node_modules_next_dist_1ybzpk2._.js:2477
[177430247ms] [LOG] [Fast Refresh] done in 199ms @ http://localhost:3000/_next/static/chunks/node_modules_next_dist_1ybzpk2._.js:2477
[177431146ms] [LOG] [Fast Refresh] rebuilding @ http://localhost:3000/_next/static/chunks/node_modules_next_dist_1ybzpk2._.js:2477
[177431148ms] [LOG] [Fast Refresh] done in 107ms @ http://localhost:3000/_next/static/chunks/node_modules_next_dist_1ybzpk2._.js:2477
[177456801ms] [LOG] [Fast Refresh] rebuilding @ http://localhost:3000/_next/static/chunks/node_modules_next_dist_1ybzpk2._.js:2477
[177456917ms] [LOG] [Fast Refresh] done in 123ms @ http://localhost:3000/_next/static/chunks/node_modules_next_dist_1ybzpk2._.js:2477
[177470705ms] [LOG] [Fast Refresh] rebuilding @ http://localhost:3000/_next/static/chunks/node_modules_next_dist_1ybzpk2._.js:2477
[177470783ms] [LOG] [Fast Refresh] done in 148ms @ http://localhost:3000/_next/static/chunks/node_modules_next_dist_1ybzpk2._.js:2477
[177475908ms] [LOG] [Fast Refresh] rebuilding @ http://localhost:3000/_next/static/chunks/node_modules_next_dist_1ybzpk2._.js:2477
[177476012ms] [LOG] [Fast Refresh] done in 213ms @ http://localhost:3000/_next/static/chunks/node_modules_next_dist_1ybzpk2._.js:2477
[177476416ms] [LOG] [Fast Refresh] rebuilding @ http://localhost:3000/_next/static/chunks/node_modules_next_dist_1ybzpk2._.js:2477
[177476560ms] [LOG] [Fast Refresh] done in 246ms @ http://localhost:3000/_next/static/chunks/node_modules_next_dist_1ybzpk2._.js:2477
[177477090ms] [LOG] [Fast Refresh] rebuilding @ http://localhost:3000/_next/static/chunks/node_modules_next_dist_1ybzpk2._.js:2477
[177477327ms] [LOG] [Fast Refresh] done in 343ms @ http://localhost:3000/_next/static/chunks/node_modules_next_dist_1ybzpk2._.js:2477
[177480976ms] [LOG] [Fast Refresh] rebuilding @ http://localhost:3000/_next/static/chunks/node_modules_next_dist_1ybzpk2._.js:2477
[177481053ms] [LOG] [Fast Refresh] done in 139ms @ http://localhost:3000/_next/static/chunks/node_modules_next_dist_1ybzpk2._.js:2477
[177481189ms] [LOG] [Fast Refresh] rebuilding @ http://localhost:3000/_next/static/chunks/node_modules_next_dist_1ybzpk2._.js:2477
[177481206ms] [LOG] [Fast Refresh] done in 122ms @ http://localhost:3000/_next/static/chunks/node_modules_next_dist_1ybzpk2._.js:2477
[177487309ms] [LOG] [Fast Refresh] rebuilding @ http://localhost:3000/_next/static/chunks/node_modules_next_dist_1ybzpk2._.js:2477
[177487310ms] [LOG] [Fast Refresh] done in 102ms @ http://localhost:3000/_next/static/chunks/node_modules_next_dist_1ybzpk2._.js:2477
[177491569ms] [LOG] [Fast Refresh] rebuilding @ http://localhost:3000/_next/static/chunks/node_modules_next_dist_1ybzpk2._.js:2477
[177491582ms] [LOG] [Fast Refresh] done in 122ms @ http://localhost:3000/_next/static/chunks/node_modules_next_dist_1ybzpk2._.js:2477
[177498367ms] [LOG] [Fast Refresh] rebuilding @ http://localhost:3000/_next/static/chunks/node_modules_next_dist_1ybzpk2._.js:2477
[177498371ms] [LOG] [Fast Refresh] done in 107ms @ http://localhost:3000/_next/static/chunks/node_modules_next_dist_1ybzpk2._.js:2477
[177534800ms] [LOG] [Fast Refresh] rebuilding @ http://localhost:3000/_next/static/chunks/node_modules_next_dist_1ybzpk2._.js:2477
[177534870ms] [LOG] [Fast Refresh] done in 122ms @ http://localhost:3000/_next/static/chunks/node_modules_next_dist_1ybzpk2._.js:2477
[177573891ms] [LOG] [Fast Refresh] rebuilding @ http://localhost:3000/_next/static/chunks/node_modules_next_dist_1ybzpk2._.js:2477
[177573894ms] [LOG] [Fast Refresh] done in 117ms @ http://localhost:3000/_next/static/chunks/node_modules_next_dist_1ybzpk2._.js:2477
[177582018ms] [LOG] [Fast Refresh] rebuilding @ http://localhost:3000/_next/static/chunks/node_modules_next_dist_1ybzpk2._.js:2477
[177582029ms] [LOG] [Fast Refresh] done in 111ms @ http://localhost:3000/_next/static/chunks/node_modules_next_dist_1ybzpk2._.js:2477
[177747619ms] [LOG] [Fast Refresh] rebuilding @ http://localhost:3000/_next/static/chunks/node_modules_next_dist_1ybzpk2._.js:2477
[177747624ms] [LOG] [Fast Refresh] done in 119ms @ http://localhost:3000/_next/static/chunks/node_modules_next_dist_1ybzpk2._.js:2477
[177767276ms] [LOG] [Fast Refresh] rebuilding @ http://localhost:3000/_next/static/chunks/node_modules_next_dist_1ybzpk2._.js:2477
[177767286ms] [LOG] [Fast Refresh] done in 119ms @ http://localhost:3000/_next/static/chunks/node_modules_next_dist_1ybzpk2._.js:2477
[177821655ms] [LOG] [Fast Refresh] rebuilding @ http://localhost:3000/_next/static/chunks/node_modules_next_dist_1ybzpk2._.js:2477
[177821827ms] [LOG] [Fast Refresh] done in 287ms @ http://localhost:3000/_next/static/chunks/node_modules_next_dist_1ybzpk2._.js:2477
[177821935ms] [LOG] [Fast Refresh] rebuilding @ http://localhost:3000/_next/static/chunks/node_modules_next_dist_1ybzpk2._.js:2477
[177821936ms] [LOG] [Fast Refresh] done in 108ms @ http://localhost:3000/_next/static/chunks/node_modules_next_dist_1ybzpk2._.js:2477
[177830191ms] [LOG] [Fast Refresh] rebuilding @ http://localhost:3000/_next/static/chunks/node_modules_next_dist_1ybzpk2._.js:2477
[177830197ms] [LOG] [Fast Refresh] done in 108ms @ http://localhost:3000/_next/static/chunks/node_modules_next_dist_1ybzpk2._.js:2477
[178029650ms] [LOG] [Fast Refresh] rebuilding @ http://localhost:3000/_next/static/chunks/node_modules_next_dist_1ybzpk2._.js:2477
[178031630ms] [LOG] [Fast Refresh] done in 2076ms @ http://localhost:3000/_next/static/chunks/node_modules_next_dist_1ybzpk2._.js:2477
[178031731ms] [LOG] [Fast Refresh] rebuilding @ http://localhost:3000/_next/static/chunks/node_modules_next_dist_1ybzpk2._.js:2477
[178032056ms] [LOG] [Fast Refresh] done in 426ms @ http://localhost:3000/_next/static/chunks/node_modules_next_dist_1ybzpk2._.js:2477
[178032168ms] [LOG] [Fast Refresh] rebuilding @ http://localhost:3000/_next/static/chunks/node_modules_next_dist_1ybzpk2._.js:2477
[178032256ms] [LOG] [Fast Refresh] done in 189ms @ http://localhost:3000/_next/static/chunks/node_modules_next_dist_1ybzpk2._.js:2477
[178032375ms] [LOG] [Fast Refresh] rebuilding @ http://localhost:3000/_next/static/chunks/node_modules_next_dist_1ybzpk2._.js:2477
[178032524ms] [LOG] [Fast Refresh] done in 249ms @ http://localhost:3000/_next/static/chunks/node_modules_next_dist_1ybzpk2._.js:2477
[178032649ms] [LOG] [Fast Refresh] rebuilding @ http://localhost:3000/_next/static/chunks/node_modules_next_dist_1ybzpk2._.js:2477
[178032746ms] [LOG] [Fast Refresh] done in 202ms @ http://localhost:3000/_next/static/chunks/node_modules_next_dist_1ybzpk2._.js:2477
[178044749ms] [LOG] [Fast Refresh] rebuilding @ http://localhost:3000/_next/static/chunks/node_modules_next_dist_1ybzpk2._.js:2477
[178044749ms] [LOG] [Fast Refresh] done in 108ms @ http://localhost:3000/_next/static/chunks/node_modules_next_dist_1ybzpk2._.js:2477
[178049387ms] [LOG] [Fast Refresh] rebuilding @ http://localhost:3000/_next/static/chunks/node_modules_next_dist_1ybzpk2._.js:2477
[178049456ms] [LOG] [Fast Refresh] done in 185ms @ http://localhost:3000/_next/static/chunks/node_modules_next_dist_1ybzpk2._.js:2477
[178075488ms] [LOG] [Fast Refresh] rebuilding @ http://localhost:3000/_next/static/chunks/node_modules_next_dist_1ybzpk2._.js:2477
[178075592ms] [LOG] [Fast Refresh] done in 208ms @ http://localhost:3000/_next/static/chunks/node_modules_next_dist_1ybzpk2._.js:2477
[178112417ms] [LOG] [Fast Refresh] rebuilding @ http://localhost:3000/_next/static/chunks/node_modules_next_dist_1ybzpk2._.js:2477
[178112418ms] [LOG] [Fast Refresh] done in 105ms @ http://localhost:3000/_next/static/chunks/node_modules_next_dist_1ybzpk2._.js:2477
[178134318ms] [LOG] [Fast Refresh] rebuilding @ http://localhost:3000/_next/static/chunks/node_modules_next_dist_1ybzpk2._.js:2477
[178134319ms] [LOG] [Fast Refresh] done in 105ms @ http://localhost:3000/_next/static/chunks/node_modules_next_dist_1ybzpk2._.js:2477
[178188251ms] [LOG] [Fast Refresh] rebuilding @ http://localhost:3000/_next/static/chunks/node_modules_next_dist_1ybzpk2._.js:2477
[178188252ms] [LOG] [Fast Refresh] done in 105ms @ http://localhost:3000/_next/static/chunks/node_modules_next_dist_1ybzpk2._.js:2477
[178207931ms] [LOG] [Fast Refresh] rebuilding @ http://localhost:3000/_next/static/chunks/node_modules_next_dist_1ybzpk2._.js:2477
[178207971ms] [LOG] [Fast Refresh] done in 142ms @ http://localhost:3000/_next/static/chunks/node_modules_next_dist_1ybzpk2._.js:2477
[178681711ms] [LOG] [Fast Refresh] rebuilding @ http://localhost:3000/_next/static/chunks/node_modules_next_dist_1ybzpk2._.js:2477
[178682039ms] [LOG] [Fast Refresh] done in 400ms @ http://localhost:3000/_next/static/chunks/node_modules_next_dist_1ybzpk2._.js:2477
[178696773ms] [LOG] [Fast Refresh] rebuilding @ http://localhost:3000/_next/static/chunks/node_modules_next_dist_1ybzpk2._.js:2477
[178696774ms] [LOG] [Fast Refresh] done in 107ms @ http://localhost:3000/_next/static/chunks/node_modules_next_dist_1ybzpk2._.js:2477
[178841326ms] [LOG] [Fast Refresh] rebuilding @ http://localhost:3000/_next/static/chunks/node_modules_next_dist_1ybzpk2._.js:2477
[178841410ms] [LOG] [Fast Refresh] done in 156ms @ http://localhost:3000/_next/static/chunks/node_modules_next_dist_1ybzpk2._.js:2477
[178964369ms] [LOG] [Fast Refresh] rebuilding @ http://localhost:3000/_next/static/chunks/node_modules_next_dist_1ybzpk2._.js:2477
[178964656ms] [LOG] [Fast Refresh] done in 394ms @ http://localhost:3000/_next/static/chunks/node_modules_next_dist_1ybzpk2._.js:2477
[178974300ms] [LOG] [Fast Refresh] rebuilding @ http://localhost:3000/_next/static/chunks/node_modules_next_dist_1ybzpk2._.js:2477
[178974309ms] [LOG] [Fast Refresh] done in 119ms @ http://localhost:3000/_next/static/chunks/node_modules_next_dist_1ybzpk2._.js:2477
[179719770ms] [LOG] [Fast Refresh] rebuilding @ http://localhost:3000/_next/static/chunks/node_modules_next_dist_1ybzpk2._.js:2477
[179720465ms] [LOG] [Fast Refresh] done in 800ms @ http://localhost:3000/_next/static/chunks/node_modules_next_dist_1ybzpk2._.js:2477
[179740821ms] [LOG] [Fast Refresh] rebuilding @ http://localhost:3000/_next/static/chunks/node_modules_next_dist_1ybzpk2._.js:2477
[179740964ms] [LOG] [Fast Refresh] done in 212ms @ http://localhost:3000/_next/static/chunks/node_modules_next_dist_1ybzpk2._.js:2477
[179741160ms] [LOG] [Fast Refresh] rebuilding @ http://localhost:3000/_next/static/chunks/node_modules_next_dist_1ybzpk2._.js:2477
[179742194ms] [LOG] [Fast Refresh] done in 1135ms @ http://localhost:3000/_next/static/chunks/node_modules_next_dist_1ybzpk2._.js:2477
[179742317ms] [LOG] [Fast Refresh] rebuilding @ http://localhost:3000/_next/static/chunks/node_modules_next_dist_1ybzpk2._.js:2477
[179742337ms] [LOG] [Fast Refresh] done in 128ms @ http://localhost:3000/_next/static/chunks/node_modules_next_dist_1ybzpk2._.js:2477
[179742448ms] [LOG] [Fast Refresh] rebuilding @ http://localhost:3000/_next/static/chunks/node_modules_next_dist_1ybzpk2._.js:2477
[179742574ms] [LOG] [Fast Refresh] done in 236ms @ http://localhost:3000/_next/static/chunks/node_modules_next_dist_1ybzpk2._.js:2477
[179743230ms] [LOG] [Fast Refresh] rebuilding @ http://localhost:3000/_next/static/chunks/node_modules_next_dist_1ybzpk2._.js:2477
[179743399ms] [LOG] [Fast Refresh] done in 274ms @ http://localhost:3000/_next/static/chunks/node_modules_next_dist_1ybzpk2._.js:2477
[179743756ms] [LOG] [Fast Refresh] rebuilding @ http://localhost:3000/_next/static/chunks/node_modules_next_dist_1ybzpk2._.js:2477
[179743877ms] [LOG] [Fast Refresh] done in 231ms @ http://localhost:3000/_next/static/chunks/node_modules_next_dist_1ybzpk2._.js:2477
[179766036ms] [LOG] [Fast Refresh] rebuilding @ http://localhost:3000/_next/static/chunks/node_modules_next_dist_1ybzpk2._.js:2477
[179766599ms] [LOG] [Fast Refresh] done in 587ms @ http://localhost:3000/_next/static/chunks/node_modules_next_dist_1ybzpk2._.js:2477
[179766713ms] [LOG] [Fast Refresh] rebuilding @ http://localhost:3000/_next/static/chunks/node_modules_next_dist_1ybzpk2._.js:2477
[179766954ms] [LOG] [Fast Refresh] done in 347ms @ http://localhost:3000/_next/static/chunks/node_modules_next_dist_1ybzpk2._.js:2477
[179767073ms] [LOG] [Fast Refresh] rebuilding @ http://localhost:3000/_next/static/chunks/node_modules_next_dist_1ybzpk2._.js:2477
[179767203ms] [LOG] [Fast Refresh] done in 237ms @ http://localhost:3000/_next/static/chunks/node_modules_next_dist_1ybzpk2._.js:2477
[179767631ms] [LOG] [Fast Refresh] rebuilding @ http://localhost:3000/_next/static/chunks/node_modules_next_dist_1ybzpk2._.js:2477
[179767659ms] [LOG] [Fast Refresh] done in 135ms @ http://localhost:3000/_next/static/chunks/node_modules_next_dist_1ybzpk2._.js:2477
[179767761ms] [LOG] [Fast Refresh] rebuilding @ http://localhost:3000/_next/static/chunks/node_modules_next_dist_1ybzpk2._.js:2477
[179767850ms] [LOG] [Fast Refresh] done in 190ms @ http://localhost:3000/_next/static/chunks/node_modules_next_dist_1ybzpk2._.js:2477
[179767965ms] [LOG] [Fast Refresh] rebuilding @ http://localhost:3000/_next/static/chunks/node_modules_next_dist_1ybzpk2._.js:2477
[179768029ms] [LOG] [Fast Refresh] done in 170ms @ http://localhost:3000/_next/static/chunks/node_modules_next_dist_1ybzpk2._.js:2477
[179768367ms] [LOG] [Fast Refresh] rebuilding @ http://localhost:3000/_next/static/chunks/node_modules_next_dist_1ybzpk2._.js:2477
[179768391ms] [LOG] [Fast Refresh] done in 128ms @ http://localhost:3000/_next/static/chunks/node_modules_next_dist_1ybzpk2._.js:2477
[179775137ms] [LOG] [Fast Refresh] rebuilding @ http://localhost:3000/_next/static/chunks/node_modules_next_dist_1ybzpk2._.js:2477
[179775699ms] [LOG] [Fast Refresh] done in 574ms @ http://localhost:3000/_next/static/chunks/node_modules_next_dist_1ybzpk2._.js:2477
[179775810ms] [LOG] [Fast Refresh] rebuilding @ http://localhost:3000/_next/static/chunks/node_modules_next_dist_1ybzpk2._.js:2477
[179776018ms] [LOG] [Fast Refresh] done in 311ms @ http://localhost:3000/_next/static/chunks/node_modules_next_dist_1ybzpk2._.js:2477
[179776136ms] [LOG] [Fast Refresh] rebuilding @ http://localhost:3000/_next/static/chunks/node_modules_next_dist_1ybzpk2._.js:2477
[179776272ms] [LOG] [Fast Refresh] done in 241ms @ http://localhost:3000/_next/static/chunks/node_modules_next_dist_1ybzpk2._.js:2477
[179776972ms] [LOG] [Fast Refresh] rebuilding @ http://localhost:3000/_next/static/chunks/node_modules_next_dist_1ybzpk2._.js:2477
[179777027ms] [LOG] [Fast Refresh] done in 161ms @ http://localhost:3000/_next/static/chunks/node_modules_next_dist_1ybzpk2._.js:2477
[179777365ms] [LOG] [Fast Refresh] rebuilding @ http://localhost:3000/_next/static/chunks/node_modules_next_dist_1ybzpk2._.js:2477
[179777409ms] [LOG] [Fast Refresh] done in 144ms @ http://localhost:3000/_next/static/chunks/node_modules_next_dist_1ybzpk2._.js:2477
[179795596ms] [LOG] [Fast Refresh] rebuilding @ http://localhost:3000/_next/static/chunks/node_modules_next_dist_1ybzpk2._.js:2477
[179795815ms] [LOG] [Fast Refresh] done in 323ms @ http://localhost:3000/_next/static/chunks/node_modules_next_dist_1ybzpk2._.js:2477
[179799207ms] [LOG] [Fast Refresh] rebuilding @ http://localhost:3000/_next/static/chunks/node_modules_next_dist_1ybzpk2._.js:2477
[179799263ms] [LOG] [Fast Refresh] done in 159ms @ http://localhost:3000/_next/static/chunks/node_modules_next_dist_1ybzpk2._.js:2477
[179837979ms] [LOG] [Fast Refresh] rebuilding @ http://localhost:3000/_next/static/chunks/node_modules_next_dist_1ybzpk2._.js:2477
[179838164ms] [LOG] [Fast Refresh] done in 290ms @ http://localhost:3000/_next/static/chunks/node_modules_next_dist_1ybzpk2._.js:2477
[179875504ms] [LOG] [Fast Refresh] rebuilding @ http://localhost:3000/_next/static/chunks/node_modules_next_dist_1ybzpk2._.js:2477
[179877581ms] [LOG] [Fast Refresh] done in 1623ms @ http://localhost:3000/_next/static/chunks/node_modules_next_dist_1ybzpk2._.js:2477
[179877701ms] [LOG] [Fast Refresh] rebuilding @ http://localhost:3000/_next/static/chunks/node_modules_next_dist_1ybzpk2._.js:2477
[179877779ms] [LOG] [Fast Refresh] done in 180ms @ http://localhost:3000/_next/static/chunks/node_modules_next_dist_1ybzpk2._.js:2477
[179877898ms] [LOG] [Fast Refresh] rebuilding @ http://localhost:3000/_next/static/chunks/node_modules_next_dist_1ybzpk2._.js:2477
[179878019ms] [LOG] [Fast Refresh] done in 223ms @ http://localhost:3000/_next/static/chunks/node_modules_next_dist_1ybzpk2._.js:2477
[179914073ms] [LOG] [Fast Refresh] rebuilding @ http://localhost:3000/_next/static/chunks/node_modules_next_dist_1ybzpk2._.js:2477
[179914638ms] [LOG] [Fast Refresh] done in 168ms @ http://localhost:3000/_next/static/chunks/node_modules_next_dist_1ybzpk2._.js:2477
[179914778ms] [LOG] [Fast Refresh] rebuilding @ http://localhost:3000/_next/static/chunks/node_modules_next_dist_1ybzpk2._.js:2477
[179914859ms] [LOG] [Fast Refresh] done in 182ms @ http://localhost:3000/_next/static/chunks/node_modules_next_dist_1ybzpk2._.js:2477
[179914962ms] [LOG] [Fast Refresh] rebuilding @ http://localhost:3000/_next/static/chunks/node_modules_next_dist_1ybzpk2._.js:2477
[179915037ms] [LOG] [Fast Refresh] done in 178ms @ http://localhost:3000/_next/static/chunks/node_modules_next_dist_1ybzpk2._.js:2477
[179935963ms] [LOG] [Fast Refresh] rebuilding @ http://localhost:3000/_next/static/chunks/node_modules_next_dist_1ybzpk2._.js:2477
[179936793ms] [WARNING] [Fast Refresh] performing full reload

Fast Refresh will perform a full reload when you edit a file that's imported by modules outside of the React rendering tree.
You might have a file which exports a React component but also exports a value that is imported by a non-React component file.
Consider migrating the non-React component export to a separate file and importing it into both files.

It is also possible the parent component of the component you edited is a class component, which disables Fast Refresh.
Fast Refresh requires at least one parent function component in your React tree. @ http://localhost:3000/_next/static/chunks/node_modules_next_dist_1ybzpk2._.js:2477
[179936801ms] [LOG] [Fast Refresh] done in 909ms @ http://localhost:3000/_next/static/chunks/node_modules_next_dist_1ybzpk2._.js:2477
[179936967ms] [LOG] [Fast Refresh] rebuilding @ http://localhost:3000/_next/static/chunks/node_modules_next_dist_1ybzpk2._.js:2477
[179937167ms] [LOG] [Fast Refresh] done in 304ms @ http://localhost:3000/_next/static/chunks/node_modules_next_dist_1ybzpk2._.js:2477
[179937496ms] [LOG] [Fast Refresh] rebuilding @ http://localhost:3000/_next/static/chunks/node_modules_next_dist_1ybzpk2._.js:2477
[179937703ms] [LOG] [Fast Refresh] done in 309ms @ http://localhost:3000/_next/static/chunks/node_modules_next_dist_1ybzpk2._.js:2477
[179938658ms] [INFO] %cDownload the React DevTools for a better development experience: https://react.dev/link/react-devtools font-weight:bold @ http://localhost:3000/_next/static/chunks/node_modules_next_dist_1ybzpk2._.js:2477
[179938810ms] [LOG] [HMR] connected @ http://localhost:3000/_next/static/chunks/node_modules_next_dist_1ybzpk2._.js:2477
[179968963ms] [LOG] [Fast Refresh] rebuilding @ http://localhost:3000/_next/static/chunks/node_modules_next_dist_1ybzpk2._.js:2477
[179968980ms] [LOG] [Fast Refresh] done in 120ms @ http://localhost:3000/_next/static/chunks/node_modules_next_dist_1ybzpk2._.js:2477
[179976399ms] [LOG] [Fast Refresh] rebuilding @ http://localhost:3000/_next/static/chunks/node_modules_next_dist_1ybzpk2._.js:2477
[179977373ms] [WARNING] [Fast Refresh] performing full reload

Fast Refresh will perform a full reload when you edit a file that's imported by modules outside of the React rendering tree.
You might have a file which exports a React component but also exports a value that is imported by a non-React component file.
Consider migrating the non-React component export to a separate file and importing it into both files.

It is also possible the parent component of the component you edited is a class component, which disables Fast Refresh.
Fast Refresh requires at least one parent function component in your React tree. @ http://localhost:3000/_next/static/chunks/node_modules_next_dist_1ybzpk2._.js:2477
[179977386ms] [LOG] [Fast Refresh] done in 1068ms @ http://localhost:3000/_next/static/chunks/node_modules_next_dist_1ybzpk2._.js:2477
[179977565ms] [LOG] [Fast Refresh] rebuilding @ http://localhost:3000/_next/static/chunks/node_modules_next_dist_1ybzpk2._.js:2477
[179977972ms] [LOG] [Fast Refresh] done in 514ms @ http://localhost:3000/_next/static/chunks/node_modules_next_dist_1ybzpk2._.js:2477
[179978657ms] [INFO] %cDownload the React DevTools for a better development experience: https://react.dev/link/react-devtools font-weight:bold @ http://localhost:3000/_next/static/chunks/node_modules_next_dist_1ybzpk2._.js:2477
[179978695ms] [LOG] [HMR] connected @ http://localhost:3000/_next/static/chunks/node_modules_next_dist_1ybzpk2._.js:2477
[179979371ms] [LOG] [Fast Refresh] rebuilding @ http://localhost:3000/_next/static/chunks/node_modules_next_dist_1ybzpk2._.js:2477
[179979372ms] [LOG] [Fast Refresh] done in 106ms @ http://localhost:3000/_next/static/chunks/node_modules_next_dist_1ybzpk2._.js:2477
[179979654ms] [LOG] [Fast Refresh] rebuilding @ http://localhost:3000/_next/static/chunks/node_modules_next_dist_1ybzpk2._.js:2477
[179979654ms] [LOG] [Fast Refresh] done in 106ms @ http://localhost:3000/_next/static/chunks/node_modules_next_dist_1ybzpk2._.js:2477
[179981483ms] [LOG] [Fast Refresh] rebuilding @ http://localhost:3000/_next/static/chunks/node_modules_next_dist_1ybzpk2._.js:2477
[179981500ms] [LOG] [Fast Refresh] done in 125ms @ http://localhost:3000/_next/static/chunks/node_modules_next_dist_1ybzpk2._.js:2477
[179981731ms] [LOG] [Fast Refresh] rebuilding @ http://localhost:3000/_next/static/chunks/node_modules_next_dist_1ybzpk2._.js:2477
[179981731ms] [LOG] [Fast Refresh] done in 101ms @ http://localhost:3000/_next/static/chunks/node_modules_next_dist_1ybzpk2._.js:2477
[179981963ms] [LOG] [Fast Refresh] rebuilding @ http://localhost:3000/_next/static/chunks/node_modules_next_dist_1ybzpk2._.js:2477
[179981967ms] [LOG] [Fast Refresh] done in 110ms @ http://localhost:3000/_next/static/chunks/node_modules_next_dist_1ybzpk2._.js:2477
[179995761ms] [LOG] [Fast Refresh] rebuilding @ http://localhost:3000/_next/static/chunks/node_modules_next_dist_1ybzpk2._.js:2477
[179995835ms] [WARNING] [Fast Refresh] performing full reload

Fast Refresh will perform a full reload when you edit a file that's imported by modules outside of the React rendering tree.
You might have a file which exports a React component but also exports a value that is imported by a non-React component file.
Consider migrating the non-React component export to a separate file and importing it into both files.

It is also possible the parent component of the component you edited is a class component, which disables Fast Refresh.
Fast Refresh requires at least one parent function component in your React tree. @ http://localhost:3000/_next/static/chunks/node_modules_next_dist_1ybzpk2._.js:2477
[179996489ms] [LOG] [Fast Refresh] done in 165ms @ http://localhost:3000/_next/static/chunks/node_modules_next_dist_1ybzpk2._.js:2477
[179996622ms] [LOG] [Fast Refresh] rebuilding @ http://localhost:3000/_next/static/chunks/node_modules_next_dist_1ybzpk2._.js:2477
[179997022ms] [LOG] [Fast Refresh] done in 510ms @ http://localhost:3000/_next/static/chunks/node_modules_next_dist_1ybzpk2._.js:2477
[179997424ms] [INFO] %cDownload the React DevTools for a better development experience: https://react.dev/link/react-devtools font-weight:bold @ http://localhost:3000/_next/static/chunks/node_modules_next_dist_1ybzpk2._.js:2477
[179997502ms] [LOG] [HMR] connected @ http://localhost:3000/_next/static/chunks/node_modules_next_dist_1ybzpk2._.js:2477
[179998976ms] [LOG] [Fast Refresh] rebuilding @ http://localhost:3000/_next/static/chunks/node_modules_next_dist_1ybzpk2._.js:2477
[179998982ms] [LOG] [Fast Refresh] done in 114ms @ http://localhost:3000/_next/static/chunks/node_modules_next_dist_1ybzpk2._.js:2477
[180015154ms] [LOG] [Fast Refresh] rebuilding @ http://localhost:3000/_next/static/chunks/node_modules_next_dist_1ybzpk2._.js:2477
[180015565ms] [LOG] [Fast Refresh] done in 287ms @ http://localhost:3000/_next/static/chunks/node_modules_next_dist_1ybzpk2._.js:2477
[180015669ms] [LOG] [Fast Refresh] rebuilding @ http://localhost:3000/_next/static/chunks/node_modules_next_dist_1ybzpk2._.js:2477
[180015796ms] [LOG] [Fast Refresh] done in 230ms @ http://localhost:3000/_next/static/chunks/node_modules_next_dist_1ybzpk2._.js:2477
[180015991ms] [LOG] [Fast Refresh] rebuilding @ http://localhost:3000/_next/static/chunks/node_modules_next_dist_1ybzpk2._.js:2477
[180016027ms] [LOG] [Fast Refresh] done in 150ms @ http://localhost:3000/_next/static/chunks/node_modules_next_dist_1ybzpk2._.js:2477
[180025056ms] [LOG] [Fast Refresh] rebuilding @ http://localhost:3000/_next/static/chunks/node_modules_next_dist_1ybzpk2._.js:2477
[180025167ms] [LOG] [Fast Refresh] done in 215ms @ http://localhost:3000/_next/static/chunks/node_modules_next_dist_1ybzpk2._.js:2477
[180116773ms] [LOG] [Fast Refresh] rebuilding @ http://localhost:3000/_next/static/chunks/node_modules_next_dist_1ybzpk2._.js:2477
[180116915ms] [LOG] [Fast Refresh] done in 208ms @ http://localhost:3000/_next/static/chunks/node_modules_next_dist_1ybzpk2._.js:2477
[180148386ms] [LOG] [Fast Refresh] rebuilding @ http://localhost:3000/_next/static/chunks/node_modules_next_dist_1ybzpk2._.js:2477
[180151005ms] [LOG] [Fast Refresh] done in 196ms @ http://localhost:3000/_next/static/chunks/node_modules_next_dist_1ybzpk2._.js:2477
[180156551ms] [LOG] [Fast Refresh] rebuilding @ http://localhost:3000/_next/static/chunks/node_modules_next_dist_1ybzpk2._.js:2477
[180156678ms] [LOG] [Fast Refresh] done in 229ms @ http://localhost:3000/_next/static/chunks/node_modules_next_dist_1ybzpk2._.js:2477
[180185374ms] [LOG] [Fast Refresh] rebuilding @ http://localhost:3000/_next/static/chunks/node_modules_next_dist_1ybzpk2._.js:2477
[180185494ms] [LOG] [Fast Refresh] done in 86ms @ http://localhost:3000/_next/static/chunks/node_modules_next_dist_1ybzpk2._.js:2477
[180185604ms] [LOG] [Fast Refresh] rebuilding @ http://localhost:3000/_next/static/chunks/node_modules_next_dist_1ybzpk2._.js:2477
[180185720ms] [LOG] [Fast Refresh] done in 217ms @ http://localhost:3000/_next/static/chunks/node_modules_next_dist_1ybzpk2._.js:2477
[180197420ms] [LOG] [Fast Refresh] rebuilding @ http://localhost:3000/_next/static/chunks/node_modules_next_dist_1ybzpk2._.js:2477
[180197421ms] [LOG] [Fast Refresh] done in 106ms @ http://localhost:3000/_next/static/chunks/node_modules_next_dist_1ybzpk2._.js:2477
[180255524ms] [LOG] [Fast Refresh] rebuilding @ http://localhost:3000/_next/static/chunks/node_modules_next_dist_1ybzpk2._.js:2477
[180255616ms] [LOG] [Fast Refresh] done in 199ms @ http://localhost:3000/_next/static/chunks/node_modules_next_dist_1ybzpk2._.js:2477
[180264660ms] [LOG] [Fast Refresh] rebuilding @ http://localhost:3000/_next/static/chunks/node_modules_next_dist_1ybzpk2._.js:2477
[180264765ms] [LOG] [Fast Refresh] done in 207ms @ http://localhost:3000/_next/static/chunks/node_modules_next_dist_1ybzpk2._.js:2477
[180266572ms] [LOG] [Fast Refresh] rebuilding @ http://localhost:3000/_next/static/chunks/node_modules_next_dist_1ybzpk2._.js:2477
[180266632ms] [LOG] [Fast Refresh] done in 172ms @ http://localhost:3000/_next/static/chunks/node_modules_next_dist_1ybzpk2._.js:2477
[180283801ms] [LOG] [Fast Refresh] rebuilding @ http://localhost:3000/_next/static/chunks/node_modules_next_dist_1ybzpk2._.js:2477
[180283849ms] [LOG] [Fast Refresh] done in 154ms @ http://localhost:3000/_next/static/chunks/node_modules_next_dist_1ybzpk2._.js:2477
[180342034ms] [LOG] [Fast Refresh] rebuilding @ http://localhost:3000/_next/static/chunks/node_modules_next_dist_1ybzpk2._.js:2477
[180343349ms] [ERROR] ./src/app/layout.tsx:7:1
Module not found: Can't resolve '@/components/SiteFooter'
   5 |   IBM_Plex_Sans_Condensed,
   6 | } from "next/font/google";
>  7 | import { SiteFooter } from "@/components/SiteFooter";
     | ^^^^^^^^^^^^^^^^^^^^^^^^^^^^^^^^^^^^^^^^^^^^^^^^^^^^^
   8 | import { SiteHeader } from "@/components/SiteHeader";
   9 | import "./globals.css";
  10 |

Import map: aliased to relative './src/components/SiteFooter' inside of [project]/

https://nextjs.org/docs/messages/module-not-found @ http://localhost:3000/_next/static/chunks/node_modules_next_dist_1ybzpk2._.js:3318
[180343570ms] [LOG] [Fast Refresh] rebuilding @ http://localhost:3000/_next/static/chunks/node_modules_next_dist_1ybzpk2._.js:2477
[180343993ms] [ERROR] Failed to load resource: the server responded with a status of 500 (Internal Server Error) @ http://localhost:3000/?_rsc=q3mOO9BClNZHexY7:0
[180344020ms] [ERROR] ./src/app/layout.tsx:7:1
Module not found: Can't resolve '@/components/SiteFooter'
   5 |   IBM_Plex_Sans_Condensed,
   6 | } from "next/font/google";
>  7 | import { SiteFooter } from "@/components/SiteFooter";
     | ^^^^^^^^^^^^^^^^^^^^^^^^^^^^^^^^^^^^^^^^^^^^^^^^^^^^^
   8 | import { SiteHeader } from "@/components/SiteHeader";
   9 | import "./globals.css";
  10 |

Import map: aliased to relative './src/components/SiteFooter' inside of [project]/

https://nextjs.org/docs/messages/module-not-found @ http://localhost:3000/_next/static/chunks/node_modules_next_dist_1ybzpk2._.js:3318
[180344025ms] [ERROR] ./src/app/layout.tsx:7:1
Module not found: Can't resolve '@/components/SiteFooter'
   5 |   IBM_Plex_Sans_Condensed,
   6 | } from "next/font/google";
>  7 | import { SiteFooter } from "@/components/SiteFooter";
     | ^^^^^^^^^^^^^^^^^^^^^^^^^^^^^^^^^^^^^^^^^^^^^^^^^^^^^
   8 | import { SiteHeader } from "@/components/SiteHeader";
   9 | import "./globals.css";
  10 |

Import map: aliased to relative './src/components/SiteFooter' inside of [project]/

https://nextjs.org/docs/messages/module-not-found @ http://localhost:3000/_next/static/chunks/node_modules_next_dist_1ybzpk2._.js:3318
[180344132ms] [LOG] [Fast Refresh] rebuilding @ http://localhost:3000/_next/static/chunks/node_modules_next_dist_1ybzpk2._.js:2477
[180344179ms] [ERROR] ./src/app/layout.tsx:7:1
Module not found: Can't resolve '@/components/SiteFooter'
   5 |   IBM_Plex_Sans_Condensed,
   6 | } from "next/font/google";
>  7 | import { SiteFooter } from "@/components/SiteFooter";
     | ^^^^^^^^^^^^^^^^^^^^^^^^^^^^^^^^^^^^^^^^^^^^^^^^^^^^^
   8 | import { SiteHeader } from "@/components/SiteHeader";
   9 | import "./globals.css";
  10 |

Import map: aliased to relative './src/components/SiteFooter' inside of [project]/

https://nextjs.org/docs/messages/module-not-found @ http://localhost:3000/_next/static/chunks/node_modules_next_dist_1ybzpk2._.js:3318
[180344286ms] [LOG] [Fast Refresh] rebuilding @ http://localhost:3000/_next/static/chunks/node_modules_next_dist_1ybzpk2._.js:2477
[180344446ms] [ERROR] ./src/app/layout.tsx:7:1
Module not found: Can't resolve '@/components/SiteFooter'
   5 |   IBM_Plex_Sans_Condensed,
   6 | } from "next/font/google";
>  7 | import { SiteFooter } from "@/components/SiteFooter";
     | ^^^^^^^^^^^^^^^^^^^^^^^^^^^^^^^^^^^^^^^^^^^^^^^^^^^^^
   8 | import { SiteHeader } from "@/components/SiteHeader";
   9 | import "./globals.css";
  10 |

Import map: aliased to relative './src/components/SiteFooter' inside of [project]/

https://nextjs.org/docs/messages/module-not-found @ http://localhost:3000/_next/static/chunks/node_modules_next_dist_1ybzpk2._.js:3318
[180344448ms] [ERROR] ./src/app/layout.tsx:7:1
Module not found: Can't resolve '@/components/SiteFooter'
   5 |   IBM_Plex_Sans_Condensed,
   6 | } from "next/font/google";
>  7 | import { SiteFooter } from "@/components/SiteFooter";
     | ^^^^^^^^^^^^^^^^^^^^^^^^^^^^^^^^^^^^^^^^^^^^^^^^^^^^^
   8 | import { SiteHeader } from "@/components/SiteHeader";
   9 | import "./globals.css";
  10 |

Import map: aliased to relative './src/components/SiteFooter' inside of [project]/

https://nextjs.org/docs/messages/module-not-found @ http://localhost:3000/_next/static/chunks/node_modules_next_dist_1ybzpk2._.js:3318
[180344455ms] [ERROR] ./src/app/layout.tsx:7:1
Module not found: Can't resolve '@/components/SiteFooter'
   5 |   IBM_Plex_Sans_Condensed,
   6 | } from "next/font/google";
>  7 | import { SiteFooter } from "@/components/SiteFooter";
     | ^^^^^^^^^^^^^^^^^^^^^^^^^^^^^^^^^^^^^^^^^^^^^^^^^^^^^
   8 | import { SiteHeader } from "@/components/SiteHeader";
   9 | import "./globals.css";
  10 |

Import map: aliased to relative './src/components/SiteFooter' inside of [project]/

https://nextjs.org/docs/messages/module-not-found @ http://localhost:3000/_next/static/chunks/node_modules_next_dist_1ybzpk2._.js:3318
[180344563ms] [LOG] [Fast Refresh] rebuilding @ http://localhost:3000/_next/static/chunks/node_modules_next_dist_1ybzpk2._.js:2477
[180344669ms] [ERROR] ./src/app/layout.tsx:7:1
Module not found: Can't resolve '@/components/SiteFooter'
   5 |   IBM_Plex_Sans_Condensed,
   6 | } from "next/font/google";
>  7 | import { SiteFooter } from "@/components/SiteFooter";
     | ^^^^^^^^^^^^^^^^^^^^^^^^^^^^^^^^^^^^^^^^^^^^^^^^^^^^^
   8 | import { SiteHeader } from "@/components/SiteHeader";
   9 | import "./globals.css";
  10 |

Import map: aliased to relative './src/components/SiteFooter' inside of [project]/

https://nextjs.org/docs/messages/module-not-found @ http://localhost:3000/_next/static/chunks/node_modules_next_dist_1ybzpk2._.js:3318
[180344670ms] [ERROR] ./src/app/layout.tsx:7:1
Module not found: Can't resolve '@/components/SiteFooter'
   5 |   IBM_Plex_Sans_Condensed,
   6 | } from "next/font/google";
>  7 | import { SiteFooter } from "@/components/SiteFooter";
     | ^^^^^^^^^^^^^^^^^^^^^^^^^^^^^^^^^^^^^^^^^^^^^^^^^^^^^
   8 | import { SiteHeader } from "@/components/SiteHeader";
   9 | import "./globals.css";
  10 |

Import map: aliased to relative './src/components/SiteFooter' inside of [project]/

https://nextjs.org/docs/messages/module-not-found @ http://localhost:3000/_next/static/chunks/node_modules_next_dist_1ybzpk2._.js:3318
[180344773ms] [LOG] [Fast Refresh] rebuilding @ http://localhost:3000/_next/static/chunks/node_modules_next_dist_1ybzpk2._.js:2477
[180344781ms] [ERROR] Failed to load resource: the server responded with a status of 500 (Internal Server Error) @ http://localhost:3000/?_rsc=q3mOO9BClNZHexY7:0
[180344843ms] [ERROR] ./src/app/layout.tsx:7:1
Module not found: Can't resolve '@/components/SiteFooter'
   5 |   IBM_Plex_Sans_Condensed,
   6 | } from "next/font/google";
>  7 | import { SiteFooter } from "@/components/SiteFooter";
     | ^^^^^^^^^^^^^^^^^^^^^^^^^^^^^^^^^^^^^^^^^^^^^^^^^^^^^
   8 | import { SiteHeader } from "@/components/SiteHeader";
   9 | import "./globals.css";
  10 |

Import map: aliased to relative './src/components/SiteFooter' inside of [project]/

https://nextjs.org/docs/messages/module-not-found @ http://localhost:3000/_next/static/chunks/node_modules_next_dist_1ybzpk2._.js:3318
[180344845ms] [ERROR] ./src/app/layout.tsx:7:1
Module not found: Can't resolve '@/components/SiteFooter'
   5 |   IBM_Plex_Sans_Condensed,
   6 | } from "next/font/google";
>  7 | import { SiteFooter } from "@/components/SiteFooter";
     | ^^^^^^^^^^^^^^^^^^^^^^^^^^^^^^^^^^^^^^^^^^^^^^^^^^^^^
   8 | import { SiteHeader } from "@/components/SiteHeader";
   9 | import "./globals.css";
  10 |

Import map: aliased to relative './src/components/SiteFooter' inside of [project]/

https://nextjs.org/docs/messages/module-not-found @ http://localhost:3000/_next/static/chunks/node_modules_next_dist_1ybzpk2._.js:3318
[180344898ms] [ERROR] Failed to load resource: the server responded with a status of 500 (Internal Server Error) @ http://localhost:3000/:0
[180345459ms] [INFO] %cDownload the React DevTools for a better development experience: https://react.dev/link/react-devtools font-weight:bold @ http://localhost:3000/_next/static/chunks/node_modules_react-dom_0kla17-._.js:15305
[180345690ms] Error: ./src/app/layout.tsx:7:1
Module not found: Can't resolve '@/components/SiteFooter'
   5 |   IBM_Plex_Sans_Condensed,
   6 | } from "next/font/google";
>  7 | import { SiteFooter } from "@/components/SiteFooter";
     | ^^^^^^^^^^^^^^^^^^^^^^^^^^^^^^^^^^^^^^^^^^^^^^^^^^^^^
   8 | import { SiteHeader } from "@/components/SiteHeader";
   9 | import "./globals.css";
  10 |

Import map: aliased to relative './src/components/SiteFooter' inside of [project]/


https://nextjs.org/docs/messages/module-not-found


    at <unknown> (Error: ./src/app/layout.tsx:7:1)
    at <unknown> (https://nextjs.org/docs/messages/module-not-found)
    at Object.getCompilationErrors (file://E:\Websites\Luca 4\node_modules\next\dist\server\dev\hot-reloader-turbopack.js:1186:59)
    at DevBundlerService.getCompilationError (file://E:\Websites\Luca 4\node_modules\next\dist\server\lib\dev-bundler-service.js:44:55)
    at DevServer.getCompilationError (file://E:\Websites\Luca 4\node_modules\next\dist\server\dev\next-dev-server.js:720:42)
    at DevServer.findPageComponents (file://E:\Websites\Luca 4\node_modules\next\dist\server\dev\next-dev-server.js:690:43)
    at async DevServer.renderErrorToResponseImpl (file://E:\Websites\Luca 4\node_modules\next\dist\server\base-server.js:1753:26)
[180345574ms] [LOG] [HMR] connected @ http://localhost:3000/_next/static/chunks/node_modules_next_dist_1gdrd03._.js:1226
[180345662ms] [ERROR] ./src/app/layout.tsx:7:1
Module not found: Can't resolve '@/components/SiteFooter'
   5 |   IBM_Plex_Sans_Condensed,
   6 | } from "next/font/google";
>  7 | import { SiteFooter } from "@/components/SiteFooter";
     | ^^^^^^^^^^^^^^^^^^^^^^^^^^^^^^^^^^^^^^^^^^^^^^^^^^^^^
   8 | import { SiteHeader } from "@/components/SiteHeader";
   9 | import "./globals.css";
  10 |

Import map: aliased to relative './src/components/SiteFooter' inside of [project]/

https://nextjs.org/docs/messages/module-not-found @ http://localhost:3000/_next/static/chunks/node_modules_next_dist_1gdrd03._.js:1945
[180345662ms] [ERROR] ./src/app/layout.tsx:7:1
Module not found: Can't resolve '@/components/SiteFooter'
   5 |   IBM_Plex_Sans_Condensed,
   6 | } from "next/font/google";
>  7 | import { SiteFooter } from "@/components/SiteFooter";
     | ^^^^^^^^^^^^^^^^^^^^^^^^^^^^^^^^^^^^^^^^^^^^^^^^^^^^^
   8 | import { SiteHeader } from "@/components/SiteHeader";
   9 | import "./globals.css";
  10 |

Import map: aliased to relative './src/components/SiteFooter' inside of [project]/

https://nextjs.org/docs/messages/module-not-found @ http://localhost:3000/_next/static/chunks/node_modules_next_dist_1gdrd03._.js:1945
[180345662ms] [ERROR] ./src/app/layout.tsx:7:1
Module not found: Can't resolve '@/components/SiteFooter'
   5 |   IBM_Plex_Sans_Condensed,
   6 | } from "next/font/google";
>  7 | import { SiteFooter } from "@/components/SiteFooter";
     | ^^^^^^^^^^^^^^^^^^^^^^^^^^^^^^^^^^^^^^^^^^^^^^^^^^^^^
   8 | import { SiteHeader } from "@/components/SiteHeader";
   9 | import "./globals.css";
  10 |

Import map: aliased to relative './src/components/SiteFooter' inside of [project]/

https://nextjs.org/docs/messages/module-not-found @ http://localhost:3000/_next/static/chunks/node_modules_next_dist_1gdrd03._.js:1945
[180345663ms] [ERROR] ./src/app/layout.tsx:7:1
Module not found: Can't resolve '@/components/SiteFooter'
   5 |   IBM_Plex_Sans_Condensed,
   6 | } from "next/font/google";
>  7 | import { SiteFooter } from "@/components/SiteFooter";
     | ^^^^^^^^^^^^^^^^^^^^^^^^^^^^^^^^^^^^^^^^^^^^^^^^^^^^^
   8 | import { SiteHeader } from "@/components/SiteHeader";
   9 | import "./globals.css";
  10 |

Import map: aliased to relative './src/components/SiteFooter' inside of [project]/

https://nextjs.org/docs/messages/module-not-found @ http://localhost:3000/_next/static/chunks/node_modules_next_dist_1gdrd03._.js:1945
[180345663ms] [ERROR] ./src/app/layout.tsx:7:1
Module not found: Can't resolve '@/components/SiteFooter'
   5 |   IBM_Plex_Sans_Condensed,
   6 | } from "next/font/google";
>  7 | import { SiteFooter } from "@/components/SiteFooter";
     | ^^^^^^^^^^^^^^^^^^^^^^^^^^^^^^^^^^^^^^^^^^^^^^^^^^^^^
   8 | import { SiteHeader } from "@/components/SiteHeader";
   9 | import "./globals.css";
  10 |

Import map: aliased to relative './src/components/SiteFooter' inside of [project]/

https://nextjs.org/docs/messages/module-not-found @ http://localhost:3000/_next/static/chunks/node_modules_next_dist_1gdrd03._.js:1945
[180345663ms] [ERROR] ./src/app/layout.tsx:7:1
Module not found: Can't resolve '@/components/SiteFooter'
   5 |   IBM_Plex_Sans_Condensed,
   6 | } from "next/font/google";
>  7 | import { SiteFooter } from "@/components/SiteFooter";
     | ^^^^^^^^^^^^^^^^^^^^^^^^^^^^^^^^^^^^^^^^^^^^^^^^^^^^^
   8 | import { SiteHeader } from "@/components/SiteHeader";
   9 | import "./globals.css";
  10 |

Import map: aliased to relative './src/components/SiteFooter' inside of [project]/

https://nextjs.org/docs/messages/module-not-found @ http://localhost:3000/_next/static/chunks/node_modules_next_dist_1gdrd03._.js:1945
[180345663ms] [ERROR] ./src/app/layout.tsx:7:1
Module not found: Can't resolve '@/components/SiteFooter'
   5 |   IBM_Plex_Sans_Condensed,
   6 | } from "next/font/google";
>  7 | import { SiteFooter } from "@/components/SiteFooter";
     | ^^^^^^^^^^^^^^^^^^^^^^^^^^^^^^^^^^^^^^^^^^^^^^^^^^^^^
   8 | import { SiteHeader } from "@/components/SiteHeader";
   9 | import "./globals.css";
  10 |

Import map: aliased to relative './src/components/SiteFooter' inside of [project]/

https://nextjs.org/docs/messages/module-not-found @ http://localhost:3000/_next/static/chunks/node_modules_next_dist_1gdrd03._.js:1945
[180345663ms] [ERROR] ./src/app/layout.tsx:7:1
Module not found: Can't resolve '@/components/SiteFooter'
   5 |   IBM_Plex_Sans_Condensed,
   6 | } from "next/font/google";
>  7 | import { SiteFooter } from "@/components/SiteFooter";
     | ^^^^^^^^^^^^^^^^^^^^^^^^^^^^^^^^^^^^^^^^^^^^^^^^^^^^^
   8 | import { SiteHeader } from "@/components/SiteHeader";
   9 | import "./globals.css";
  10 |

Import map: aliased to relative './src/components/SiteFooter' inside of [project]/

https://nextjs.org/docs/messages/module-not-found @ http://localhost:3000/_next/static/chunks/node_modules_next_dist_1gdrd03._.js:1945
[180345727ms] [LOG] [Fast Refresh] rebuilding @ http://localhost:3000/_next/static/chunks/node_modules_next_dist_1gdrd03._.js:1226
[180345735ms] [ERROR] ./src/app/layout.tsx:7:1
Module not found: Can't resolve '@/components/SiteFooter'
   5 |   IBM_Plex_Sans_Condensed,
   6 | } from "next/font/google";
>  7 | import { SiteFooter } from "@/components/SiteFooter";
     | ^^^^^^^^^^^^^^^^^^^^^^^^^^^^^^^^^^^^^^^^^^^^^^^^^^^^^
   8 | import { SiteHeader } from "@/components/SiteHeader";
   9 | import "./globals.css";
  10 |

Import map: aliased to relative './src/components/SiteFooter' inside of [project]/

https://nextjs.org/docs/messages/module-not-found @ http://localhost:3000/_next/static/chunks/node_modules_next_dist_1gdrd03._.js:1945
[180345824ms] [ERROR] ./src/app/layout.tsx:7:1
Module not found: Can't resolve '@/components/SiteFooter'
   5 |   IBM_Plex_Sans_Condensed,
   6 | } from "next/font/google";
>  7 | import { SiteFooter } from "@/components/SiteFooter";
     | ^^^^^^^^^^^^^^^^^^^^^^^^^^^^^^^^^^^^^^^^^^^^^^^^^^^^^
   8 | import { SiteHeader } from "@/components/SiteHeader";
   9 | import "./globals.css";
  10 |

Import map: aliased to relative './src/components/SiteFooter' inside of [project]/

https://nextjs.org/docs/messages/module-not-found @ http://localhost:3000/_next/static/chunks/node_modules_next_dist_1gdrd03._.js:1945
[180345958ms] [LOG] [Fast Refresh] rebuilding @ http://localhost:3000/_next/static/chunks/node_modules_next_dist_1gdrd03._.js:1226
[180345959ms] [ERROR] ./src/app/layout.tsx:7:1
Module not found: Can't resolve '@/components/SiteFooter'
   5 |   IBM_Plex_Sans_Condensed,
   6 | } from "next/font/google";
>  7 | import { SiteFooter } from "@/components/SiteFooter";
     | ^^^^^^^^^^^^^^^^^^^^^^^^^^^^^^^^^^^^^^^^^^^^^^^^^^^^^
   8 | import { SiteHeader } from "@/components/SiteHeader";
   9 | import "./globals.css";
  10 |

Import map: aliased to relative './src/components/SiteFooter' inside of [project]/

https://nextjs.org/docs/messages/module-not-found @ http://localhost:3000/_next/static/chunks/node_modules_next_dist_1gdrd03._.js:1945
[180346022ms] [ERROR] ./src/app/layout.tsx:7:1
Module not found: Can't resolve '@/components/SiteFooter'
   5 |   IBM_Plex_Sans_Condensed,
   6 | } from "next/font/google";
>  7 | import { SiteFooter } from "@/components/SiteFooter";
     | ^^^^^^^^^^^^^^^^^^^^^^^^^^^^^^^^^^^^^^^^^^^^^^^^^^^^^
   8 | import { SiteHeader } from "@/components/SiteHeader";
   9 | import "./globals.css";
  10 |

Import map: aliased to relative './src/components/SiteFooter' inside of [project]/

https://nextjs.org/docs/messages/module-not-found @ http://localhost:3000/_next/static/chunks/node_modules_next_dist_1gdrd03._.js:1945
[180346083ms] [ERROR] ./src/app/layout.tsx:7:1
Module not found: Can't resolve '@/components/SiteFooter'
   5 |   IBM_Plex_Sans_Condensed,
   6 | } from "next/font/google";
>  7 | import { SiteFooter } from "@/components/SiteFooter";
     | ^^^^^^^^^^^^^^^^^^^^^^^^^^^^^^^^^^^^^^^^^^^^^^^^^^^^^
   8 | import { SiteHeader } from "@/components/SiteHeader";
   9 | import "./globals.css";
  10 |

Import map: aliased to relative './src/components/SiteFooter' inside of [project]/

https://nextjs.org/docs/messages/module-not-found @ http://localhost:3000/_next/static/chunks/node_modules_next_dist_1gdrd03._.js:1945
[180346144ms] [ERROR] ./src/app/layout.tsx:7:1
Module not found: Can't resolve '@/components/SiteFooter'
   5 |   IBM_Plex_Sans_Condensed,
   6 | } from "next/font/google";
>  7 | import { SiteFooter } from "@/components/SiteFooter";
     | ^^^^^^^^^^^^^^^^^^^^^^^^^^^^^^^^^^^^^^^^^^^^^^^^^^^^^
   8 | import { SiteHeader } from "@/components/SiteHeader";
   9 | import "./globals.css";
  10 |

Import map: aliased to relative './src/components/SiteFooter' inside of [project]/

https://nextjs.org/docs/messages/module-not-found @ http://localhost:3000/_next/static/chunks/node_modules_next_dist_1gdrd03._.js:1945
[180346207ms] [ERROR] ./src/app/layout.tsx:7:1
Module not found: Can't resolve '@/components/SiteFooter'
   5 |   IBM_Plex_Sans_Condensed,
   6 | } from "next/font/google";
>  7 | import { SiteFooter } from "@/components/SiteFooter";
     | ^^^^^^^^^^^^^^^^^^^^^^^^^^^^^^^^^^^^^^^^^^^^^^^^^^^^^
   8 | import { SiteHeader } from "@/components/SiteHeader";
   9 | import "./globals.css";
  10 |

Import map: aliased to relative './src/components/SiteFooter' inside of [project]/

https://nextjs.org/docs/messages/module-not-found @ http://localhost:3000/_next/static/chunks/node_modules_next_dist_1gdrd03._.js:1945
[180346270ms] [ERROR] ./src/app/layout.tsx:7:1
Module not found: Can't resolve '@/components/SiteFooter'
   5 |   IBM_Plex_Sans_Condensed,
   6 | } from "next/font/google";
>  7 | import { SiteFooter } from "@/components/SiteFooter";
     | ^^^^^^^^^^^^^^^^^^^^^^^^^^^^^^^^^^^^^^^^^^^^^^^^^^^^^
   8 | import { SiteHeader } from "@/components/SiteHeader";
   9 | import "./globals.css";
  10 |

Import map: aliased to relative './src/components/SiteFooter' inside of [project]/

https://nextjs.org/docs/messages/module-not-found @ http://localhost:3000/_next/static/chunks/node_modules_next_dist_1gdrd03._.js:1945
[180346331ms] [ERROR] ./src/app/layout.tsx:7:1
Module not found: Can't resolve '@/components/SiteFooter'
   5 |   IBM_Plex_Sans_Condensed,
   6 | } from "next/font/google";
>  7 | import { SiteFooter } from "@/components/SiteFooter";
     | ^^^^^^^^^^^^^^^^^^^^^^^^^^^^^^^^^^^^^^^^^^^^^^^^^^^^^
   8 | import { SiteHeader } from "@/components/SiteHeader";
   9 | import "./globals.css";
  10 |

Import map: aliased to relative './src/components/SiteFooter' inside of [project]/

https://nextjs.org/docs/messages/module-not-found @ http://localhost:3000/_next/static/chunks/node_modules_next_dist_1gdrd03._.js:1945
[180346393ms] [ERROR] ./src/app/layout.tsx:7:1
Module not found: Can't resolve '@/components/SiteFooter'
   5 |   IBM_Plex_Sans_Condensed,
   6 | } from "next/font/google";
>  7 | import { SiteFooter } from "@/components/SiteFooter";
     | ^^^^^^^^^^^^^^^^^^^^^^^^^^^^^^^^^^^^^^^^^^^^^^^^^^^^^
   8 | import { SiteHeader } from "@/components/SiteHeader";
   9 | import "./globals.css";
  10 |

Import map: aliased to relative './src/components/SiteFooter' inside of [project]/

https://nextjs.org/docs/messages/module-not-found @ http://localhost:3000/_next/static/chunks/node_modules_next_dist_1gdrd03._.js:1945
[180346457ms] [ERROR] ./src/app/layout.tsx:7:1
Module not found: Can't resolve '@/components/SiteFooter'
   5 |   IBM_Plex_Sans_Condensed,
   6 | } from "next/font/google";
>  7 | import { SiteFooter } from "@/components/SiteFooter";
     | ^^^^^^^^^^^^^^^^^^^^^^^^^^^^^^^^^^^^^^^^^^^^^^^^^^^^^
   8 | import { SiteHeader } from "@/components/SiteHeader";
   9 | import "./globals.css";
  10 |

Import map: aliased to relative './src/components/SiteFooter' inside of [project]/

https://nextjs.org/docs/messages/module-not-found @ http://localhost:3000/_next/static/chunks/node_modules_next_dist_1gdrd03._.js:1945
[180346519ms] [ERROR] ./src/app/layout.tsx:7:1
Module not found: Can't resolve '@/components/SiteFooter'
   5 |   IBM_Plex_Sans_Condensed,
   6 | } from "next/font/google";
>  7 | import { SiteFooter } from "@/components/SiteFooter";
     | ^^^^^^^^^^^^^^^^^^^^^^^^^^^^^^^^^^^^^^^^^^^^^^^^^^^^^
   8 | import { SiteHeader } from "@/components/SiteHeader";
   9 | import "./globals.css";
  10 |

Import map: aliased to relative './src/components/SiteFooter' inside of [project]/

https://nextjs.org/docs/messages/module-not-found @ http://localhost:3000/_next/static/chunks/node_modules_next_dist_1gdrd03._.js:1945
[180346582ms] [ERROR] ./src/app/layout.tsx:7:1
Module not found: Can't resolve '@/components/SiteFooter'
   5 |   IBM_Plex_Sans_Condensed,
   6 | } from "next/font/google";
>  7 | import { SiteFooter } from "@/components/SiteFooter";
     | ^^^^^^^^^^^^^^^^^^^^^^^^^^^^^^^^^^^^^^^^^^^^^^^^^^^^^
   8 | import { SiteHeader } from "@/components/SiteHeader";
   9 | import "./globals.css";
  10 |

Import map: aliased to relative './src/components/SiteFooter' inside of [project]/

https://nextjs.org/docs/messages/module-not-found @ http://localhost:3000/_next/static/chunks/node_modules_next_dist_1gdrd03._.js:1945
[180346643ms] [ERROR] ./src/app/layout.tsx:7:1
Module not found: Can't resolve '@/components/SiteFooter'
   5 |   IBM_Plex_Sans_Condensed,
   6 | } from "next/font/google";
>  7 | import { SiteFooter } from "@/components/SiteFooter";
     | ^^^^^^^^^^^^^^^^^^^^^^^^^^^^^^^^^^^^^^^^^^^^^^^^^^^^^
   8 | import { SiteHeader } from "@/components/SiteHeader";
   9 | import "./globals.css";
  10 |

Import map: aliased to relative './src/components/SiteFooter' inside of [project]/

https://nextjs.org/docs/messages/module-not-found @ http://localhost:3000/_next/static/chunks/node_modules_next_dist_1gdrd03._.js:1945
[180346704ms] [ERROR] ./src/app/layout.tsx:7:1
Module not found: Can't resolve '@/components/SiteFooter'
   5 |   IBM_Plex_Sans_Condensed,
   6 | } from "next/font/google";
>  7 | import { SiteFooter } from "@/components/SiteFooter";
     | ^^^^^^^^^^^^^^^^^^^^^^^^^^^^^^^^^^^^^^^^^^^^^^^^^^^^^
   8 | import { SiteHeader } from "@/components/SiteHeader";
   9 | import "./globals.css";
  10 |

Import map: aliased to relative './src/components/SiteFooter' inside of [project]/

https://nextjs.org/docs/messages/module-not-found @ http://localhost:3000/_next/static/chunks/node_modules_next_dist_1gdrd03._.js:1945
[180346764ms] [ERROR] ./src/app/layout.tsx:7:1
Module not found: Can't resolve '@/components/SiteFooter'
   5 |   IBM_Plex_Sans_Condensed,
   6 | } from "next/font/google";
>  7 | import { SiteFooter } from "@/components/SiteFooter";
     | ^^^^^^^^^^^^^^^^^^^^^^^^^^^^^^^^^^^^^^^^^^^^^^^^^^^^^
   8 | import { SiteHeader } from "@/components/SiteHeader";
   9 | import "./globals.css";
  10 |

Import map: aliased to relative './src/components/SiteFooter' inside of [project]/

https://nextjs.org/docs/messages/module-not-found @ http://localhost:3000/_next/static/chunks/node_modules_next_dist_1gdrd03._.js:1945
[180346825ms] [ERROR] ./src/app/layout.tsx:7:1
Module not found: Can't resolve '@/components/SiteFooter'
   5 |   IBM_Plex_Sans_Condensed,
   6 | } from "next/font/google";
>  7 | import { SiteFooter } from "@/components/SiteFooter";
     | ^^^^^^^^^^^^^^^^^^^^^^^^^^^^^^^^^^^^^^^^^^^^^^^^^^^^^
   8 | import { SiteHeader } from "@/components/SiteHeader";
   9 | import "./globals.css";
  10 |

Import map: aliased to relative './src/components/SiteFooter' inside of [project]/

https://nextjs.org/docs/messages/module-not-found @ http://localhost:3000/_next/static/chunks/node_modules_next_dist_1gdrd03._.js:1945
[180346887ms] [ERROR] ./src/app/layout.tsx:7:1
Module not found: Can't resolve '@/components/SiteFooter'
   5 |   IBM_Plex_Sans_Condensed,
   6 | } from "next/font/google";
>  7 | import { SiteFooter } from "@/components/SiteFooter";
     | ^^^^^^^^^^^^^^^^^^^^^^^^^^^^^^^^^^^^^^^^^^^^^^^^^^^^^
   8 | import { SiteHeader } from "@/components/SiteHeader";
   9 | import "./globals.css";
  10 |

Import map: aliased to relative './src/components/SiteFooter' inside of [project]/

https://nextjs.org/docs/messages/module-not-found @ http://localhost:3000/_next/static/chunks/node_modules_next_dist_1gdrd03._.js:1945
[180346949ms] [ERROR] ./src/app/layout.tsx:7:1
Module not found: Can't resolve '@/components/SiteFooter'
   5 |   IBM_Plex_Sans_Condensed,
   6 | } from "next/font/google";
>  7 | import { SiteFooter } from "@/components/SiteFooter";
     | ^^^^^^^^^^^^^^^^^^^^^^^^^^^^^^^^^^^^^^^^^^^^^^^^^^^^^
   8 | import { SiteHeader } from "@/components/SiteHeader";
   9 | import "./globals.css";
  10 |

Import map: aliased to relative './src/components/SiteFooter' inside of [project]/

https://nextjs.org/docs/messages/module-not-found @ http://localhost:3000/_next/static/chunks/node_modules_next_dist_1gdrd03._.js:1945
[180347012ms] [ERROR] ./src/app/layout.tsx:7:1
Module not found: Can't resolve '@/components/SiteFooter'
   5 |   IBM_Plex_Sans_Condensed,
   6 | } from "next/font/google";
>  7 | import { SiteFooter } from "@/components/SiteFooter";
     | ^^^^^^^^^^^^^^^^^^^^^^^^^^^^^^^^^^^^^^^^^^^^^^^^^^^^^
   8 | import { SiteHeader } from "@/components/SiteHeader";
   9 | import "./globals.css";
  10 |

Import map: aliased to relative './src/components/SiteFooter' inside of [project]/

https://nextjs.org/docs/messages/module-not-found @ http://localhost:3000/_next/static/chunks/node_modules_next_dist_1gdrd03._.js:1945
[180347073ms] [ERROR] ./src/app/layout.tsx:7:1
Module not found: Can't resolve '@/components/SiteFooter'
   5 |   IBM_Plex_Sans_Condensed,
   6 | } from "next/font/google";
>  7 | import { SiteFooter } from "@/components/SiteFooter";
     | ^^^^^^^^^^^^^^^^^^^^^^^^^^^^^^^^^^^^^^^^^^^^^^^^^^^^^
   8 | import { SiteHeader } from "@/components/SiteHeader";
   9 | import "./globals.css";
  10 |

Import map: aliased to relative './src/components/SiteFooter' inside of [project]/

https://nextjs.org/docs/messages/module-not-found @ http://localhost:3000/_next/static/chunks/node_modules_next_dist_1gdrd03._.js:1945
[180347137ms] [ERROR] ./src/app/layout.tsx:7:1
Module not found: Can't resolve '@/components/SiteFooter'
   5 |   IBM_Plex_Sans_Condensed,
   6 | } from "next/font/google";
>  7 | import { SiteFooter } from "@/components/SiteFooter";
     | ^^^^^^^^^^^^^^^^^^^^^^^^^^^^^^^^^^^^^^^^^^^^^^^^^^^^^
   8 | import { SiteHeader } from "@/components/SiteHeader";
   9 | import "./globals.css";
  10 |

Import map: aliased to relative './src/components/SiteFooter' inside of [project]/

https://nextjs.org/docs/messages/module-not-found @ http://localhost:3000/_next/static/chunks/node_modules_next_dist_1gdrd03._.js:1945
[180347200ms] [ERROR] ./src/app/layout.tsx:7:1
Module not found: Can't resolve '@/components/SiteFooter'
   5 |   IBM_Plex_Sans_Condensed,
   6 | } from "next/font/google";
>  7 | import { SiteFooter } from "@/components/SiteFooter";
     | ^^^^^^^^^^^^^^^^^^^^^^^^^^^^^^^^^^^^^^^^^^^^^^^^^^^^^
   8 | import { SiteHeader } from "@/components/SiteHeader";
   9 | import "./globals.css";
  10 |

Import map: aliased to relative './src/components/SiteFooter' inside of [project]/

https://nextjs.org/docs/messages/module-not-found @ http://localhost:3000/_next/static/chunks/node_modules_next_dist_1gdrd03._.js:1945
[180347260ms] [ERROR] ./src/app/layout.tsx:7:1
Module not found: Can't resolve '@/components/SiteFooter'
   5 |   IBM_Plex_Sans_Condensed,
   6 | } from "next/font/google";
>  7 | import { SiteFooter } from "@/components/SiteFooter";
     | ^^^^^^^^^^^^^^^^^^^^^^^^^^^^^^^^^^^^^^^^^^^^^^^^^^^^^
   8 | import { SiteHeader } from "@/components/SiteHeader";
   9 | import "./globals.css";
  10 |

Import map: aliased to relative './src/components/SiteFooter' inside of [project]/

https://nextjs.org/docs/messages/module-not-found @ http://localhost:3000/_next/static/chunks/node_modules_next_dist_1gdrd03._.js:1945
[180347322ms] [ERROR] ./src/app/layout.tsx:7:1
Module not found: Can't resolve '@/components/SiteFooter'
   5 |   IBM_Plex_Sans_Condensed,
   6 | } from "next/font/google";
>  7 | import { SiteFooter } from "@/components/SiteFooter";
     | ^^^^^^^^^^^^^^^^^^^^^^^^^^^^^^^^^^^^^^^^^^^^^^^^^^^^^
   8 | import { SiteHeader } from "@/components/SiteHeader";
   9 | import "./globals.css";
  10 |

Import map: aliased to relative './src/components/SiteFooter' inside of [project]/

https://nextjs.org/docs/messages/module-not-found @ http://localhost:3000/_next/static/chunks/node_modules_next_dist_1gdrd03._.js:1945
[180347384ms] [ERROR] ./src/app/layout.tsx:7:1
Module not found: Can't resolve '@/components/SiteFooter'
   5 |   IBM_Plex_Sans_Condensed,
   6 | } from "next/font/google";
>  7 | import { SiteFooter } from "@/components/SiteFooter";
     | ^^^^^^^^^^^^^^^^^^^^^^^^^^^^^^^^^^^^^^^^^^^^^^^^^^^^^
   8 | import { SiteHeader } from "@/components/SiteHeader";
   9 | import "./globals.css";
  10 |

Import map: aliased to relative './src/components/SiteFooter' inside of [project]/

https://nextjs.org/docs/messages/module-not-found @ http://localhost:3000/_next/static/chunks/node_modules_next_dist_1gdrd03._.js:1945
[180347445ms] [ERROR] ./src/app/layout.tsx:7:1
Module not found: Can't resolve '@/components/SiteFooter'
   5 |   IBM_Plex_Sans_Condensed,
   6 | } from "next/font/google";
>  7 | import { SiteFooter } from "@/components/SiteFooter";
     | ^^^^^^^^^^^^^^^^^^^^^^^^^^^^^^^^^^^^^^^^^^^^^^^^^^^^^
   8 | import { SiteHeader } from "@/components/SiteHeader";
   9 | import "./globals.css";
  10 |

Import map: aliased to relative './src/components/SiteFooter' inside of [project]/

https://nextjs.org/docs/messages/module-not-found @ http://localhost:3000/_next/static/chunks/node_modules_next_dist_1gdrd03._.js:1945
[180347507ms] [ERROR] ./src/app/layout.tsx:7:1
Module not found: Can't resolve '@/components/SiteFooter'
   5 |   IBM_Plex_Sans_Condensed,
   6 | } from "next/font/google";
>  7 | import { SiteFooter } from "@/components/SiteFooter";
     | ^^^^^^^^^^^^^^^^^^^^^^^^^^^^^^^^^^^^^^^^^^^^^^^^^^^^^
   8 | import { SiteHeader } from "@/components/SiteHeader";
   9 | import "./globals.css";
  10 |

Import map: aliased to relative './src/components/SiteFooter' inside of [project]/

https://nextjs.org/docs/messages/module-not-found @ http://localhost:3000/_next/static/chunks/node_modules_next_dist_1gdrd03._.js:1945
[180347568ms] [ERROR] ./src/app/layout.tsx:7:1
Module not found: Can't resolve '@/components/SiteFooter'
   5 |   IBM_Plex_Sans_Condensed,
   6 | } from "next/font/google";
>  7 | import { SiteFooter } from "@/components/SiteFooter";
     | ^^^^^^^^^^^^^^^^^^^^^^^^^^^^^^^^^^^^^^^^^^^^^^^^^^^^^
   8 | import { SiteHeader } from "@/components/SiteHeader";
   9 | import "./globals.css";
  10 |

Import map: aliased to relative './src/components/SiteFooter' inside of [project]/

https://nextjs.org/docs/messages/module-not-found @ http://localhost:3000/_next/static/chunks/node_modules_next_dist_1gdrd03._.js:1945
[180347631ms] [ERROR] ./src/app/layout.tsx:7:1
Module not found: Can't resolve '@/components/SiteFooter'
   5 |   IBM_Plex_Sans_Condensed,
   6 | } from "next/font/google";
>  7 | import { SiteFooter } from "@/components/SiteFooter";
     | ^^^^^^^^^^^^^^^^^^^^^^^^^^^^^^^^^^^^^^^^^^^^^^^^^^^^^
   8 | import { SiteHeader } from "@/components/SiteHeader";
   9 | import "./globals.css";
  10 |

Import map: aliased to relative './src/components/SiteFooter' inside of [project]/

https://nextjs.org/docs/messages/module-not-found @ http://localhost:3000/_next/static/chunks/node_modules_next_dist_1gdrd03._.js:1945
[180347693ms] [ERROR] ./src/app/layout.tsx:7:1
Module not found: Can't resolve '@/components/SiteFooter'
   5 |   IBM_Plex_Sans_Condensed,
   6 | } from "next/font/google";
>  7 | import { SiteFooter } from "@/components/SiteFooter";
     | ^^^^^^^^^^^^^^^^^^^^^^^^^^^^^^^^^^^^^^^^^^^^^^^^^^^^^
   8 | import { SiteHeader } from "@/components/SiteHeader";
   9 | import "./globals.css";
  10 |

Import map: aliased to relative './src/components/SiteFooter' inside of [project]/

https://nextjs.org/docs/messages/module-not-found @ http://localhost:3000/_next/static/chunks/node_modules_next_dist_1gdrd03._.js:1945
[180347755ms] [ERROR] ./src/app/layout.tsx:7:1
Module not found: Can't resolve '@/components/SiteFooter'
   5 |   IBM_Plex_Sans_Condensed,
   6 | } from "next/font/google";
>  7 | import { SiteFooter } from "@/components/SiteFooter";
     | ^^^^^^^^^^^^^^^^^^^^^^^^^^^^^^^^^^^^^^^^^^^^^^^^^^^^^
   8 | import { SiteHeader } from "@/components/SiteHeader";
   9 | import "./globals.css";
  10 |

Import map: aliased to relative './src/components/SiteFooter' inside of [project]/

https://nextjs.org/docs/messages/module-not-found @ http://localhost:3000/_next/static/chunks/node_modules_next_dist_1gdrd03._.js:1945
[180347816ms] [ERROR] ./src/app/layout.tsx:7:1
Module not found: Can't resolve '@/components/SiteFooter'
   5 |   IBM_Plex_Sans_Condensed,
   6 | } from "next/font/google";
>  7 | import { SiteFooter } from "@/components/SiteFooter";
     | ^^^^^^^^^^^^^^^^^^^^^^^^^^^^^^^^^^^^^^^^^^^^^^^^^^^^^
   8 | import { SiteHeader } from "@/components/SiteHeader";
   9 | import "./globals.css";
  10 |

Import map: aliased to relative './src/components/SiteFooter' inside of [project]/

https://nextjs.org/docs/messages/module-not-found @ http://localhost:3000/_next/static/chunks/node_modules_next_dist_1gdrd03._.js:1945
[180347878ms] [ERROR] ./src/app/layout.tsx:7:1
Module not found: Can't resolve '@/components/SiteFooter'
   5 |   IBM_Plex_Sans_Condensed,
   6 | } from "next/font/google";
>  7 | import { SiteFooter } from "@/components/SiteFooter";
     | ^^^^^^^^^^^^^^^^^^^^^^^^^^^^^^^^^^^^^^^^^^^^^^^^^^^^^
   8 | import { SiteHeader } from "@/components/SiteHeader";
   9 | import "./globals.css";
  10 |

Import map: aliased to relative './src/components/SiteFooter' inside of [project]/

https://nextjs.org/docs/messages/module-not-found @ http://localhost:3000/_next/static/chunks/node_modules_next_dist_1gdrd03._.js:1945
[180347939ms] [ERROR] ./src/app/layout.tsx:7:1
Module not found: Can't resolve '@/components/SiteFooter'
   5 |   IBM_Plex_Sans_Condensed,
   6 | } from "next/font/google";
>  7 | import { SiteFooter } from "@/components/SiteFooter";
     | ^^^^^^^^^^^^^^^^^^^^^^^^^^^^^^^^^^^^^^^^^^^^^^^^^^^^^
   8 | import { SiteHeader } from "@/components/SiteHeader";
   9 | import "./globals.css";
  10 |

Import map: aliased to relative './src/components/SiteFooter' inside of [project]/

https://nextjs.org/docs/messages/module-not-found @ http://localhost:3000/_next/static/chunks/node_modules_next_dist_1gdrd03._.js:1945
[180348003ms] [ERROR] ./src/app/layout.tsx:7:1
Module not found: Can't resolve '@/components/SiteFooter'
   5 |   IBM_Plex_Sans_Condensed,
   6 | } from "next/font/google";
>  7 | import { SiteFooter } from "@/components/SiteFooter";
     | ^^^^^^^^^^^^^^^^^^^^^^^^^^^^^^^^^^^^^^^^^^^^^^^^^^^^^
   8 | import { SiteHeader } from "@/components/SiteHeader";
   9 | import "./globals.css";
  10 |

Import map: aliased to relative './src/components/SiteFooter' inside of [project]/

https://nextjs.org/docs/messages/module-not-found @ http://localhost:3000/_next/static/chunks/node_modules_next_dist_1gdrd03._.js:1945
[180348066ms] [ERROR] ./src/app/layout.tsx:7:1
Module not found: Can't resolve '@/components/SiteFooter'
   5 |   IBM_Plex_Sans_Condensed,
   6 | } from "next/font/google";
>  7 | import { SiteFooter } from "@/components/SiteFooter";
     | ^^^^^^^^^^^^^^^^^^^^^^^^^^^^^^^^^^^^^^^^^^^^^^^^^^^^^
   8 | import { SiteHeader } from "@/components/SiteHeader";
   9 | import "./globals.css";
  10 |

Import map: aliased to relative './src/components/SiteFooter' inside of [project]/

https://nextjs.org/docs/messages/module-not-found @ http://localhost:3000/_next/static/chunks/node_modules_next_dist_1gdrd03._.js:1945
[180348128ms] [ERROR] ./src/app/layout.tsx:7:1
Module not found: Can't resolve '@/components/SiteFooter'
   5 |   IBM_Plex_Sans_Condensed,
   6 | } from "next/font/google";
>  7 | import { SiteFooter } from "@/components/SiteFooter";
     | ^^^^^^^^^^^^^^^^^^^^^^^^^^^^^^^^^^^^^^^^^^^^^^^^^^^^^
   8 | import { SiteHeader } from "@/components/SiteHeader";
   9 | import "./globals.css";
  10 |

Import map: aliased to relative './src/components/SiteFooter' inside of [project]/

https://nextjs.org/docs/messages/module-not-found @ http://localhost:3000/_next/static/chunks/node_modules_next_dist_1gdrd03._.js:1945
[180348191ms] [ERROR] ./src/app/layout.tsx:7:1
Module not found: Can't resolve '@/components/SiteFooter'
   5 |   IBM_Plex_Sans_Condensed,
   6 | } from "next/font/google";
>  7 | import { SiteFooter } from "@/components/SiteFooter";
     | ^^^^^^^^^^^^^^^^^^^^^^^^^^^^^^^^^^^^^^^^^^^^^^^^^^^^^
   8 | import { SiteHeader } from "@/components/SiteHeader";
   9 | import "./globals.css";
  10 |

Import map: aliased to relative './src/components/SiteFooter' inside of [project]/

https://nextjs.org/docs/messages/module-not-found @ http://localhost:3000/_next/static/chunks/node_modules_next_dist_1gdrd03._.js:1945
[180348252ms] [ERROR] ./src/app/layout.tsx:7:1
Module not found: Can't resolve '@/components/SiteFooter'
   5 |   IBM_Plex_Sans_Condensed,
   6 | } from "next/font/google";
>  7 | import { SiteFooter } from "@/components/SiteFooter";
     | ^^^^^^^^^^^^^^^^^^^^^^^^^^^^^^^^^^^^^^^^^^^^^^^^^^^^^
   8 | import { SiteHeader } from "@/components/SiteHeader";
   9 | import "./globals.css";
  10 |

Import map: aliased to relative './src/components/SiteFooter' inside of [project]/

https://nextjs.org/docs/messages/module-not-found @ http://localhost:3000/_next/static/chunks/node_modules_next_dist_1gdrd03._.js:1945
[180348316ms] [ERROR] ./src/app/layout.tsx:7:1
Module not found: Can't resolve '@/components/SiteFooter'
   5 |   IBM_Plex_Sans_Condensed,
   6 | } from "next/font/google";
>  7 | import { SiteFooter } from "@/components/SiteFooter";
     | ^^^^^^^^^^^^^^^^^^^^^^^^^^^^^^^^^^^^^^^^^^^^^^^^^^^^^
   8 | import { SiteHeader } from "@/components/SiteHeader";
   9 | import "./globals.css";
  10 |

Import map: aliased to relative './src/components/SiteFooter' inside of [project]/

https://nextjs.org/docs/messages/module-not-found @ http://localhost:3000/_next/static/chunks/node_modules_next_dist_1gdrd03._.js:1945
[180348378ms] [ERROR] ./src/app/layout.tsx:7:1
Module not found: Can't resolve '@/components/SiteFooter'
   5 |   IBM_Plex_Sans_Condensed,
   6 | } from "next/font/google";
>  7 | import { SiteFooter } from "@/components/SiteFooter";
     | ^^^^^^^^^^^^^^^^^^^^^^^^^^^^^^^^^^^^^^^^^^^^^^^^^^^^^
   8 | import { SiteHeader } from "@/components/SiteHeader";
   9 | import "./globals.css";
  10 |

Import map: aliased to relative './src/components/SiteFooter' inside of [project]/

https://nextjs.org/docs/messages/module-not-found @ http://localhost:3000/_next/static/chunks/node_modules_next_dist_1gdrd03._.js:1945
[180348441ms] [ERROR] ./src/app/layout.tsx:7:1
Module not found: Can't resolve '@/components/SiteFooter'
   5 |   IBM_Plex_Sans_Condensed,
   6 | } from "next/font/google";
>  7 | import { SiteFooter } from "@/components/SiteFooter";
     | ^^^^^^^^^^^^^^^^^^^^^^^^^^^^^^^^^^^^^^^^^^^^^^^^^^^^^
   8 | import { SiteHeader } from "@/components/SiteHeader";
   9 | import "./globals.css";
  10 |

Import map: aliased to relative './src/components/SiteFooter' inside of [project]/

https://nextjs.org/docs/messages/module-not-found @ http://localhost:3000/_next/static/chunks/node_modules_next_dist_1gdrd03._.js:1945
[180348504ms] [ERROR] ./src/app/layout.tsx:7:1
Module not found: Can't resolve '@/components/SiteFooter'
   5 |   IBM_Plex_Sans_Condensed,
   6 | } from "next/font/google";
>  7 | import { SiteFooter } from "@/components/SiteFooter";
     | ^^^^^^^^^^^^^^^^^^^^^^^^^^^^^^^^^^^^^^^^^^^^^^^^^^^^^
   8 | import { SiteHeader } from "@/components/SiteHeader";
   9 | import "./globals.css";
  10 |

Import map: aliased to relative './src/components/SiteFooter' inside of [project]/

https://nextjs.org/docs/messages/module-not-found @ http://localhost:3000/_next/static/chunks/node_modules_next_dist_1gdrd03._.js:1945
[180348567ms] [ERROR] ./src/app/layout.tsx:7:1
Module not found: Can't resolve '@/components/SiteFooter'
   5 |   IBM_Plex_Sans_Condensed,
   6 | } from "next/font/google";
>  7 | import { SiteFooter } from "@/components/SiteFooter";
     | ^^^^^^^^^^^^^^^^^^^^^^^^^^^^^^^^^^^^^^^^^^^^^^^^^^^^^
   8 | import { SiteHeader } from "@/components/SiteHeader";
   9 | import "./globals.css";
  10 |

Import map: aliased to relative './src/components/SiteFooter' inside of [project]/

https://nextjs.org/docs/messages/module-not-found @ http://localhost:3000/_next/static/chunks/node_modules_next_dist_1gdrd03._.js:1945
[180348627ms] [ERROR] ./src/app/layout.tsx:7:1
Module not found: Can't resolve '@/components/SiteFooter'
   5 |   IBM_Plex_Sans_Condensed,
   6 | } from "next/font/google";
>  7 | import { SiteFooter } from "@/components/SiteFooter";
     | ^^^^^^^^^^^^^^^^^^^^^^^^^^^^^^^^^^^^^^^^^^^^^^^^^^^^^
   8 | import { SiteHeader } from "@/components/SiteHeader";
   9 | import "./globals.css";
  10 |

Import map: aliased to relative './src/components/SiteFooter' inside of [project]/

https://nextjs.org/docs/messages/module-not-found @ http://localhost:3000/_next/static/chunks/node_modules_next_dist_1gdrd03._.js:1945
[180348689ms] [ERROR] ./src/app/layout.tsx:7:1
Module not found: Can't resolve '@/components/SiteFooter'
   5 |   IBM_Plex_Sans_Condensed,
   6 | } from "next/font/google";
>  7 | import { SiteFooter } from "@/components/SiteFooter";
     | ^^^^^^^^^^^^^^^^^^^^^^^^^^^^^^^^^^^^^^^^^^^^^^^^^^^^^
   8 | import { SiteHeader } from "@/components/SiteHeader";
   9 | import "./globals.css";
  10 |

Import map: aliased to relative './src/components/SiteFooter' inside of [project]/

https://nextjs.org/docs/messages/module-not-found @ http://localhost:3000/_next/static/chunks/node_modules_next_dist_1gdrd03._.js:1945
[180348751ms] [ERROR] ./src/app/layout.tsx:7:1
Module not found: Can't resolve '@/components/SiteFooter'
   5 |   IBM_Plex_Sans_Condensed,
   6 | } from "next/font/google";
>  7 | import { SiteFooter } from "@/components/SiteFooter";
     | ^^^^^^^^^^^^^^^^^^^^^^^^^^^^^^^^^^^^^^^^^^^^^^^^^^^^^
   8 | import { SiteHeader } from "@/components/SiteHeader";
   9 | import "./globals.css";
  10 |

Import map: aliased to relative './src/components/SiteFooter' inside of [project]/

https://nextjs.org/docs/messages/module-not-found @ http://localhost:3000/_next/static/chunks/node_modules_next_dist_1gdrd03._.js:1945
[180348815ms] [ERROR] ./src/app/layout.tsx:7:1
Module not found: Can't resolve '@/components/SiteFooter'
   5 |   IBM_Plex_Sans_Condensed,
   6 | } from "next/font/google";
>  7 | import { SiteFooter } from "@/components/SiteFooter";
     | ^^^^^^^^^^^^^^^^^^^^^^^^^^^^^^^^^^^^^^^^^^^^^^^^^^^^^
   8 | import { SiteHeader } from "@/components/SiteHeader";
   9 | import "./globals.css";
  10 |

Import map: aliased to relative './src/components/SiteFooter' inside of [project]/

https://nextjs.org/docs/messages/module-not-found @ http://localhost:3000/_next/static/chunks/node_modules_next_dist_1gdrd03._.js:1945
[180348878ms] [ERROR] ./src/app/layout.tsx:7:1
Module not found: Can't resolve '@/components/SiteFooter'
   5 |   IBM_Plex_Sans_Condensed,
   6 | } from "next/font/google";
>  7 | import { SiteFooter } from "@/components/SiteFooter";
     | ^^^^^^^^^^^^^^^^^^^^^^^^^^^^^^^^^^^^^^^^^^^^^^^^^^^^^
   8 | import { SiteHeader } from "@/components/SiteHeader";
   9 | import "./globals.css";
  10 |

Import map: aliased to relative './src/components/SiteFooter' inside of [project]/

https://nextjs.org/docs/messages/module-not-found @ http://localhost:3000/_next/static/chunks/node_modules_next_dist_1gdrd03._.js:1945
[180348939ms] [ERROR] ./src/app/layout.tsx:7:1
Module not found: Can't resolve '@/components/SiteFooter'
   5 |   IBM_Plex_Sans_Condensed,
   6 | } from "next/font/google";
>  7 | import { SiteFooter } from "@/components/SiteFooter";
     | ^^^^^^^^^^^^^^^^^^^^^^^^^^^^^^^^^^^^^^^^^^^^^^^^^^^^^
   8 | import { SiteHeader } from "@/components/SiteHeader";
   9 | import "./globals.css";
  10 |

Import map: aliased to relative './src/components/SiteFooter' inside of [project]/

https://nextjs.org/docs/messages/module-not-found @ http://localhost:3000/_next/static/chunks/node_modules_next_dist_1gdrd03._.js:1945
[180349003ms] [ERROR] ./src/app/layout.tsx:7:1
Module not found: Can't resolve '@/components/SiteFooter'
   5 |   IBM_Plex_Sans_Condensed,
   6 | } from "next/font/google";
>  7 | import { SiteFooter } from "@/components/SiteFooter";
     | ^^^^^^^^^^^^^^^^^^^^^^^^^^^^^^^^^^^^^^^^^^^^^^^^^^^^^
   8 | import { SiteHeader } from "@/components/SiteHeader";
   9 | import "./globals.css";
  10 |

Import map: aliased to relative './src/components/SiteFooter' inside of [project]/

https://nextjs.org/docs/messages/module-not-found @ http://localhost:3000/_next/static/chunks/node_modules_next_dist_1gdrd03._.js:1945
[180349063ms] [ERROR] ./src/app/layout.tsx:7:1
Module not found: Can't resolve '@/components/SiteFooter'
   5 |   IBM_Plex_Sans_Condensed,
   6 | } from "next/font/google";
>  7 | import { SiteFooter } from "@/components/SiteFooter";
     | ^^^^^^^^^^^^^^^^^^^^^^^^^^^^^^^^^^^^^^^^^^^^^^^^^^^^^
   8 | import { SiteHeader } from "@/components/SiteHeader";
   9 | import "./globals.css";
  10 |

Import map: aliased to relative './src/components/SiteFooter' inside of [project]/

https://nextjs.org/docs/messages/module-not-found @ http://localhost:3000/_next/static/chunks/node_modules_next_dist_1gdrd03._.js:1945
[180349126ms] [ERROR] ./src/app/layout.tsx:7:1
Module not found: Can't resolve '@/components/SiteFooter'
   5 |   IBM_Plex_Sans_Condensed,
   6 | } from "next/font/google";
>  7 | import { SiteFooter } from "@/components/SiteFooter";
     | ^^^^^^^^^^^^^^^^^^^^^^^^^^^^^^^^^^^^^^^^^^^^^^^^^^^^^
   8 | import { SiteHeader } from "@/components/SiteHeader";
   9 | import "./globals.css";
  10 |

Import map: aliased to relative './src/components/SiteFooter' inside of [project]/

https://nextjs.org/docs/messages/module-not-found @ http://localhost:3000/_next/static/chunks/node_modules_next_dist_1gdrd03._.js:1945
[180349189ms] [ERROR] ./src/app/layout.tsx:7:1
Module not found: Can't resolve '@/components/SiteFooter'
   5 |   IBM_Plex_Sans_Condensed,
   6 | } from "next/font/google";
>  7 | import { SiteFooter } from "@/components/SiteFooter";
     | ^^^^^^^^^^^^^^^^^^^^^^^^^^^^^^^^^^^^^^^^^^^^^^^^^^^^^
   8 | import { SiteHeader } from "@/components/SiteHeader";
   9 | import "./globals.css";
  10 |

Import map: aliased to relative './src/components/SiteFooter' inside of [project]/

https://nextjs.org/docs/messages/module-not-found @ http://localhost:3000/_next/static/chunks/node_modules_next_dist_1gdrd03._.js:1945
[180349251ms] [ERROR] ./src/app/layout.tsx:7:1
Module not found: Can't resolve '@/components/SiteFooter'
   5 |   IBM_Plex_Sans_Condensed,
   6 | } from "next/font/google";
>  7 | import { SiteFooter } from "@/components/SiteFooter";
     | ^^^^^^^^^^^^^^^^^^^^^^^^^^^^^^^^^^^^^^^^^^^^^^^^^^^^^
   8 | import { SiteHeader } from "@/components/SiteHeader";
   9 | import "./globals.css";
  10 |

Import map: aliased to relative './src/components/SiteFooter' inside of [project]/

https://nextjs.org/docs/messages/module-not-found @ http://localhost:3000/_next/static/chunks/node_modules_next_dist_1gdrd03._.js:1945
[180349312ms] [ERROR] ./src/app/layout.tsx:7:1
Module not found: Can't resolve '@/components/SiteFooter'
   5 |   IBM_Plex_Sans_Condensed,
   6 | } from "next/font/google";
>  7 | import { SiteFooter } from "@/components/SiteFooter";
     | ^^^^^^^^^^^^^^^^^^^^^^^^^^^^^^^^^^^^^^^^^^^^^^^^^^^^^
   8 | import { SiteHeader } from "@/components/SiteHeader";
   9 | import "./globals.css";
  10 |

Import map: aliased to relative './src/components/SiteFooter' inside of [project]/

https://nextjs.org/docs/messages/module-not-found @ http://localhost:3000/_next/static/chunks/node_modules_next_dist_1gdrd03._.js:1945
[180349374ms] [ERROR] ./src/app/layout.tsx:7:1
Module not found: Can't resolve '@/components/SiteFooter'
   5 |   IBM_Plex_Sans_Condensed,
   6 | } from "next/font/google";
>  7 | import { SiteFooter } from "@/components/SiteFooter";
     | ^^^^^^^^^^^^^^^^^^^^^^^^^^^^^^^^^^^^^^^^^^^^^^^^^^^^^
   8 | import { SiteHeader } from "@/components/SiteHeader";
   9 | import "./globals.css";
  10 |

Import map: aliased to relative './src/components/SiteFooter' inside of [project]/

https://nextjs.org/docs/messages/module-not-found @ http://localhost:3000/_next/static/chunks/node_modules_next_dist_1gdrd03._.js:1945
[180349437ms] [ERROR] ./src/app/layout.tsx:7:1
Module not found: Can't resolve '@/components/SiteFooter'
   5 |   IBM_Plex_Sans_Condensed,
   6 | } from "next/font/google";
>  7 | import { SiteFooter } from "@/components/SiteFooter";
     | ^^^^^^^^^^^^^^^^^^^^^^^^^^^^^^^^^^^^^^^^^^^^^^^^^^^^^
   8 | import { SiteHeader } from "@/components/SiteHeader";
   9 | import "./globals.css";
  10 |

Import map: aliased to relative './src/components/SiteFooter' inside of [project]/

https://nextjs.org/docs/messages/module-not-found @ http://localhost:3000/_next/static/chunks/node_modules_next_dist_1gdrd03._.js:1945
[180349499ms] [ERROR] ./src/app/layout.tsx:7:1
Module not found: Can't resolve '@/components/SiteFooter'
   5 |   IBM_Plex_Sans_Condensed,
   6 | } from "next/font/google";
>  7 | import { SiteFooter } from "@/components/SiteFooter";
     | ^^^^^^^^^^^^^^^^^^^^^^^^^^^^^^^^^^^^^^^^^^^^^^^^^^^^^
   8 | import { SiteHeader } from "@/components/SiteHeader";
   9 | import "./globals.css";
  10 |

Import map: aliased to relative './src/components/SiteFooter' inside of [project]/

https://nextjs.org/docs/messages/module-not-found @ http://localhost:3000/_next/static/chunks/node_modules_next_dist_1gdrd03._.js:1945
[180349561ms] [ERROR] ./src/app/layout.tsx:7:1
Module not found: Can't resolve '@/components/SiteFooter'
   5 |   IBM_Plex_Sans_Condensed,
   6 | } from "next/font/google";
>  7 | import { SiteFooter } from "@/components/SiteFooter";
     | ^^^^^^^^^^^^^^^^^^^^^^^^^^^^^^^^^^^^^^^^^^^^^^^^^^^^^
   8 | import { SiteHeader } from "@/components/SiteHeader";
   9 | import "./globals.css";
  10 |

Import map: aliased to relative './src/components/SiteFooter' inside of [project]/

https://nextjs.org/docs/messages/module-not-found @ http://localhost:3000/_next/static/chunks/node_modules_next_dist_1gdrd03._.js:1945
[180349624ms] [ERROR] ./src/app/layout.tsx:7:1
Module not found: Can't resolve '@/components/SiteFooter'
   5 |   IBM_Plex_Sans_Condensed,
   6 | } from "next/font/google";
>  7 | import { SiteFooter } from "@/components/SiteFooter";
     | ^^^^^^^^^^^^^^^^^^^^^^^^^^^^^^^^^^^^^^^^^^^^^^^^^^^^^
   8 | import { SiteHeader } from "@/components/SiteHeader";
   9 | import "./globals.css";
  10 |

Import map: aliased to relative './src/components/SiteFooter' inside of [project]/

https://nextjs.org/docs/messages/module-not-found @ http://localhost:3000/_next/static/chunks/node_modules_next_dist_1gdrd03._.js:1945
[180349685ms] [ERROR] ./src/app/layout.tsx:7:1
Module not found: Can't resolve '@/components/SiteFooter'
   5 |   IBM_Plex_Sans_Condensed,
   6 | } from "next/font/google";
>  7 | import { SiteFooter } from "@/components/SiteFooter";
     | ^^^^^^^^^^^^^^^^^^^^^^^^^^^^^^^^^^^^^^^^^^^^^^^^^^^^^
   8 | import { SiteHeader } from "@/components/SiteHeader";
   9 | import "./globals.css";
  10 |

Import map: aliased to relative './src/components/SiteFooter' inside of [project]/

https://nextjs.org/docs/messages/module-not-found @ http://localhost:3000/_next/static/chunks/node_modules_next_dist_1gdrd03._.js:1945
[180349747ms] [ERROR] ./src/app/layout.tsx:7:1
Module not found: Can't resolve '@/components/SiteFooter'
   5 |   IBM_Plex_Sans_Condensed,
   6 | } from "next/font/google";
>  7 | import { SiteFooter } from "@/components/SiteFooter";
     | ^^^^^^^^^^^^^^^^^^^^^^^^^^^^^^^^^^^^^^^^^^^^^^^^^^^^^
   8 | import { SiteHeader } from "@/components/SiteHeader";
   9 | import "./globals.css";
  10 |

Import map: aliased to relative './src/components/SiteFooter' inside of [project]/

https://nextjs.org/docs/messages/module-not-found @ http://localhost:3000/_next/static/chunks/node_modules_next_dist_1gdrd03._.js:1945
[180349811ms] [ERROR] ./src/app/layout.tsx:7:1
Module not found: Can't resolve '@/components/SiteFooter'
   5 |   IBM_Plex_Sans_Condensed,
   6 | } from "next/font/google";
>  7 | import { SiteFooter } from "@/components/SiteFooter";
     | ^^^^^^^^^^^^^^^^^^^^^^^^^^^^^^^^^^^^^^^^^^^^^^^^^^^^^
   8 | import { SiteHeader } from "@/components/SiteHeader";
   9 | import "./globals.css";
  10 |

Import map: aliased to relative './src/components/SiteFooter' inside of [project]/

https://nextjs.org/docs/messages/module-not-found @ http://localhost:3000/_next/static/chunks/node_modules_next_dist_1gdrd03._.js:1945
[180349872ms] [ERROR] ./src/app/layout.tsx:7:1
Module not found: Can't resolve '@/components/SiteFooter'
   5 |   IBM_Plex_Sans_Condensed,
   6 | } from "next/font/google";
>  7 | import { SiteFooter } from "@/components/SiteFooter";
     | ^^^^^^^^^^^^^^^^^^^^^^^^^^^^^^^^^^^^^^^^^^^^^^^^^^^^^
   8 | import { SiteHeader } from "@/components/SiteHeader";
   9 | import "./globals.css";
  10 |

Import map: aliased to relative './src/components/SiteFooter' inside of [project]/

https://nextjs.org/docs/messages/module-not-found @ http://localhost:3000/_next/static/chunks/node_modules_next_dist_1gdrd03._.js:1945
[180349935ms] [ERROR] ./src/app/layout.tsx:7:1
Module not found: Can't resolve '@/components/SiteFooter'
   5 |   IBM_Plex_Sans_Condensed,
   6 | } from "next/font/google";
>  7 | import { SiteFooter } from "@/components/SiteFooter";
     | ^^^^^^^^^^^^^^^^^^^^^^^^^^^^^^^^^^^^^^^^^^^^^^^^^^^^^
   8 | import { SiteHeader } from "@/components/SiteHeader";
   9 | import "./globals.css";
  10 |

Import map: aliased to relative './src/components/SiteFooter' inside of [project]/

https://nextjs.org/docs/messages/module-not-found @ http://localhost:3000/_next/static/chunks/node_modules_next_dist_1gdrd03._.js:1945
[180349998ms] [ERROR] ./src/app/layout.tsx:7:1
Module not found: Can't resolve '@/components/SiteFooter'
   5 |   IBM_Plex_Sans_Condensed,
   6 | } from "next/font/google";
>  7 | import { SiteFooter } from "@/components/SiteFooter";
     | ^^^^^^^^^^^^^^^^^^^^^^^^^^^^^^^^^^^^^^^^^^^^^^^^^^^^^
   8 | import { SiteHeader } from "@/components/SiteHeader";
   9 | import "./globals.css";
  10 |

Import map: aliased to relative './src/components/SiteFooter' inside of [project]/

https://nextjs.org/docs/messages/module-not-found @ http://localhost:3000/_next/static/chunks/node_modules_next_dist_1gdrd03._.js:1945
[180350061ms] [ERROR] ./src/app/layout.tsx:7:1
Module not found: Can't resolve '@/components/SiteFooter'
   5 |   IBM_Plex_Sans_Condensed,
   6 | } from "next/font/google";
>  7 | import { SiteFooter } from "@/components/SiteFooter";
     | ^^^^^^^^^^^^^^^^^^^^^^^^^^^^^^^^^^^^^^^^^^^^^^^^^^^^^
   8 | import { SiteHeader } from "@/components/SiteHeader";
   9 | import "./globals.css";
  10 |

Import map: aliased to relative './src/components/SiteFooter' inside of [project]/

https://nextjs.org/docs/messages/module-not-found @ http://localhost:3000/_next/static/chunks/node_modules_next_dist_1gdrd03._.js:1945
[180350122ms] [ERROR] ./src/app/layout.tsx:7:1
Module not found: Can't resolve '@/components/SiteFooter'
   5 |   IBM_Plex_Sans_Condensed,
   6 | } from "next/font/google";
>  7 | import { SiteFooter } from "@/components/SiteFooter";
     | ^^^^^^^^^^^^^^^^^^^^^^^^^^^^^^^^^^^^^^^^^^^^^^^^^^^^^
   8 | import { SiteHeader } from "@/components/SiteHeader";
   9 | import "./globals.css";
  10 |

Import map: aliased to relative './src/components/SiteFooter' inside of [project]/

https://nextjs.org/docs/messages/module-not-found @ http://localhost:3000/_next/static/chunks/node_modules_next_dist_1gdrd03._.js:1945
[180350184ms] [ERROR] ./src/app/layout.tsx:7:1
Module not found: Can't resolve '@/components/SiteFooter'
   5 |   IBM_Plex_Sans_Condensed,
   6 | } from "next/font/google";
>  7 | import { SiteFooter } from "@/components/SiteFooter";
     | ^^^^^^^^^^^^^^^^^^^^^^^^^^^^^^^^^^^^^^^^^^^^^^^^^^^^^
   8 | import { SiteHeader } from "@/components/SiteHeader";
   9 | import "./globals.css";
  10 |

Import map: aliased to relative './src/components/SiteFooter' inside of [project]/

https://nextjs.org/docs/messages/module-not-found @ http://localhost:3000/_next/static/chunks/node_modules_next_dist_1gdrd03._.js:1945
[180350247ms] [ERROR] ./src/app/layout.tsx:7:1
Module not found: Can't resolve '@/components/SiteFooter'
   5 |   IBM_Plex_Sans_Condensed,
   6 | } from "next/font/google";
>  7 | import { SiteFooter } from "@/components/SiteFooter";
     | ^^^^^^^^^^^^^^^^^^^^^^^^^^^^^^^^^^^^^^^^^^^^^^^^^^^^^
   8 | import { SiteHeader } from "@/components/SiteHeader";
   9 | import "./globals.css";
  10 |

Import map: aliased to relative './src/components/SiteFooter' inside of [project]/

https://nextjs.org/docs/messages/module-not-found @ http://localhost:3000/_next/static/chunks/node_modules_next_dist_1gdrd03._.js:1945
[180350308ms] [ERROR] ./src/app/layout.tsx:7:1
Module not found: Can't resolve '@/components/SiteFooter'
   5 |   IBM_Plex_Sans_Condensed,
   6 | } from "next/font/google";
>  7 | import { SiteFooter } from "@/components/SiteFooter";
     | ^^^^^^^^^^^^^^^^^^^^^^^^^^^^^^^^^^^^^^^^^^^^^^^^^^^^^
   8 | import { SiteHeader } from "@/components/SiteHeader";
   9 | import "./globals.css";
  10 |

Import map: aliased to relative './src/components/SiteFooter' inside of [project]/

https://nextjs.org/docs/messages/module-not-found @ http://localhost:3000/_next/static/chunks/node_modules_next_dist_1gdrd03._.js:1945
[180350370ms] [ERROR] ./src/app/layout.tsx:7:1
Module not found: Can't resolve '@/components/SiteFooter'
   5 |   IBM_Plex_Sans_Condensed,
   6 | } from "next/font/google";
>  7 | import { SiteFooter } from "@/components/SiteFooter";
     | ^^^^^^^^^^^^^^^^^^^^^^^^^^^^^^^^^^^^^^^^^^^^^^^^^^^^^
   8 | import { SiteHeader } from "@/components/SiteHeader";
   9 | import "./globals.css";
  10 |

Import map: aliased to relative './src/components/SiteFooter' inside of [project]/

https://nextjs.org/docs/messages/module-not-found @ http://localhost:3000/_next/static/chunks/node_modules_next_dist_1gdrd03._.js:1945
[180350433ms] [ERROR] ./src/app/layout.tsx:7:1
Module not found: Can't resolve '@/components/SiteFooter'
   5 |   IBM_Plex_Sans_Condensed,
   6 | } from "next/font/google";
>  7 | import { SiteFooter } from "@/components/SiteFooter";
     | ^^^^^^^^^^^^^^^^^^^^^^^^^^^^^^^^^^^^^^^^^^^^^^^^^^^^^
   8 | import { SiteHeader } from "@/components/SiteHeader";
   9 | import "./globals.css";
  10 |

Import map: aliased to relative './src/components/SiteFooter' inside of [project]/

https://nextjs.org/docs/messages/module-not-found @ http://localhost:3000/_next/static/chunks/node_modules_next_dist_1gdrd03._.js:1945
[180350495ms] [ERROR] ./src/app/layout.tsx:7:1
Module not found: Can't resolve '@/components/SiteFooter'
   5 |   IBM_Plex_Sans_Condensed,
   6 | } from "next/font/google";
>  7 | import { SiteFooter } from "@/components/SiteFooter";
     | ^^^^^^^^^^^^^^^^^^^^^^^^^^^^^^^^^^^^^^^^^^^^^^^^^^^^^
   8 | import { SiteHeader } from "@/components/SiteHeader";
   9 | import "./globals.css";
  10 |

Import map: aliased to relative './src/components/SiteFooter' inside of [project]/

https://nextjs.org/docs/messages/module-not-found @ http://localhost:3000/_next/static/chunks/node_modules_next_dist_1gdrd03._.js:1945
[180350557ms] [ERROR] ./src/app/layout.tsx:7:1
Module not found: Can't resolve '@/components/SiteFooter'
   5 |   IBM_Plex_Sans_Condensed,
   6 | } from "next/font/google";
>  7 | import { SiteFooter } from "@/components/SiteFooter";
     | ^^^^^^^^^^^^^^^^^^^^^^^^^^^^^^^^^^^^^^^^^^^^^^^^^^^^^
   8 | import { SiteHeader } from "@/components/SiteHeader";
   9 | import "./globals.css";
  10 |

Import map: aliased to relative './src/components/SiteFooter' inside of [project]/

https://nextjs.org/docs/messages/module-not-found @ http://localhost:3000/_next/static/chunks/node_modules_next_dist_1gdrd03._.js:1945
[180350619ms] [ERROR] ./src/app/layout.tsx:7:1
Module not found: Can't resolve '@/components/SiteFooter'
   5 |   IBM_Plex_Sans_Condensed,
   6 | } from "next/font/google";
>  7 | import { SiteFooter } from "@/components/SiteFooter";
     | ^^^^^^^^^^^^^^^^^^^^^^^^^^^^^^^^^^^^^^^^^^^^^^^^^^^^^
   8 | import { SiteHeader } from "@/components/SiteHeader";
   9 | import "./globals.css";
  10 |

Import map: aliased to relative './src/components/SiteFooter' inside of [project]/

https://nextjs.org/docs/messages/module-not-found @ http://localhost:3000/_next/static/chunks/node_modules_next_dist_1gdrd03._.js:1945
[180350681ms] [ERROR] ./src/app/layout.tsx:7:1
Module not found: Can't resolve '@/components/SiteFooter'
   5 |   IBM_Plex_Sans_Condensed,
   6 | } from "next/font/google";
>  7 | import { SiteFooter } from "@/components/SiteFooter";
     | ^^^^^^^^^^^^^^^^^^^^^^^^^^^^^^^^^^^^^^^^^^^^^^^^^^^^^
   8 | import { SiteHeader } from "@/components/SiteHeader";
   9 | import "./globals.css";
  10 |

Import map: aliased to relative './src/components/SiteFooter' inside of [project]/

https://nextjs.org/docs/messages/module-not-found @ http://localhost:3000/_next/static/chunks/node_modules_next_dist_1gdrd03._.js:1945
[180350743ms] [ERROR] ./src/app/layout.tsx:7:1
Module not found: Can't resolve '@/components/SiteFooter'
   5 |   IBM_Plex_Sans_Condensed,
   6 | } from "next/font/google";
>  7 | import { SiteFooter } from "@/components/SiteFooter";
     | ^^^^^^^^^^^^^^^^^^^^^^^^^^^^^^^^^^^^^^^^^^^^^^^^^^^^^
   8 | import { SiteHeader } from "@/components/SiteHeader";
   9 | import "./globals.css";
  10 |

Import map: aliased to relative './src/components/SiteFooter' inside of [project]/

https://nextjs.org/docs/messages/module-not-found @ http://localhost:3000/_next/static/chunks/node_modules_next_dist_1gdrd03._.js:1945
[180350805ms] [ERROR] ./src/app/layout.tsx:7:1
Module not found: Can't resolve '@/components/SiteFooter'
   5 |   IBM_Plex_Sans_Condensed,
   6 | } from "next/font/google";
>  7 | import { SiteFooter } from "@/components/SiteFooter";
     | ^^^^^^^^^^^^^^^^^^^^^^^^^^^^^^^^^^^^^^^^^^^^^^^^^^^^^
   8 | import { SiteHeader } from "@/components/SiteHeader";
   9 | import "./globals.css";
  10 |

Import map: aliased to relative './src/components/SiteFooter' inside of [project]/

https://nextjs.org/docs/messages/module-not-found @ http://localhost:3000/_next/static/chunks/node_modules_next_dist_1gdrd03._.js:1945
[180350868ms] [ERROR] ./src/app/layout.tsx:7:1
Module not found: Can't resolve '@/components/SiteFooter'
   5 |   IBM_Plex_Sans_Condensed,
   6 | } from "next/font/google";
>  7 | import { SiteFooter } from "@/components/SiteFooter";
     | ^^^^^^^^^^^^^^^^^^^^^^^^^^^^^^^^^^^^^^^^^^^^^^^^^^^^^
   8 | import { SiteHeader } from "@/components/SiteHeader";
   9 | import "./globals.css";
  10 |

Import map: aliased to relative './src/components/SiteFooter' inside of [project]/

https://nextjs.org/docs/messages/module-not-found @ http://localhost:3000/_next/static/chunks/node_modules_next_dist_1gdrd03._.js:1945
[180350929ms] [ERROR] ./src/app/layout.tsx:7:1
Module not found: Can't resolve '@/components/SiteFooter'
   5 |   IBM_Plex_Sans_Condensed,
   6 | } from "next/font/google";
>  7 | import { SiteFooter } from "@/components/SiteFooter";
     | ^^^^^^^^^^^^^^^^^^^^^^^^^^^^^^^^^^^^^^^^^^^^^^^^^^^^^
   8 | import { SiteHeader } from "@/components/SiteHeader";
   9 | import "./globals.css";
  10 |

Import map: aliased to relative './src/components/SiteFooter' inside of [project]/

https://nextjs.org/docs/messages/module-not-found @ http://localhost:3000/_next/static/chunks/node_modules_next_dist_1gdrd03._.js:1945
[180350991ms] [ERROR] ./src/app/layout.tsx:7:1
Module not found: Can't resolve '@/components/SiteFooter'
   5 |   IBM_Plex_Sans_Condensed,
   6 | } from "next/font/google";
>  7 | import { SiteFooter } from "@/components/SiteFooter";
     | ^^^^^^^^^^^^^^^^^^^^^^^^^^^^^^^^^^^^^^^^^^^^^^^^^^^^^
   8 | import { SiteHeader } from "@/components/SiteHeader";
   9 | import "./globals.css";
  10 |

Import map: aliased to relative './src/components/SiteFooter' inside of [project]/

https://nextjs.org/docs/messages/module-not-found @ http://localhost:3000/_next/static/chunks/node_modules_next_dist_1gdrd03._.js:1945
[180351054ms] [ERROR] ./src/app/layout.tsx:7:1
Module not found: Can't resolve '@/components/SiteFooter'
   5 |   IBM_Plex_Sans_Condensed,
   6 | } from "next/font/google";
>  7 | import { SiteFooter } from "@/components/SiteFooter";
     | ^^^^^^^^^^^^^^^^^^^^^^^^^^^^^^^^^^^^^^^^^^^^^^^^^^^^^
   8 | import { SiteHeader } from "@/components/SiteHeader";
   9 | import "./globals.css";
  10 |

Import map: aliased to relative './src/components/SiteFooter' inside of [project]/

https://nextjs.org/docs/messages/module-not-found @ http://localhost:3000/_next/static/chunks/node_modules_next_dist_1gdrd03._.js:1945
[180351116ms] [ERROR] ./src/app/layout.tsx:7:1
Module not found: Can't resolve '@/components/SiteFooter'
   5 |   IBM_Plex_Sans_Condensed,
   6 | } from "next/font/google";
>  7 | import { SiteFooter } from "@/components/SiteFooter";
     | ^^^^^^^^^^^^^^^^^^^^^^^^^^^^^^^^^^^^^^^^^^^^^^^^^^^^^
   8 | import { SiteHeader } from "@/components/SiteHeader";
   9 | import "./globals.css";
  10 |

Import map: aliased to relative './src/components/SiteFooter' inside of [project]/

https://nextjs.org/docs/messages/module-not-found @ http://localhost:3000/_next/static/chunks/node_modules_next_dist_1gdrd03._.js:1945
[180351178ms] [ERROR] ./src/app/layout.tsx:7:1
Module not found: Can't resolve '@/components/SiteFooter'
   5 |   IBM_Plex_Sans_Condensed,
   6 | } from "next/font/google";
>  7 | import { SiteFooter } from "@/components/SiteFooter";
     | ^^^^^^^^^^^^^^^^^^^^^^^^^^^^^^^^^^^^^^^^^^^^^^^^^^^^^
   8 | import { SiteHeader } from "@/components/SiteHeader";
   9 | import "./globals.css";
  10 |

Import map: aliased to relative './src/components/SiteFooter' inside of [project]/

https://nextjs.org/docs/messages/module-not-found @ http://localhost:3000/_next/static/chunks/node_modules_next_dist_1gdrd03._.js:1945
[180351240ms] [ERROR] ./src/app/layout.tsx:7:1
Module not found: Can't resolve '@/components/SiteFooter'
   5 |   IBM_Plex_Sans_Condensed,
   6 | } from "next/font/google";
>  7 | import { SiteFooter } from "@/components/SiteFooter";
     | ^^^^^^^^^^^^^^^^^^^^^^^^^^^^^^^^^^^^^^^^^^^^^^^^^^^^^
   8 | import { SiteHeader } from "@/components/SiteHeader";
   9 | import "./globals.css";
  10 |

Import map: aliased to relative './src/components/SiteFooter' inside of [project]/

https://nextjs.org/docs/messages/module-not-found @ http://localhost:3000/_next/static/chunks/node_modules_next_dist_1gdrd03._.js:1945
[180351301ms] [ERROR] ./src/app/layout.tsx:7:1
Module not found: Can't resolve '@/components/SiteFooter'
   5 |   IBM_Plex_Sans_Condensed,
   6 | } from "next/font/google";
>  7 | import { SiteFooter } from "@/components/SiteFooter";
     | ^^^^^^^^^^^^^^^^^^^^^^^^^^^^^^^^^^^^^^^^^^^^^^^^^^^^^
   8 | import { SiteHeader } from "@/components/SiteHeader";
   9 | import "./globals.css";
  10 |

Import map: aliased to relative './src/components/SiteFooter' inside of [project]/

https://nextjs.org/docs/messages/module-not-found @ http://localhost:3000/_next/static/chunks/node_modules_next_dist_1gdrd03._.js:1945
[180351364ms] [ERROR] ./src/app/layout.tsx:7:1
Module not found: Can't resolve '@/components/SiteFooter'
   5 |   IBM_Plex_Sans_Condensed,
   6 | } from "next/font/google";
>  7 | import { SiteFooter } from "@/components/SiteFooter";
     | ^^^^^^^^^^^^^^^^^^^^^^^^^^^^^^^^^^^^^^^^^^^^^^^^^^^^^
   8 | import { SiteHeader } from "@/components/SiteHeader";
   9 | import "./globals.css";
  10 |

Import map: aliased to relative './src/components/SiteFooter' inside of [project]/

https://nextjs.org/docs/messages/module-not-found @ http://localhost:3000/_next/static/chunks/node_modules_next_dist_1gdrd03._.js:1945
[180351426ms] [ERROR] ./src/app/layout.tsx:7:1
Module not found: Can't resolve '@/components/SiteFooter'
   5 |   IBM_Plex_Sans_Condensed,
   6 | } from "next/font/google";
>  7 | import { SiteFooter } from "@/components/SiteFooter";
     | ^^^^^^^^^^^^^^^^^^^^^^^^^^^^^^^^^^^^^^^^^^^^^^^^^^^^^
   8 | import { SiteHeader } from "@/components/SiteHeader";
   9 | import "./globals.css";
  10 |

Import map: aliased to relative './src/components/SiteFooter' inside of [project]/

https://nextjs.org/docs/messages/module-not-found @ http://localhost:3000/_next/static/chunks/node_modules_next_dist_1gdrd03._.js:1945
[180351488ms] [ERROR] ./src/app/layout.tsx:7:1
Module not found: Can't resolve '@/components/SiteFooter'
   5 |   IBM_Plex_Sans_Condensed,
   6 | } from "next/font/google";
>  7 | import { SiteFooter } from "@/components/SiteFooter";
     | ^^^^^^^^^^^^^^^^^^^^^^^^^^^^^^^^^^^^^^^^^^^^^^^^^^^^^
   8 | import { SiteHeader } from "@/components/SiteHeader";
   9 | import "./globals.css";
  10 |

Import map: aliased to relative './src/components/SiteFooter' inside of [project]/

https://nextjs.org/docs/messages/module-not-found @ http://localhost:3000/_next/static/chunks/node_modules_next_dist_1gdrd03._.js:1945
[180351551ms] [ERROR] ./src/app/layout.tsx:7:1
Module not found: Can't resolve '@/components/SiteFooter'
   5 |   IBM_Plex_Sans_Condensed,
   6 | } from "next/font/google";
>  7 | import { SiteFooter } from "@/components/SiteFooter";
     | ^^^^^^^^^^^^^^^^^^^^^^^^^^^^^^^^^^^^^^^^^^^^^^^^^^^^^
   8 | import { SiteHeader } from "@/components/SiteHeader";
   9 | import "./globals.css";
  10 |

Import map: aliased to relative './src/components/SiteFooter' inside of [project]/

https://nextjs.org/docs/messages/module-not-found @ http://localhost:3000/_next/static/chunks/node_modules_next_dist_1gdrd03._.js:1945
[180351613ms] [ERROR] ./src/app/layout.tsx:7:1
Module not found: Can't resolve '@/components/SiteFooter'
   5 |   IBM_Plex_Sans_Condensed,
   6 | } from "next/font/google";
>  7 | import { SiteFooter } from "@/components/SiteFooter";
     | ^^^^^^^^^^^^^^^^^^^^^^^^^^^^^^^^^^^^^^^^^^^^^^^^^^^^^
   8 | import { SiteHeader } from "@/components/SiteHeader";
   9 | import "./globals.css";
  10 |

Import map: aliased to relative './src/components/SiteFooter' inside of [project]/

https://nextjs.org/docs/messages/module-not-found @ http://localhost:3000/_next/static/chunks/node_modules_next_dist_1gdrd03._.js:1945
[180351677ms] [ERROR] ./src/app/layout.tsx:7:1
Module not found: Can't resolve '@/components/SiteFooter'
   5 |   IBM_Plex_Sans_Condensed,
   6 | } from "next/font/google";
>  7 | import { SiteFooter } from "@/components/SiteFooter";
     | ^^^^^^^^^^^^^^^^^^^^^^^^^^^^^^^^^^^^^^^^^^^^^^^^^^^^^
   8 | import { SiteHeader } from "@/components/SiteHeader";
   9 | import "./globals.css";
  10 |

Import map: aliased to relative './src/components/SiteFooter' inside of [project]/

https://nextjs.org/docs/messages/module-not-found @ http://localhost:3000/_next/static/chunks/node_modules_next_dist_1gdrd03._.js:1945
[180351739ms] [ERROR] ./src/app/layout.tsx:7:1
Module not found: Can't resolve '@/components/SiteFooter'
   5 |   IBM_Plex_Sans_Condensed,
   6 | } from "next/font/google";
>  7 | import { SiteFooter } from "@/components/SiteFooter";
     | ^^^^^^^^^^^^^^^^^^^^^^^^^^^^^^^^^^^^^^^^^^^^^^^^^^^^^
   8 | import { SiteHeader } from "@/components/SiteHeader";
   9 | import "./globals.css";
  10 |

Import map: aliased to relative './src/components/SiteFooter' inside of [project]/

https://nextjs.org/docs/messages/module-not-found @ http://localhost:3000/_next/static/chunks/node_modules_next_dist_1gdrd03._.js:1945
[180351800ms] [ERROR] ./src/app/layout.tsx:7:1
Module not found: Can't resolve '@/components/SiteFooter'
   5 |   IBM_Plex_Sans_Condensed,
   6 | } from "next/font/google";
>  7 | import { SiteFooter } from "@/components/SiteFooter";
     | ^^^^^^^^^^^^^^^^^^^^^^^^^^^^^^^^^^^^^^^^^^^^^^^^^^^^^
   8 | import { SiteHeader } from "@/components/SiteHeader";
   9 | import "./globals.css";
  10 |

Import map: aliased to relative './src/components/SiteFooter' inside of [project]/

https://nextjs.org/docs/messages/module-not-found @ http://localhost:3000/_next/static/chunks/node_modules_next_dist_1gdrd03._.js:1945
[180351863ms] [ERROR] ./src/app/layout.tsx:7:1
Module not found: Can't resolve '@/components/SiteFooter'
   5 |   IBM_Plex_Sans_Condensed,
   6 | } from "next/font/google";
>  7 | import { SiteFooter } from "@/components/SiteFooter";
     | ^^^^^^^^^^^^^^^^^^^^^^^^^^^^^^^^^^^^^^^^^^^^^^^^^^^^^
   8 | import { SiteHeader } from "@/components/SiteHeader";
   9 | import "./globals.css";
  10 |

Import map: aliased to relative './src/components/SiteFooter' inside of [project]/

https://nextjs.org/docs/messages/module-not-found @ http://localhost:3000/_next/static/chunks/node_modules_next_dist_1gdrd03._.js:1945
[180351926ms] [ERROR] ./src/app/layout.tsx:7:1
Module not found: Can't resolve '@/components/SiteFooter'
   5 |   IBM_Plex_Sans_Condensed,
   6 | } from "next/font/google";
>  7 | import { SiteFooter } from "@/components/SiteFooter";
     | ^^^^^^^^^^^^^^^^^^^^^^^^^^^^^^^^^^^^^^^^^^^^^^^^^^^^^
   8 | import { SiteHeader } from "@/components/SiteHeader";
   9 | import "./globals.css";
  10 |

Import map: aliased to relative './src/components/SiteFooter' inside of [project]/

https://nextjs.org/docs/messages/module-not-found @ http://localhost:3000/_next/static/chunks/node_modules_next_dist_1gdrd03._.js:1945
[180351988ms] [ERROR] ./src/app/layout.tsx:7:1
Module not found: Can't resolve '@/components/SiteFooter'
   5 |   IBM_Plex_Sans_Condensed,
   6 | } from "next/font/google";
>  7 | import { SiteFooter } from "@/components/SiteFooter";
     | ^^^^^^^^^^^^^^^^^^^^^^^^^^^^^^^^^^^^^^^^^^^^^^^^^^^^^
   8 | import { SiteHeader } from "@/components/SiteHeader";
   9 | import "./globals.css";
  10 |

Import map: aliased to relative './src/components/SiteFooter' inside of [project]/

https://nextjs.org/docs/messages/module-not-found @ http://localhost:3000/_next/static/chunks/node_modules_next_dist_1gdrd03._.js:1945
[180352049ms] [ERROR] ./src/app/layout.tsx:7:1
Module not found: Can't resolve '@/components/SiteFooter'
   5 |   IBM_Plex_Sans_Condensed,
   6 | } from "next/font/google";
>  7 | import { SiteFooter } from "@/components/SiteFooter";
     | ^^^^^^^^^^^^^^^^^^^^^^^^^^^^^^^^^^^^^^^^^^^^^^^^^^^^^
   8 | import { SiteHeader } from "@/components/SiteHeader";
   9 | import "./globals.css";
  10 |

Import map: aliased to relative './src/components/SiteFooter' inside of [project]/

https://nextjs.org/docs/messages/module-not-found @ http://localhost:3000/_next/static/chunks/node_modules_next_dist_1gdrd03._.js:1945
[180352113ms] [ERROR] ./src/app/layout.tsx:7:1
Module not found: Can't resolve '@/components/SiteFooter'
   5 |   IBM_Plex_Sans_Condensed,
   6 | } from "next/font/google";
>  7 | import { SiteFooter } from "@/components/SiteFooter";
     | ^^^^^^^^^^^^^^^^^^^^^^^^^^^^^^^^^^^^^^^^^^^^^^^^^^^^^
   8 | import { SiteHeader } from "@/components/SiteHeader";
   9 | import "./globals.css";
  10 |

Import map: aliased to relative './src/components/SiteFooter' inside of [project]/

https://nextjs.org/docs/messages/module-not-found @ http://localhost:3000/_next/static/chunks/node_modules_next_dist_1gdrd03._.js:1945
[180352175ms] [ERROR] ./src/app/layout.tsx:7:1
Module not found: Can't resolve '@/components/SiteFooter'
   5 |   IBM_Plex_Sans_Condensed,
   6 | } from "next/font/google";
>  7 | import { SiteFooter } from "@/components/SiteFooter";
     | ^^^^^^^^^^^^^^^^^^^^^^^^^^^^^^^^^^^^^^^^^^^^^^^^^^^^^
   8 | import { SiteHeader } from "@/components/SiteHeader";
   9 | import "./globals.css";
  10 |

Import map: aliased to relative './src/components/SiteFooter' inside of [project]/

https://nextjs.org/docs/messages/module-not-found @ http://localhost:3000/_next/static/chunks/node_modules_next_dist_1gdrd03._.js:1945
[180352238ms] [ERROR] ./src/app/layout.tsx:7:1
Module not found: Can't resolve '@/components/SiteFooter'
   5 |   IBM_Plex_Sans_Condensed,
   6 | } from "next/font/google";
>  7 | import { SiteFooter } from "@/components/SiteFooter";
     | ^^^^^^^^^^^^^^^^^^^^^^^^^^^^^^^^^^^^^^^^^^^^^^^^^^^^^
   8 | import { SiteHeader } from "@/components/SiteHeader";
   9 | import "./globals.css";
  10 |

Import map: aliased to relative './src/components/SiteFooter' inside of [project]/

https://nextjs.org/docs/messages/module-not-found @ http://localhost:3000/_next/static/chunks/node_modules_next_dist_1gdrd03._.js:1945
[180352298ms] [ERROR] ./src/app/layout.tsx:7:1
Module not found: Can't resolve '@/components/SiteFooter'
   5 |   IBM_Plex_Sans_Condensed,
   6 | } from "next/font/google";
>  7 | import { SiteFooter } from "@/components/SiteFooter";
     | ^^^^^^^^^^^^^^^^^^^^^^^^^^^^^^^^^^^^^^^^^^^^^^^^^^^^^
   8 | import { SiteHeader } from "@/components/SiteHeader";
   9 | import "./globals.css";
  10 |

Import map: aliased to relative './src/components/SiteFooter' inside of [project]/

https://nextjs.org/docs/messages/module-not-found @ http://localhost:3000/_next/static/chunks/node_modules_next_dist_1gdrd03._.js:1945
[180352361ms] [ERROR] ./src/app/layout.tsx:7:1
Module not found: Can't resolve '@/components/SiteFooter'
   5 |   IBM_Plex_Sans_Condensed,
   6 | } from "next/font/google";
>  7 | import { SiteFooter } from "@/components/SiteFooter";
     | ^^^^^^^^^^^^^^^^^^^^^^^^^^^^^^^^^^^^^^^^^^^^^^^^^^^^^
   8 | import { SiteHeader } from "@/components/SiteHeader";
   9 | import "./globals.css";
  10 |

Import map: aliased to relative './src/components/SiteFooter' inside of [project]/

https://nextjs.org/docs/messages/module-not-found @ http://localhost:3000/_next/static/chunks/node_modules_next_dist_1gdrd03._.js:1945
[180352423ms] [ERROR] ./src/app/layout.tsx:7:1
Module not found: Can't resolve '@/components/SiteFooter'
   5 |   IBM_Plex_Sans_Condensed,
   6 | } from "next/font/google";
>  7 | import { SiteFooter } from "@/components/SiteFooter";
     | ^^^^^^^^^^^^^^^^^^^^^^^^^^^^^^^^^^^^^^^^^^^^^^^^^^^^^
   8 | import { SiteHeader } from "@/components/SiteHeader";
   9 | import "./globals.css";
  10 |

Import map: aliased to relative './src/components/SiteFooter' inside of [project]/

https://nextjs.org/docs/messages/module-not-found @ http://localhost:3000/_next/static/chunks/node_modules_next_dist_1gdrd03._.js:1945
[180352485ms] [ERROR] ./src/app/layout.tsx:7:1
Module not found: Can't resolve '@/components/SiteFooter'
   5 |   IBM_Plex_Sans_Condensed,
   6 | } from "next/font/google";
>  7 | import { SiteFooter } from "@/components/SiteFooter";
     | ^^^^^^^^^^^^^^^^^^^^^^^^^^^^^^^^^^^^^^^^^^^^^^^^^^^^^
   8 | import { SiteHeader } from "@/components/SiteHeader";
   9 | import "./globals.css";
  10 |

Import map: aliased to relative './src/components/SiteFooter' inside of [project]/

https://nextjs.org/docs/messages/module-not-found @ http://localhost:3000/_next/static/chunks/node_modules_next_dist_1gdrd03._.js:1945
[180352549ms] [ERROR] ./src/app/layout.tsx:7:1
Module not found: Can't resolve '@/components/SiteFooter'
   5 |   IBM_Plex_Sans_Condensed,
   6 | } from "next/font/google";
>  7 | import { SiteFooter } from "@/components/SiteFooter";
     | ^^^^^^^^^^^^^^^^^^^^^^^^^^^^^^^^^^^^^^^^^^^^^^^^^^^^^
   8 | import { SiteHeader } from "@/components/SiteHeader";
   9 | import "./globals.css";
  10 |

Import map: aliased to relative './src/components/SiteFooter' inside of [project]/

https://nextjs.org/docs/messages/module-not-found @ http://localhost:3000/_next/static/chunks/node_modules_next_dist_1gdrd03._.js:1945
[180352610ms] [ERROR] ./src/app/layout.tsx:7:1
Module not found: Can't resolve '@/components/SiteFooter'
   5 |   IBM_Plex_Sans_Condensed,
   6 | } from "next/font/google";
>  7 | import { SiteFooter } from "@/components/SiteFooter";
     | ^^^^^^^^^^^^^^^^^^^^^^^^^^^^^^^^^^^^^^^^^^^^^^^^^^^^^
   8 | import { SiteHeader } from "@/components/SiteHeader";
   9 | import "./globals.css";
  10 |

Import map: aliased to relative './src/components/SiteFooter' inside of [project]/

https://nextjs.org/docs/messages/module-not-found @ http://localhost:3000/_next/static/chunks/node_modules_next_dist_1gdrd03._.js:1945
[180352671ms] [ERROR] ./src/app/layout.tsx:7:1
Module not found: Can't resolve '@/components/SiteFooter'
   5 |   IBM_Plex_Sans_Condensed,
   6 | } from "next/font/google";
>  7 | import { SiteFooter } from "@/components/SiteFooter";
     | ^^^^^^^^^^^^^^^^^^^^^^^^^^^^^^^^^^^^^^^^^^^^^^^^^^^^^
   8 | import { SiteHeader } from "@/components/SiteHeader";
   9 | import "./globals.css";
  10 |

Import map: aliased to relative './src/components/SiteFooter' inside of [project]/

https://nextjs.org/docs/messages/module-not-found @ http://localhost:3000/_next/static/chunks/node_modules_next_dist_1gdrd03._.js:1945
[180352733ms] [ERROR] ./src/app/layout.tsx:7:1
Module not found: Can't resolve '@/components/SiteFooter'
   5 |   IBM_Plex_Sans_Condensed,
   6 | } from "next/font/google";
>  7 | import { SiteFooter } from "@/components/SiteFooter";
     | ^^^^^^^^^^^^^^^^^^^^^^^^^^^^^^^^^^^^^^^^^^^^^^^^^^^^^
   8 | import { SiteHeader } from "@/components/SiteHeader";
   9 | import "./globals.css";
  10 |

Import map: aliased to relative './src/components/SiteFooter' inside of [project]/

https://nextjs.org/docs/messages/module-not-found @ http://localhost:3000/_next/static/chunks/node_modules_next_dist_1gdrd03._.js:1945
[180352795ms] [ERROR] ./src/app/layout.tsx:7:1
Module not found: Can't resolve '@/components/SiteFooter'
   5 |   IBM_Plex_Sans_Condensed,
   6 | } from "next/font/google";
>  7 | import { SiteFooter } from "@/components/SiteFooter";
     | ^^^^^^^^^^^^^^^^^^^^^^^^^^^^^^^^^^^^^^^^^^^^^^^^^^^^^
   8 | import { SiteHeader } from "@/components/SiteHeader";
   9 | import "./globals.css";
  10 |

Import map: aliased to relative './src/components/SiteFooter' inside of [project]/

https://nextjs.org/docs/messages/module-not-found @ http://localhost:3000/_next/static/chunks/node_modules_next_dist_1gdrd03._.js:1945
[180352856ms] [ERROR] ./src/app/layout.tsx:7:1
Module not found: Can't resolve '@/components/SiteFooter'
   5 |   IBM_Plex_Sans_Condensed,
   6 | } from "next/font/google";
>  7 | import { SiteFooter } from "@/components/SiteFooter";
     | ^^^^^^^^^^^^^^^^^^^^^^^^^^^^^^^^^^^^^^^^^^^^^^^^^^^^^
   8 | import { SiteHeader } from "@/components/SiteHeader";
   9 | import "./globals.css";
  10 |

Import map: aliased to relative './src/components/SiteFooter' inside of [project]/

https://nextjs.org/docs/messages/module-not-found @ http://localhost:3000/_next/static/chunks/node_modules_next_dist_1gdrd03._.js:1945
[180352918ms] [ERROR] ./src/app/layout.tsx:7:1
Module not found: Can't resolve '@/components/SiteFooter'
   5 |   IBM_Plex_Sans_Condensed,
   6 | } from "next/font/google";
>  7 | import { SiteFooter } from "@/components/SiteFooter";
     | ^^^^^^^^^^^^^^^^^^^^^^^^^^^^^^^^^^^^^^^^^^^^^^^^^^^^^
   8 | import { SiteHeader } from "@/components/SiteHeader";
   9 | import "./globals.css";
  10 |

Import map: aliased to relative './src/components/SiteFooter' inside of [project]/

https://nextjs.org/docs/messages/module-not-found @ http://localhost:3000/_next/static/chunks/node_modules_next_dist_1gdrd03._.js:1945
[180352981ms] [ERROR] ./src/app/layout.tsx:7:1
Module not found: Can't resolve '@/components/SiteFooter'
   5 |   IBM_Plex_Sans_Condensed,
   6 | } from "next/font/google";
>  7 | import { SiteFooter } from "@/components/SiteFooter";
     | ^^^^^^^^^^^^^^^^^^^^^^^^^^^^^^^^^^^^^^^^^^^^^^^^^^^^^
   8 | import { SiteHeader } from "@/components/SiteHeader";
   9 | import "./globals.css";
  10 |

Import map: aliased to relative './src/components/SiteFooter' inside of [project]/

https://nextjs.org/docs/messages/module-not-found @ http://localhost:3000/_next/static/chunks/node_modules_next_dist_1gdrd03._.js:1945
[180353044ms] [ERROR] ./src/app/layout.tsx:7:1
Module not found: Can't resolve '@/components/SiteFooter'
   5 |   IBM_Plex_Sans_Condensed,
   6 | } from "next/font/google";
>  7 | import { SiteFooter } from "@/components/SiteFooter";
     | ^^^^^^^^^^^^^^^^^^^^^^^^^^^^^^^^^^^^^^^^^^^^^^^^^^^^^
   8 | import { SiteHeader } from "@/components/SiteHeader";
   9 | import "./globals.css";
  10 |

Import map: aliased to relative './src/components/SiteFooter' inside of [project]/

https://nextjs.org/docs/messages/module-not-found @ http://localhost:3000/_next/static/chunks/node_modules_next_dist_1gdrd03._.js:1945
[180353106ms] [ERROR] ./src/app/layout.tsx:7:1
Module not found: Can't resolve '@/components/SiteFooter'
   5 |   IBM_Plex_Sans_Condensed,
   6 | } from "next/font/google";
>  7 | import { SiteFooter } from "@/components/SiteFooter";
     | ^^^^^^^^^^^^^^^^^^^^^^^^^^^^^^^^^^^^^^^^^^^^^^^^^^^^^
   8 | import { SiteHeader } from "@/components/SiteHeader";
   9 | import "./globals.css";
  10 |

Import map: aliased to relative './src/components/SiteFooter' inside of [project]/

https://nextjs.org/docs/messages/module-not-found @ http://localhost:3000/_next/static/chunks/node_modules_next_dist_1gdrd03._.js:1945
[180353166ms] [ERROR] ./src/app/layout.tsx:7:1
Module not found: Can't resolve '@/components/SiteFooter'
   5 |   IBM_Plex_Sans_Condensed,
   6 | } from "next/font/google";
>  7 | import { SiteFooter } from "@/components/SiteFooter";
     | ^^^^^^^^^^^^^^^^^^^^^^^^^^^^^^^^^^^^^^^^^^^^^^^^^^^^^
   8 | import { SiteHeader } from "@/components/SiteHeader";
   9 | import "./globals.css";
  10 |

Import map: aliased to relative './src/components/SiteFooter' inside of [project]/

https://nextjs.org/docs/messages/module-not-found @ http://localhost:3000/_next/static/chunks/node_modules_next_dist_1gdrd03._.js:1945
[180353230ms] [ERROR] ./src/app/layout.tsx:7:1
Module not found: Can't resolve '@/components/SiteFooter'
   5 |   IBM_Plex_Sans_Condensed,
   6 | } from "next/font/google";
>  7 | import { SiteFooter } from "@/components/SiteFooter";
     | ^^^^^^^^^^^^^^^^^^^^^^^^^^^^^^^^^^^^^^^^^^^^^^^^^^^^^
   8 | import { SiteHeader } from "@/components/SiteHeader";
   9 | import "./globals.css";
  10 |

Import map: aliased to relative './src/components/SiteFooter' inside of [project]/

https://nextjs.org/docs/messages/module-not-found @ http://localhost:3000/_next/static/chunks/node_modules_next_dist_1gdrd03._.js:1945
[180353292ms] [ERROR] ./src/app/layout.tsx:7:1
Module not found: Can't resolve '@/components/SiteFooter'
   5 |   IBM_Plex_Sans_Condensed,
   6 | } from "next/font/google";
>  7 | import { SiteFooter } from "@/components/SiteFooter";
     | ^^^^^^^^^^^^^^^^^^^^^^^^^^^^^^^^^^^^^^^^^^^^^^^^^^^^^
   8 | import { SiteHeader } from "@/components/SiteHeader";
   9 | import "./globals.css";
  10 |

Import map: aliased to relative './src/components/SiteFooter' inside of [project]/

https://nextjs.org/docs/messages/module-not-found @ http://localhost:3000/_next/static/chunks/node_modules_next_dist_1gdrd03._.js:1945
[180353354ms] [ERROR] ./src/app/layout.tsx:7:1
Module not found: Can't resolve '@/components/SiteFooter'
   5 |   IBM_Plex_Sans_Condensed,
   6 | } from "next/font/google";
>  7 | import { SiteFooter } from "@/components/SiteFooter";
     | ^^^^^^^^^^^^^^^^^^^^^^^^^^^^^^^^^^^^^^^^^^^^^^^^^^^^^
   8 | import { SiteHeader } from "@/components/SiteHeader";
   9 | import "./globals.css";
  10 |

Import map: aliased to relative './src/components/SiteFooter' inside of [project]/

https://nextjs.org/docs/messages/module-not-found @ http://localhost:3000/_next/static/chunks/node_modules_next_dist_1gdrd03._.js:1945
[180353415ms] [ERROR] ./src/app/layout.tsx:7:1
Module not found: Can't resolve '@/components/SiteFooter'
   5 |   IBM_Plex_Sans_Condensed,
   6 | } from "next/font/google";
>  7 | import { SiteFooter } from "@/components/SiteFooter";
     | ^^^^^^^^^^^^^^^^^^^^^^^^^^^^^^^^^^^^^^^^^^^^^^^^^^^^^
   8 | import { SiteHeader } from "@/components/SiteHeader";
   9 | import "./globals.css";
  10 |

Import map: aliased to relative './src/components/SiteFooter' inside of [project]/

https://nextjs.org/docs/messages/module-not-found @ http://localhost:3000/_next/static/chunks/node_modules_next_dist_1gdrd03._.js:1945
[180353477ms] [ERROR] ./src/app/layout.tsx:7:1
Module not found: Can't resolve '@/components/SiteFooter'
   5 |   IBM_Plex_Sans_Condensed,
   6 | } from "next/font/google";
>  7 | import { SiteFooter } from "@/components/SiteFooter";
     | ^^^^^^^^^^^^^^^^^^^^^^^^^^^^^^^^^^^^^^^^^^^^^^^^^^^^^
   8 | import { SiteHeader } from "@/components/SiteHeader";
   9 | import "./globals.css";
  10 |

Import map: aliased to relative './src/components/SiteFooter' inside of [project]/

https://nextjs.org/docs/messages/module-not-found @ http://localhost:3000/_next/static/chunks/node_modules_next_dist_1gdrd03._.js:1945
[180353540ms] [ERROR] ./src/app/layout.tsx:7:1
Module not found: Can't resolve '@/components/SiteFooter'
   5 |   IBM_Plex_Sans_Condensed,
   6 | } from "next/font/google";
>  7 | import { SiteFooter } from "@/components/SiteFooter";
     | ^^^^^^^^^^^^^^^^^^^^^^^^^^^^^^^^^^^^^^^^^^^^^^^^^^^^^
   8 | import { SiteHeader } from "@/components/SiteHeader";
   9 | import "./globals.css";
  10 |

Import map: aliased to relative './src/components/SiteFooter' inside of [project]/

https://nextjs.org/docs/messages/module-not-found @ http://localhost:3000/_next/static/chunks/node_modules_next_dist_1gdrd03._.js:1945
[180353602ms] [ERROR] ./src/app/layout.tsx:7:1
Module not found: Can't resolve '@/components/SiteFooter'
   5 |   IBM_Plex_Sans_Condensed,
   6 | } from "next/font/google";
>  7 | import { SiteFooter } from "@/components/SiteFooter";
     | ^^^^^^^^^^^^^^^^^^^^^^^^^^^^^^^^^^^^^^^^^^^^^^^^^^^^^
   8 | import { SiteHeader } from "@/components/SiteHeader";
   9 | import "./globals.css";
  10 |

Import map: aliased to relative './src/components/SiteFooter' inside of [project]/

https://nextjs.org/docs/messages/module-not-found @ http://localhost:3000/_next/static/chunks/node_modules_next_dist_1gdrd03._.js:1945
[180353663ms] [ERROR] ./src/app/layout.tsx:7:1
Module not found: Can't resolve '@/components/SiteFooter'
   5 |   IBM_Plex_Sans_Condensed,
   6 | } from "next/font/google";
>  7 | import { SiteFooter } from "@/components/SiteFooter";
     | ^^^^^^^^^^^^^^^^^^^^^^^^^^^^^^^^^^^^^^^^^^^^^^^^^^^^^
   8 | import { SiteHeader } from "@/components/SiteHeader";
   9 | import "./globals.css";
  10 |

Import map: aliased to relative './src/components/SiteFooter' inside of [project]/

https://nextjs.org/docs/messages/module-not-found @ http://localhost:3000/_next/static/chunks/node_modules_next_dist_1gdrd03._.js:1945
[180353726ms] [ERROR] ./src/app/layout.tsx:7:1
Module not found: Can't resolve '@/components/SiteFooter'
   5 |   IBM_Plex_Sans_Condensed,
   6 | } from "next/font/google";
>  7 | import { SiteFooter } from "@/components/SiteFooter";
     | ^^^^^^^^^^^^^^^^^^^^^^^^^^^^^^^^^^^^^^^^^^^^^^^^^^^^^
   8 | import { SiteHeader } from "@/components/SiteHeader";
   9 | import "./globals.css";
  10 |

Import map: aliased to relative './src/components/SiteFooter' inside of [project]/

https://nextjs.org/docs/messages/module-not-found @ http://localhost:3000/_next/static/chunks/node_modules_next_dist_1gdrd03._.js:1945
[180353788ms] [ERROR] ./src/app/layout.tsx:7:1
Module not found: Can't resolve '@/components/SiteFooter'
   5 |   IBM_Plex_Sans_Condensed,
   6 | } from "next/font/google";
>  7 | import { SiteFooter } from "@/components/SiteFooter";
     | ^^^^^^^^^^^^^^^^^^^^^^^^^^^^^^^^^^^^^^^^^^^^^^^^^^^^^
   8 | import { SiteHeader } from "@/components/SiteHeader";
   9 | import "./globals.css";
  10 |

Import map: aliased to relative './src/components/SiteFooter' inside of [project]/

https://nextjs.org/docs/messages/module-not-found @ http://localhost:3000/_next/static/chunks/node_modules_next_dist_1gdrd03._.js:1945
[180353850ms] [ERROR] ./src/app/layout.tsx:7:1
Module not found: Can't resolve '@/components/SiteFooter'
   5 |   IBM_Plex_Sans_Condensed,
   6 | } from "next/font/google";
>  7 | import { SiteFooter } from "@/components/SiteFooter";
     | ^^^^^^^^^^^^^^^^^^^^^^^^^^^^^^^^^^^^^^^^^^^^^^^^^^^^^
   8 | import { SiteHeader } from "@/components/SiteHeader";
   9 | import "./globals.css";
  10 |

Import map: aliased to relative './src/components/SiteFooter' inside of [project]/

https://nextjs.org/docs/messages/module-not-found @ http://localhost:3000/_next/static/chunks/node_modules_next_dist_1gdrd03._.js:1945
[180353912ms] [ERROR] ./src/app/layout.tsx:7:1
Module not found: Can't resolve '@/components/SiteFooter'
   5 |   IBM_Plex_Sans_Condensed,
   6 | } from "next/font/google";
>  7 | import { SiteFooter } from "@/components/SiteFooter";
     | ^^^^^^^^^^^^^^^^^^^^^^^^^^^^^^^^^^^^^^^^^^^^^^^^^^^^^
   8 | import { SiteHeader } from "@/components/SiteHeader";
   9 | import "./globals.css";
  10 |

Import map: aliased to relative './src/components/SiteFooter' inside of [project]/

https://nextjs.org/docs/messages/module-not-found @ http://localhost:3000/_next/static/chunks/node_modules_next_dist_1gdrd03._.js:1945
[180353973ms] [ERROR] ./src/app/layout.tsx:7:1
Module not found: Can't resolve '@/components/SiteFooter'
   5 |   IBM_Plex_Sans_Condensed,
   6 | } from "next/font/google";
>  7 | import { SiteFooter } from "@/components/SiteFooter";
     | ^^^^^^^^^^^^^^^^^^^^^^^^^^^^^^^^^^^^^^^^^^^^^^^^^^^^^
   8 | import { SiteHeader } from "@/components/SiteHeader";
   9 | import "./globals.css";
  10 |

Import map: aliased to relative './src/components/SiteFooter' inside of [project]/

https://nextjs.org/docs/messages/module-not-found @ http://localhost:3000/_next/static/chunks/node_modules_next_dist_1gdrd03._.js:1945
[180354036ms] [ERROR] ./src/app/layout.tsx:7:1
Module not found: Can't resolve '@/components/SiteFooter'
   5 |   IBM_Plex_Sans_Condensed,
   6 | } from "next/font/google";
>  7 | import { SiteFooter } from "@/components/SiteFooter";
     | ^^^^^^^^^^^^^^^^^^^^^^^^^^^^^^^^^^^^^^^^^^^^^^^^^^^^^
   8 | import { SiteHeader } from "@/components/SiteHeader";
   9 | import "./globals.css";
  10 |

Import map: aliased to relative './src/components/SiteFooter' inside of [project]/

https://nextjs.org/docs/messages/module-not-found @ http://localhost:3000/_next/static/chunks/node_modules_next_dist_1gdrd03._.js:1945
[180354098ms] [ERROR] ./src/app/layout.tsx:7:1
Module not found: Can't resolve '@/components/SiteFooter'
   5 |   IBM_Plex_Sans_Condensed,
   6 | } from "next/font/google";
>  7 | import { SiteFooter } from "@/components/SiteFooter";
     | ^^^^^^^^^^^^^^^^^^^^^^^^^^^^^^^^^^^^^^^^^^^^^^^^^^^^^
   8 | import { SiteHeader } from "@/components/SiteHeader";
   9 | import "./globals.css";
  10 |

Import map: aliased to relative './src/components/SiteFooter' inside of [project]/

https://nextjs.org/docs/messages/module-not-found @ http://localhost:3000/_next/static/chunks/node_modules_next_dist_1gdrd03._.js:1945
[180354161ms] [ERROR] ./src/app/layout.tsx:7:1
Module not found: Can't resolve '@/components/SiteFooter'
   5 |   IBM_Plex_Sans_Condensed,
   6 | } from "next/font/google";
>  7 | import { SiteFooter } from "@/components/SiteFooter";
     | ^^^^^^^^^^^^^^^^^^^^^^^^^^^^^^^^^^^^^^^^^^^^^^^^^^^^^
   8 | import { SiteHeader } from "@/components/SiteHeader";
   9 | import "./globals.css";
  10 |

Import map: aliased to relative './src/components/SiteFooter' inside of [project]/

https://nextjs.org/docs/messages/module-not-found @ http://localhost:3000/_next/static/chunks/node_modules_next_dist_1gdrd03._.js:1945
[180354238ms] [ERROR] ./src/app/layout.tsx:7:1
Module not found: Can't resolve '@/components/SiteFooter'
   5 |   IBM_Plex_Sans_Condensed,
   6 | } from "next/font/google";
>  7 | import { SiteFooter } from "@/components/SiteFooter";
     | ^^^^^^^^^^^^^^^^^^^^^^^^^^^^^^^^^^^^^^^^^^^^^^^^^^^^^
   8 | import { SiteHeader } from "@/components/SiteHeader";
   9 | import "./globals.css";
  10 |

Import map: aliased to relative './src/components/SiteFooter' inside of [project]/

https://nextjs.org/docs/messages/module-not-found @ http://localhost:3000/_next/static/chunks/node_modules_next_dist_1gdrd03._.js:1945
[180354299ms] [ERROR] ./src/app/layout.tsx:7:1
Module not found: Can't resolve '@/components/SiteFooter'
   5 |   IBM_Plex_Sans_Condensed,
   6 | } from "next/font/google";
>  7 | import { SiteFooter } from "@/components/SiteFooter";
     | ^^^^^^^^^^^^^^^^^^^^^^^^^^^^^^^^^^^^^^^^^^^^^^^^^^^^^
   8 | import { SiteHeader } from "@/components/SiteHeader";
   9 | import "./globals.css";
  10 |

Import map: aliased to relative './src/components/SiteFooter' inside of [project]/

https://nextjs.org/docs/messages/module-not-found @ http://localhost:3000/_next/static/chunks/node_modules_next_dist_1gdrd03._.js:1945
[180354362ms] [ERROR] ./src/app/layout.tsx:7:1
Module not found: Can't resolve '@/components/SiteFooter'
   5 |   IBM_Plex_Sans_Condensed,
   6 | } from "next/font/google";
>  7 | import { SiteFooter } from "@/components/SiteFooter";
     | ^^^^^^^^^^^^^^^^^^^^^^^^^^^^^^^^^^^^^^^^^^^^^^^^^^^^^
   8 | import { SiteHeader } from "@/components/SiteHeader";
   9 | import "./globals.css";
  10 |

Import map: aliased to relative './src/components/SiteFooter' inside of [project]/

https://nextjs.org/docs/messages/module-not-found @ http://localhost:3000/_next/static/chunks/node_modules_next_dist_1gdrd03._.js:1945
[180354423ms] [ERROR] ./src/app/layout.tsx:7:1
Module not found: Can't resolve '@/components/SiteFooter'
   5 |   IBM_Plex_Sans_Condensed,
   6 | } from "next/font/google";
>  7 | import { SiteFooter } from "@/components/SiteFooter";
     | ^^^^^^^^^^^^^^^^^^^^^^^^^^^^^^^^^^^^^^^^^^^^^^^^^^^^^
   8 | import { SiteHeader } from "@/components/SiteHeader";
   9 | import "./globals.css";
  10 |

Import map: aliased to relative './src/components/SiteFooter' inside of [project]/

https://nextjs.org/docs/messages/module-not-found @ http://localhost:3000/_next/static/chunks/node_modules_next_dist_1gdrd03._.js:1945
[180354486ms] [ERROR] ./src/app/layout.tsx:7:1
Module not found: Can't resolve '@/components/SiteFooter'
   5 |   IBM_Plex_Sans_Condensed,
   6 | } from "next/font/google";
>  7 | import { SiteFooter } from "@/components/SiteFooter";
     | ^^^^^^^^^^^^^^^^^^^^^^^^^^^^^^^^^^^^^^^^^^^^^^^^^^^^^
   8 | import { SiteHeader } from "@/components/SiteHeader";
   9 | import "./globals.css";
  10 |

Import map: aliased to relative './src/components/SiteFooter' inside of [project]/

https://nextjs.org/docs/messages/module-not-found @ http://localhost:3000/_next/static/chunks/node_modules_next_dist_1gdrd03._.js:1945
[180354549ms] [ERROR] ./src/app/layout.tsx:7:1
Module not found: Can't resolve '@/components/SiteFooter'
   5 |   IBM_Plex_Sans_Condensed,
   6 | } from "next/font/google";
>  7 | import { SiteFooter } from "@/components/SiteFooter";
     | ^^^^^^^^^^^^^^^^^^^^^^^^^^^^^^^^^^^^^^^^^^^^^^^^^^^^^
   8 | import { SiteHeader } from "@/components/SiteHeader";
   9 | import "./globals.css";
  10 |

Import map: aliased to relative './src/components/SiteFooter' inside of [project]/

https://nextjs.org/docs/messages/module-not-found @ http://localhost:3000/_next/static/chunks/node_modules_next_dist_1gdrd03._.js:1945
[180354611ms] [ERROR] ./src/app/layout.tsx:7:1
Module not found: Can't resolve '@/components/SiteFooter'
   5 |   IBM_Plex_Sans_Condensed,
   6 | } from "next/font/google";
>  7 | import { SiteFooter } from "@/components/SiteFooter";
     | ^^^^^^^^^^^^^^^^^^^^^^^^^^^^^^^^^^^^^^^^^^^^^^^^^^^^^
   8 | import { SiteHeader } from "@/components/SiteHeader";
   9 | import "./globals.css";
  10 |

Import map: aliased to relative './src/components/SiteFooter' inside of [project]/

https://nextjs.org/docs/messages/module-not-found @ http://localhost:3000/_next/static/chunks/node_modules_next_dist_1gdrd03._.js:1945
[180354671ms] [ERROR] ./src/app/layout.tsx:7:1
Module not found: Can't resolve '@/components/SiteFooter'
   5 |   IBM_Plex_Sans_Condensed,
   6 | } from "next/font/google";
>  7 | import { SiteFooter } from "@/components/SiteFooter";
     | ^^^^^^^^^^^^^^^^^^^^^^^^^^^^^^^^^^^^^^^^^^^^^^^^^^^^^
   8 | import { SiteHeader } from "@/components/SiteHeader";
   9 | import "./globals.css";
  10 |

Import map: aliased to relative './src/components/SiteFooter' inside of [project]/

https://nextjs.org/docs/messages/module-not-found @ http://localhost:3000/_next/static/chunks/node_modules_next_dist_1gdrd03._.js:1945
[180354733ms] [ERROR] ./src/app/layout.tsx:7:1
Module not found: Can't resolve '@/components/SiteFooter'
   5 |   IBM_Plex_Sans_Condensed,
   6 | } from "next/font/google";
>  7 | import { SiteFooter } from "@/components/SiteFooter";
     | ^^^^^^^^^^^^^^^^^^^^^^^^^^^^^^^^^^^^^^^^^^^^^^^^^^^^^
   8 | import { SiteHeader } from "@/components/SiteHeader";
   9 | import "./globals.css";
  10 |

Import map: aliased to relative './src/components/SiteFooter' inside of [project]/

https://nextjs.org/docs/messages/module-not-found @ http://localhost:3000/_next/static/chunks/node_modules_next_dist_1gdrd03._.js:1945
[180354795ms] [ERROR] ./src/app/layout.tsx:7:1
Module not found: Can't resolve '@/components/SiteFooter'
   5 |   IBM_Plex_Sans_Condensed,
   6 | } from "next/font/google";
>  7 | import { SiteFooter } from "@/components/SiteFooter";
     | ^^^^^^^^^^^^^^^^^^^^^^^^^^^^^^^^^^^^^^^^^^^^^^^^^^^^^
   8 | import { SiteHeader } from "@/components/SiteHeader";
   9 | import "./globals.css";
  10 |

Import map: aliased to relative './src/components/SiteFooter' inside of [project]/

https://nextjs.org/docs/messages/module-not-found @ http://localhost:3000/_next/static/chunks/node_modules_next_dist_1gdrd03._.js:1945
[180354858ms] [ERROR] ./src/app/layout.tsx:7:1
Module not found: Can't resolve '@/components/SiteFooter'
   5 |   IBM_Plex_Sans_Condensed,
   6 | } from "next/font/google";
>  7 | import { SiteFooter } from "@/components/SiteFooter";
     | ^^^^^^^^^^^^^^^^^^^^^^^^^^^^^^^^^^^^^^^^^^^^^^^^^^^^^
   8 | import { SiteHeader } from "@/components/SiteHeader";
   9 | import "./globals.css";
  10 |

Import map: aliased to relative './src/components/SiteFooter' inside of [project]/

https://nextjs.org/docs/messages/module-not-found @ http://localhost:3000/_next/static/chunks/node_modules_next_dist_1gdrd03._.js:1945
[180354921ms] [ERROR] ./src/app/layout.tsx:7:1
Module not found: Can't resolve '@/components/SiteFooter'
   5 |   IBM_Plex_Sans_Condensed,
   6 | } from "next/font/google";
>  7 | import { SiteFooter } from "@/components/SiteFooter";
     | ^^^^^^^^^^^^^^^^^^^^^^^^^^^^^^^^^^^^^^^^^^^^^^^^^^^^^
   8 | import { SiteHeader } from "@/components/SiteHeader";
   9 | import "./globals.css";
  10 |

Import map: aliased to relative './src/components/SiteFooter' inside of [project]/

https://nextjs.org/docs/messages/module-not-found @ http://localhost:3000/_next/static/chunks/node_modules_next_dist_1gdrd03._.js:1945
[180354982ms] [ERROR] ./src/app/layout.tsx:7:1
Module not found: Can't resolve '@/components/SiteFooter'
   5 |   IBM_Plex_Sans_Condensed,
   6 | } from "next/font/google";
>  7 | import { SiteFooter } from "@/components/SiteFooter";
     | ^^^^^^^^^^^^^^^^^^^^^^^^^^^^^^^^^^^^^^^^^^^^^^^^^^^^^
   8 | import { SiteHeader } from "@/components/SiteHeader";
   9 | import "./globals.css";
  10 |

Import map: aliased to relative './src/components/SiteFooter' inside of [project]/

https://nextjs.org/docs/messages/module-not-found @ http://localhost:3000/_next/static/chunks/node_modules_next_dist_1gdrd03._.js:1945
[180355043ms] [ERROR] ./src/app/layout.tsx:7:1
Module not found: Can't resolve '@/components/SiteFooter'
   5 |   IBM_Plex_Sans_Condensed,
   6 | } from "next/font/google";
>  7 | import { SiteFooter } from "@/components/SiteFooter";
     | ^^^^^^^^^^^^^^^^^^^^^^^^^^^^^^^^^^^^^^^^^^^^^^^^^^^^^
   8 | import { SiteHeader } from "@/components/SiteHeader";
   9 | import "./globals.css";
  10 |

Import map: aliased to relative './src/components/SiteFooter' inside of [project]/

https://nextjs.org/docs/messages/module-not-found @ http://localhost:3000/_next/static/chunks/node_modules_next_dist_1gdrd03._.js:1945
[180355106ms] [ERROR] ./src/app/layout.tsx:7:1
Module not found: Can't resolve '@/components/SiteFooter'
   5 |   IBM_Plex_Sans_Condensed,
   6 | } from "next/font/google";
>  7 | import { SiteFooter } from "@/components/SiteFooter";
     | ^^^^^^^^^^^^^^^^^^^^^^^^^^^^^^^^^^^^^^^^^^^^^^^^^^^^^
   8 | import { SiteHeader } from "@/components/SiteHeader";
   9 | import "./globals.css";
  10 |

Import map: aliased to relative './src/components/SiteFooter' inside of [project]/

https://nextjs.org/docs/messages/module-not-found @ http://localhost:3000/_next/static/chunks/node_modules_next_dist_1gdrd03._.js:1945
[180355168ms] [ERROR] ./src/app/layout.tsx:7:1
Module not found: Can't resolve '@/components/SiteFooter'
   5 |   IBM_Plex_Sans_Condensed,
   6 | } from "next/font/google";
>  7 | import { SiteFooter } from "@/components/SiteFooter";
     | ^^^^^^^^^^^^^^^^^^^^^^^^^^^^^^^^^^^^^^^^^^^^^^^^^^^^^
   8 | import { SiteHeader } from "@/components/SiteHeader";
   9 | import "./globals.css";
  10 |

Import map: aliased to relative './src/components/SiteFooter' inside of [project]/

https://nextjs.org/docs/messages/module-not-found @ http://localhost:3000/_next/static/chunks/node_modules_next_dist_1gdrd03._.js:1945
[180355231ms] [ERROR] ./src/app/layout.tsx:7:1
Module not found: Can't resolve '@/components/SiteFooter'
   5 |   IBM_Plex_Sans_Condensed,
   6 | } from "next/font/google";
>  7 | import { SiteFooter } from "@/components/SiteFooter";
     | ^^^^^^^^^^^^^^^^^^^^^^^^^^^^^^^^^^^^^^^^^^^^^^^^^^^^^
   8 | import { SiteHeader } from "@/components/SiteHeader";
   9 | import "./globals.css";
  10 |

Import map: aliased to relative './src/components/SiteFooter' inside of [project]/

https://nextjs.org/docs/messages/module-not-found @ http://localhost:3000/_next/static/chunks/node_modules_next_dist_1gdrd03._.js:1945
[180355291ms] [ERROR] ./src/app/layout.tsx:7:1
Module not found: Can't resolve '@/components/SiteFooter'
   5 |   IBM_Plex_Sans_Condensed,
   6 | } from "next/font/google";
>  7 | import { SiteFooter } from "@/components/SiteFooter";
     | ^^^^^^^^^^^^^^^^^^^^^^^^^^^^^^^^^^^^^^^^^^^^^^^^^^^^^
   8 | import { SiteHeader } from "@/components/SiteHeader";
   9 | import "./globals.css";
  10 |

Import map: aliased to relative './src/components/SiteFooter' inside of [project]/

https://nextjs.org/docs/messages/module-not-found @ http://localhost:3000/_next/static/chunks/node_modules_next_dist_1gdrd03._.js:1945
[180355353ms] [ERROR] ./src/app/layout.tsx:7:1
Module not found: Can't resolve '@/components/SiteFooter'
   5 |   IBM_Plex_Sans_Condensed,
   6 | } from "next/font/google";
>  7 | import { SiteFooter } from "@/components/SiteFooter";
     | ^^^^^^^^^^^^^^^^^^^^^^^^^^^^^^^^^^^^^^^^^^^^^^^^^^^^^
   8 | import { SiteHeader } from "@/components/SiteHeader";
   9 | import "./globals.css";
  10 |

Import map: aliased to relative './src/components/SiteFooter' inside of [project]/

https://nextjs.org/docs/messages/module-not-found @ http://localhost:3000/_next/static/chunks/node_modules_next_dist_1gdrd03._.js:1945
[180355416ms] [ERROR] ./src/app/layout.tsx:7:1
Module not found: Can't resolve '@/components/SiteFooter'
   5 |   IBM_Plex_Sans_Condensed,
   6 | } from "next/font/google";
>  7 | import { SiteFooter } from "@/components/SiteFooter";
     | ^^^^^^^^^^^^^^^^^^^^^^^^^^^^^^^^^^^^^^^^^^^^^^^^^^^^^
   8 | import { SiteHeader } from "@/components/SiteHeader";
   9 | import "./globals.css";
  10 |

Import map: aliased to relative './src/components/SiteFooter' inside of [project]/

https://nextjs.org/docs/messages/module-not-found @ http://localhost:3000/_next/static/chunks/node_modules_next_dist_1gdrd03._.js:1945
[180355479ms] [ERROR] ./src/app/layout.tsx:7:1
Module not found: Can't resolve '@/components/SiteFooter'
   5 |   IBM_Plex_Sans_Condensed,
   6 | } from "next/font/google";
>  7 | import { SiteFooter } from "@/components/SiteFooter";
     | ^^^^^^^^^^^^^^^^^^^^^^^^^^^^^^^^^^^^^^^^^^^^^^^^^^^^^
   8 | import { SiteHeader } from "@/components/SiteHeader";
   9 | import "./globals.css";
  10 |

Import map: aliased to relative './src/components/SiteFooter' inside of [project]/

https://nextjs.org/docs/messages/module-not-found @ http://localhost:3000/_next/static/chunks/node_modules_next_dist_1gdrd03._.js:1945
[180355539ms] [ERROR] ./src/app/layout.tsx:7:1
Module not found: Can't resolve '@/components/SiteFooter'
   5 |   IBM_Plex_Sans_Condensed,
   6 | } from "next/font/google";
>  7 | import { SiteFooter } from "@/components/SiteFooter";
     | ^^^^^^^^^^^^^^^^^^^^^^^^^^^^^^^^^^^^^^^^^^^^^^^^^^^^^
   8 | import { SiteHeader } from "@/components/SiteHeader";
   9 | import "./globals.css";
  10 |

Import map: aliased to relative './src/components/SiteFooter' inside of [project]/

https://nextjs.org/docs/messages/module-not-found @ http://localhost:3000/_next/static/chunks/node_modules_next_dist_1gdrd03._.js:1945
[180355602ms] [ERROR] ./src/app/layout.tsx:7:1
Module not found: Can't resolve '@/components/SiteFooter'
   5 |   IBM_Plex_Sans_Condensed,
   6 | } from "next/font/google";
>  7 | import { SiteFooter } from "@/components/SiteFooter";
     | ^^^^^^^^^^^^^^^^^^^^^^^^^^^^^^^^^^^^^^^^^^^^^^^^^^^^^
   8 | import { SiteHeader } from "@/components/SiteHeader";
   9 | import "./globals.css";
  10 |

Import map: aliased to relative './src/components/SiteFooter' inside of [project]/

https://nextjs.org/docs/messages/module-not-found @ http://localhost:3000/_next/static/chunks/node_modules_next_dist_1gdrd03._.js:1945
[180355664ms] [ERROR] ./src/app/layout.tsx:7:1
Module not found: Can't resolve '@/components/SiteFooter'
   5 |   IBM_Plex_Sans_Condensed,
   6 | } from "next/font/google";
>  7 | import { SiteFooter } from "@/components/SiteFooter";
     | ^^^^^^^^^^^^^^^^^^^^^^^^^^^^^^^^^^^^^^^^^^^^^^^^^^^^^
   8 | import { SiteHeader } from "@/components/SiteHeader";
   9 | import "./globals.css";
  10 |

Import map: aliased to relative './src/components/SiteFooter' inside of [project]/

https://nextjs.org/docs/messages/module-not-found @ http://localhost:3000/_next/static/chunks/node_modules_next_dist_1gdrd03._.js:1945
[180355726ms] [ERROR] ./src/app/layout.tsx:7:1
Module not found: Can't resolve '@/components/SiteFooter'
   5 |   IBM_Plex_Sans_Condensed,
   6 | } from "next/font/google";
>  7 | import { SiteFooter } from "@/components/SiteFooter";
     | ^^^^^^^^^^^^^^^^^^^^^^^^^^^^^^^^^^^^^^^^^^^^^^^^^^^^^
   8 | import { SiteHeader } from "@/components/SiteHeader";
   9 | import "./globals.css";
  10 |

Import map: aliased to relative './src/components/SiteFooter' inside of [project]/

https://nextjs.org/docs/messages/module-not-found @ http://localhost:3000/_next/static/chunks/node_modules_next_dist_1gdrd03._.js:1945
[180355788ms] [ERROR] ./src/app/layout.tsx:7:1
Module not found: Can't resolve '@/components/SiteFooter'
   5 |   IBM_Plex_Sans_Condensed,
   6 | } from "next/font/google";
>  7 | import { SiteFooter } from "@/components/SiteFooter";
     | ^^^^^^^^^^^^^^^^^^^^^^^^^^^^^^^^^^^^^^^^^^^^^^^^^^^^^
   8 | import { SiteHeader } from "@/components/SiteHeader";
   9 | import "./globals.css";
  10 |

Import map: aliased to relative './src/components/SiteFooter' inside of [project]/

https://nextjs.org/docs/messages/module-not-found @ http://localhost:3000/_next/static/chunks/node_modules_next_dist_1gdrd03._.js:1945
[180355851ms] [ERROR] ./src/app/layout.tsx:7:1
Module not found: Can't resolve '@/components/SiteFooter'
   5 |   IBM_Plex_Sans_Condensed,
   6 | } from "next/font/google";
>  7 | import { SiteFooter } from "@/components/SiteFooter";
     | ^^^^^^^^^^^^^^^^^^^^^^^^^^^^^^^^^^^^^^^^^^^^^^^^^^^^^
   8 | import { SiteHeader } from "@/components/SiteHeader";
   9 | import "./globals.css";
  10 |

Import map: aliased to relative './src/components/SiteFooter' inside of [project]/

https://nextjs.org/docs/messages/module-not-found @ http://localhost:3000/_next/static/chunks/node_modules_next_dist_1gdrd03._.js:1945
[180355913ms] [ERROR] ./src/app/layout.tsx:7:1
Module not found: Can't resolve '@/components/SiteFooter'
   5 |   IBM_Plex_Sans_Condensed,
   6 | } from "next/font/google";
>  7 | import { SiteFooter } from "@/components/SiteFooter";
     | ^^^^^^^^^^^^^^^^^^^^^^^^^^^^^^^^^^^^^^^^^^^^^^^^^^^^^
   8 | import { SiteHeader } from "@/components/SiteHeader";
   9 | import "./globals.css";
  10 |

Import map: aliased to relative './src/components/SiteFooter' inside of [project]/

https://nextjs.org/docs/messages/module-not-found @ http://localhost:3000/_next/static/chunks/node_modules_next_dist_1gdrd03._.js:1945
[180355975ms] [ERROR] ./src/app/layout.tsx:7:1
Module not found: Can't resolve '@/components/SiteFooter'
   5 |   IBM_Plex_Sans_Condensed,
   6 | } from "next/font/google";
>  7 | import { SiteFooter } from "@/components/SiteFooter";
     | ^^^^^^^^^^^^^^^^^^^^^^^^^^^^^^^^^^^^^^^^^^^^^^^^^^^^^
   8 | import { SiteHeader } from "@/components/SiteHeader";
   9 | import "./globals.css";
  10 |

Import map: aliased to relative './src/components/SiteFooter' inside of [project]/

https://nextjs.org/docs/messages/module-not-found @ http://localhost:3000/_next/static/chunks/node_modules_next_dist_1gdrd03._.js:1945
[180356037ms] [ERROR] ./src/app/layout.tsx:7:1
Module not found: Can't resolve '@/components/SiteFooter'
   5 |   IBM_Plex_Sans_Condensed,
   6 | } from "next/font/google";
>  7 | import { SiteFooter } from "@/components/SiteFooter";
     | ^^^^^^^^^^^^^^^^^^^^^^^^^^^^^^^^^^^^^^^^^^^^^^^^^^^^^
   8 | import { SiteHeader } from "@/components/SiteHeader";
   9 | import "./globals.css";
  10 |

Import map: aliased to relative './src/components/SiteFooter' inside of [project]/

https://nextjs.org/docs/messages/module-not-found @ http://localhost:3000/_next/static/chunks/node_modules_next_dist_1gdrd03._.js:1945
[180356100ms] [ERROR] ./src/app/layout.tsx:7:1
Module not found: Can't resolve '@/components/SiteFooter'
   5 |   IBM_Plex_Sans_Condensed,
   6 | } from "next/font/google";
>  7 | import { SiteFooter } from "@/components/SiteFooter";
     | ^^^^^^^^^^^^^^^^^^^^^^^^^^^^^^^^^^^^^^^^^^^^^^^^^^^^^
   8 | import { SiteHeader } from "@/components/SiteHeader";
   9 | import "./globals.css";
  10 |

Import map: aliased to relative './src/components/SiteFooter' inside of [project]/

https://nextjs.org/docs/messages/module-not-found @ http://localhost:3000/_next/static/chunks/node_modules_next_dist_1gdrd03._.js:1945
[180356156ms] [ERROR] ./src/app/layout.tsx:7:1
Module not found: Can't resolve '@/components/SiteFooter'
   5 |   IBM_Plex_Sans_Condensed,
   6 | } from "next/font/google";
>  7 | import { SiteFooter } from "@/components/SiteFooter";
     | ^^^^^^^^^^^^^^^^^^^^^^^^^^^^^^^^^^^^^^^^^^^^^^^^^^^^^
   8 | import { SiteHeader } from "@/components/SiteHeader";
   9 | import "./globals.css";
  10 |

Import map: aliased to relative './src/components/SiteFooter' inside of [project]/

https://nextjs.org/docs/messages/module-not-found @ http://localhost:3000/_next/static/chunks/node_modules_next_dist_1gdrd03._.js:1945
[180356223ms] [ERROR] ./src/app/layout.tsx:7:1
Module not found: Can't resolve '@/components/SiteFooter'
   5 |   IBM_Plex_Sans_Condensed,
   6 | } from "next/font/google";
>  7 | import { SiteFooter } from "@/components/SiteFooter";
     | ^^^^^^^^^^^^^^^^^^^^^^^^^^^^^^^^^^^^^^^^^^^^^^^^^^^^^
   8 | import { SiteHeader } from "@/components/SiteHeader";
   9 | import "./globals.css";
  10 |

Import map: aliased to relative './src/components/SiteFooter' inside of [project]/

https://nextjs.org/docs/messages/module-not-found @ http://localhost:3000/_next/static/chunks/node_modules_next_dist_1gdrd03._.js:1945
[180356287ms] [ERROR] ./src/app/layout.tsx:7:1
Module not found: Can't resolve '@/components/SiteFooter'
   5 |   IBM_Plex_Sans_Condensed,
   6 | } from "next/font/google";
>  7 | import { SiteFooter } from "@/components/SiteFooter";
     | ^^^^^^^^^^^^^^^^^^^^^^^^^^^^^^^^^^^^^^^^^^^^^^^^^^^^^
   8 | import { SiteHeader } from "@/components/SiteHeader";
   9 | import "./globals.css";
  10 |

Import map: aliased to relative './src/components/SiteFooter' inside of [project]/

https://nextjs.org/docs/messages/module-not-found @ http://localhost:3000/_next/static/chunks/node_modules_next_dist_1gdrd03._.js:1945
[180356347ms] [ERROR] ./src/app/layout.tsx:7:1
Module not found: Can't resolve '@/components/SiteFooter'
   5 |   IBM_Plex_Sans_Condensed,
   6 | } from "next/font/google";
>  7 | import { SiteFooter } from "@/components/SiteFooter";
     | ^^^^^^^^^^^^^^^^^^^^^^^^^^^^^^^^^^^^^^^^^^^^^^^^^^^^^
   8 | import { SiteHeader } from "@/components/SiteHeader";
   9 | import "./globals.css";
  10 |

Import map: aliased to relative './src/components/SiteFooter' inside of [project]/

https://nextjs.org/docs/messages/module-not-found @ http://localhost:3000/_next/static/chunks/node_modules_next_dist_1gdrd03._.js:1945
[180356403ms] [ERROR] ./src/app/layout.tsx:7:1
Module not found: Can't resolve '@/components/SiteFooter'
   5 |   IBM_Plex_Sans_Condensed,
   6 | } from "next/font/google";
>  7 | import { SiteFooter } from "@/components/SiteFooter";
     | ^^^^^^^^^^^^^^^^^^^^^^^^^^^^^^^^^^^^^^^^^^^^^^^^^^^^^
   8 | import { SiteHeader } from "@/components/SiteHeader";
   9 | import "./globals.css";
  10 |

Import map: aliased to relative './src/components/SiteFooter' inside of [project]/

https://nextjs.org/docs/messages/module-not-found @ http://localhost:3000/_next/static/chunks/node_modules_next_dist_1gdrd03._.js:1945
[180356470ms] [ERROR] ./src/app/layout.tsx:7:1
Module not found: Can't resolve '@/components/SiteFooter'
   5 |   IBM_Plex_Sans_Condensed,
   6 | } from "next/font/google";
>  7 | import { SiteFooter } from "@/components/SiteFooter";
     | ^^^^^^^^^^^^^^^^^^^^^^^^^^^^^^^^^^^^^^^^^^^^^^^^^^^^^
   8 | import { SiteHeader } from "@/components/SiteHeader";
   9 | import "./globals.css";
  10 |

Import map: aliased to relative './src/components/SiteFooter' inside of [project]/

https://nextjs.org/docs/messages/module-not-found @ http://localhost:3000/_next/static/chunks/node_modules_next_dist_1gdrd03._.js:1945
[180356537ms] [ERROR] ./src/app/layout.tsx:7:1
Module not found: Can't resolve '@/components/SiteFooter'
   5 |   IBM_Plex_Sans_Condensed,
   6 | } from "next/font/google";
>  7 | import { SiteFooter } from "@/components/SiteFooter";
     | ^^^^^^^^^^^^^^^^^^^^^^^^^^^^^^^^^^^^^^^^^^^^^^^^^^^^^
   8 | import { SiteHeader } from "@/components/SiteHeader";
   9 | import "./globals.css";
  10 |

Import map: aliased to relative './src/components/SiteFooter' inside of [project]/

https://nextjs.org/docs/messages/module-not-found @ http://localhost:3000/_next/static/chunks/node_modules_next_dist_1gdrd03._.js:1945
[180356605ms] [ERROR] ./src/app/layout.tsx:7:1
Module not found: Can't resolve '@/components/SiteFooter'
   5 |   IBM_Plex_Sans_Condensed,
   6 | } from "next/font/google";
>  7 | import { SiteFooter } from "@/components/SiteFooter";
     | ^^^^^^^^^^^^^^^^^^^^^^^^^^^^^^^^^^^^^^^^^^^^^^^^^^^^^
   8 | import { SiteHeader } from "@/components/SiteHeader";
   9 | import "./globals.css";
  10 |

Import map: aliased to relative './src/components/SiteFooter' inside of [project]/

https://nextjs.org/docs/messages/module-not-found @ http://localhost:3000/_next/static/chunks/node_modules_next_dist_1gdrd03._.js:1945
[180356671ms] [ERROR] ./src/app/layout.tsx:7:1
Module not found: Can't resolve '@/components/SiteFooter'
   5 |   IBM_Plex_Sans_Condensed,
   6 | } from "next/font/google";
>  7 | import { SiteFooter } from "@/components/SiteFooter";
     | ^^^^^^^^^^^^^^^^^^^^^^^^^^^^^^^^^^^^^^^^^^^^^^^^^^^^^
   8 | import { SiteHeader } from "@/components/SiteHeader";
   9 | import "./globals.css";
  10 |

Import map: aliased to relative './src/components/SiteFooter' inside of [project]/

https://nextjs.org/docs/messages/module-not-found @ http://localhost:3000/_next/static/chunks/node_modules_next_dist_1gdrd03._.js:1945
[180356724ms] [ERROR] ./src/app/layout.tsx:7:1
Module not found: Can't resolve '@/components/SiteFooter'
   5 |   IBM_Plex_Sans_Condensed,
   6 | } from "next/font/google";
>  7 | import { SiteFooter } from "@/components/SiteFooter";
     | ^^^^^^^^^^^^^^^^^^^^^^^^^^^^^^^^^^^^^^^^^^^^^^^^^^^^^
   8 | import { SiteHeader } from "@/components/SiteHeader";
   9 | import "./globals.css";
  10 |

Import map: aliased to relative './src/components/SiteFooter' inside of [project]/

https://nextjs.org/docs/messages/module-not-found @ http://localhost:3000/_next/static/chunks/node_modules_next_dist_1gdrd03._.js:1945
[180356787ms] [ERROR] ./src/app/layout.tsx:7:1
Module not found: Can't resolve '@/components/SiteFooter'
   5 |   IBM_Plex_Sans_Condensed,
   6 | } from "next/font/google";
>  7 | import { SiteFooter } from "@/components/SiteFooter";
     | ^^^^^^^^^^^^^^^^^^^^^^^^^^^^^^^^^^^^^^^^^^^^^^^^^^^^^
   8 | import { SiteHeader } from "@/components/SiteHeader";
   9 | import "./globals.css";
  10 |

Import map: aliased to relative './src/components/SiteFooter' inside of [project]/

https://nextjs.org/docs/messages/module-not-found @ http://localhost:3000/_next/static/chunks/node_modules_next_dist_1gdrd03._.js:1945
[180356857ms] [ERROR] ./src/app/layout.tsx:7:1
Module not found: Can't resolve '@/components/SiteFooter'
   5 |   IBM_Plex_Sans_Condensed,
   6 | } from "next/font/google";
>  7 | import { SiteFooter } from "@/components/SiteFooter";
     | ^^^^^^^^^^^^^^^^^^^^^^^^^^^^^^^^^^^^^^^^^^^^^^^^^^^^^
   8 | import { SiteHeader } from "@/components/SiteHeader";
   9 | import "./globals.css";
  10 |

Import map: aliased to relative './src/components/SiteFooter' inside of [project]/

https://nextjs.org/docs/messages/module-not-found @ http://localhost:3000/_next/static/chunks/node_modules_next_dist_1gdrd03._.js:1945
[180356921ms] [ERROR] ./src/app/layout.tsx:7:1
Module not found: Can't resolve '@/components/SiteFooter'
   5 |   IBM_Plex_Sans_Condensed,
   6 | } from "next/font/google";
>  7 | import { SiteFooter } from "@/components/SiteFooter";
     | ^^^^^^^^^^^^^^^^^^^^^^^^^^^^^^^^^^^^^^^^^^^^^^^^^^^^^
   8 | import { SiteHeader } from "@/components/SiteHeader";
   9 | import "./globals.css";
  10 |

Import map: aliased to relative './src/components/SiteFooter' inside of [project]/

https://nextjs.org/docs/messages/module-not-found @ http://localhost:3000/_next/static/chunks/node_modules_next_dist_1gdrd03._.js:1945
[180356974ms] [ERROR] ./src/app/layout.tsx:7:1
Module not found: Can't resolve '@/components/SiteFooter'
   5 |   IBM_Plex_Sans_Condensed,
   6 | } from "next/font/google";
>  7 | import { SiteFooter } from "@/components/SiteFooter";
     | ^^^^^^^^^^^^^^^^^^^^^^^^^^^^^^^^^^^^^^^^^^^^^^^^^^^^^
   8 | import { SiteHeader } from "@/components/SiteHeader";
   9 | import "./globals.css";
  10 |

Import map: aliased to relative './src/components/SiteFooter' inside of [project]/

https://nextjs.org/docs/messages/module-not-found @ http://localhost:3000/_next/static/chunks/node_modules_next_dist_1gdrd03._.js:1945
[180357038ms] [ERROR] ./src/app/layout.tsx:7:1
Module not found: Can't resolve '@/components/SiteFooter'
   5 |   IBM_Plex_Sans_Condensed,
   6 | } from "next/font/google";
>  7 | import { SiteFooter } from "@/components/SiteFooter";
     | ^^^^^^^^^^^^^^^^^^^^^^^^^^^^^^^^^^^^^^^^^^^^^^^^^^^^^
   8 | import { SiteHeader } from "@/components/SiteHeader";
   9 | import "./globals.css";
  10 |

Import map: aliased to relative './src/components/SiteFooter' inside of [project]/

https://nextjs.org/docs/messages/module-not-found @ http://localhost:3000/_next/static/chunks/node_modules_next_dist_1gdrd03._.js:1945
[180357107ms] [ERROR] ./src/app/layout.tsx:7:1
Module not found: Can't resolve '@/components/SiteFooter'
   5 |   IBM_Plex_Sans_Condensed,
   6 | } from "next/font/google";
>  7 | import { SiteFooter } from "@/components/SiteFooter";
     | ^^^^^^^^^^^^^^^^^^^^^^^^^^^^^^^^^^^^^^^^^^^^^^^^^^^^^
   8 | import { SiteHeader } from "@/components/SiteHeader";
   9 | import "./globals.css";
  10 |

Import map: aliased to relative './src/components/SiteFooter' inside of [project]/

https://nextjs.org/docs/messages/module-not-found @ http://localhost:3000/_next/static/chunks/node_modules_next_dist_1gdrd03._.js:1945
[180357171ms] [ERROR] ./src/app/layout.tsx:7:1
Module not found: Can't resolve '@/components/SiteFooter'
   5 |   IBM_Plex_Sans_Condensed,
   6 | } from "next/font/google";
>  7 | import { SiteFooter } from "@/components/SiteFooter";
     | ^^^^^^^^^^^^^^^^^^^^^^^^^^^^^^^^^^^^^^^^^^^^^^^^^^^^^
   8 | import { SiteHeader } from "@/components/SiteHeader";
   9 | import "./globals.css";
  10 |

Import map: aliased to relative './src/components/SiteFooter' inside of [project]/

https://nextjs.org/docs/messages/module-not-found @ http://localhost:3000/_next/static/chunks/node_modules_next_dist_1gdrd03._.js:1945
[180357241ms] [ERROR] ./src/app/layout.tsx:7:1
Module not found: Can't resolve '@/components/SiteFooter'
   5 |   IBM_Plex_Sans_Condensed,
   6 | } from "next/font/google";
>  7 | import { SiteFooter } from "@/components/SiteFooter";
     | ^^^^^^^^^^^^^^^^^^^^^^^^^^^^^^^^^^^^^^^^^^^^^^^^^^^^^
   8 | import { SiteHeader } from "@/components/SiteHeader";
   9 | import "./globals.css";
  10 |

Import map: aliased to relative './src/components/SiteFooter' inside of [project]/

https://nextjs.org/docs/messages/module-not-found @ http://localhost:3000/_next/static/chunks/node_modules_next_dist_1gdrd03._.js:1945
[180357307ms] [ERROR] ./src/app/layout.tsx:7:1
Module not found: Can't resolve '@/components/SiteFooter'
   5 |   IBM_Plex_Sans_Condensed,
   6 | } from "next/font/google";
>  7 | import { SiteFooter } from "@/components/SiteFooter";
     | ^^^^^^^^^^^^^^^^^^^^^^^^^^^^^^^^^^^^^^^^^^^^^^^^^^^^^
   8 | import { SiteHeader } from "@/components/SiteHeader";
   9 | import "./globals.css";
  10 |

Import map: aliased to relative './src/components/SiteFooter' inside of [project]/

https://nextjs.org/docs/messages/module-not-found @ http://localhost:3000/_next/static/chunks/node_modules_next_dist_1gdrd03._.js:1945
[180357372ms] [ERROR] ./src/app/layout.tsx:7:1
Module not found: Can't resolve '@/components/SiteFooter'
   5 |   IBM_Plex_Sans_Condensed,
   6 | } from "next/font/google";
>  7 | import { SiteFooter } from "@/components/SiteFooter";
     | ^^^^^^^^^^^^^^^^^^^^^^^^^^^^^^^^^^^^^^^^^^^^^^^^^^^^^
   8 | import { SiteHeader } from "@/components/SiteHeader";
   9 | import "./globals.css";
  10 |

Import map: aliased to relative './src/components/SiteFooter' inside of [project]/

https://nextjs.org/docs/messages/module-not-found @ http://localhost:3000/_next/static/chunks/node_modules_next_dist_1gdrd03._.js:1945
[180357434ms] [ERROR] ./src/app/layout.tsx:7:1
Module not found: Can't resolve '@/components/SiteFooter'
   5 |   IBM_Plex_Sans_Condensed,
   6 | } from "next/font/google";
>  7 | import { SiteFooter } from "@/components/SiteFooter";
     | ^^^^^^^^^^^^^^^^^^^^^^^^^^^^^^^^^^^^^^^^^^^^^^^^^^^^^
   8 | import { SiteHeader } from "@/components/SiteHeader";
   9 | import "./globals.css";
  10 |

Import map: aliased to relative './src/components/SiteFooter' inside of [project]/

https://nextjs.org/docs/messages/module-not-found @ http://localhost:3000/_next/static/chunks/node_modules_next_dist_1gdrd03._.js:1945
[180357493ms] [ERROR] ./src/app/layout.tsx:7:1
Module not found: Can't resolve '@/components/SiteFooter'
   5 |   IBM_Plex_Sans_Condensed,
   6 | } from "next/font/google";
>  7 | import { SiteFooter } from "@/components/SiteFooter";
     | ^^^^^^^^^^^^^^^^^^^^^^^^^^^^^^^^^^^^^^^^^^^^^^^^^^^^^
   8 | import { SiteHeader } from "@/components/SiteHeader";
   9 | import "./globals.css";
  10 |

Import map: aliased to relative './src/components/SiteFooter' inside of [project]/

https://nextjs.org/docs/messages/module-not-found @ http://localhost:3000/_next/static/chunks/node_modules_next_dist_1gdrd03._.js:1945
[180357556ms] [ERROR] ./src/app/layout.tsx:7:1
Module not found: Can't resolve '@/components/SiteFooter'
   5 |   IBM_Plex_Sans_Condensed,
   6 | } from "next/font/google";
>  7 | import { SiteFooter } from "@/components/SiteFooter";
     | ^^^^^^^^^^^^^^^^^^^^^^^^^^^^^^^^^^^^^^^^^^^^^^^^^^^^^
   8 | import { SiteHeader } from "@/components/SiteHeader";
   9 | import "./globals.css";
  10 |

Import map: aliased to relative './src/components/SiteFooter' inside of [project]/

https://nextjs.org/docs/messages/module-not-found @ http://localhost:3000/_next/static/chunks/node_modules_next_dist_1gdrd03._.js:1945
[180357626ms] [ERROR] ./src/app/layout.tsx:7:1
Module not found: Can't resolve '@/components/SiteFooter'
   5 |   IBM_Plex_Sans_Condensed,
   6 | } from "next/font/google";
>  7 | import { SiteFooter } from "@/components/SiteFooter";
     | ^^^^^^^^^^^^^^^^^^^^^^^^^^^^^^^^^^^^^^^^^^^^^^^^^^^^^
   8 | import { SiteHeader } from "@/components/SiteHeader";
   9 | import "./globals.css";
  10 |

Import map: aliased to relative './src/components/SiteFooter' inside of [project]/

https://nextjs.org/docs/messages/module-not-found @ http://localhost:3000/_next/static/chunks/node_modules_next_dist_1gdrd03._.js:1945
[180357692ms] [ERROR] ./src/app/layout.tsx:7:1
Module not found: Can't resolve '@/components/SiteFooter'
   5 |   IBM_Plex_Sans_Condensed,
   6 | } from "next/font/google";
>  7 | import { SiteFooter } from "@/components/SiteFooter";
     | ^^^^^^^^^^^^^^^^^^^^^^^^^^^^^^^^^^^^^^^^^^^^^^^^^^^^^
   8 | import { SiteHeader } from "@/components/SiteHeader";
   9 | import "./globals.css";
  10 |

Import map: aliased to relative './src/components/SiteFooter' inside of [project]/

https://nextjs.org/docs/messages/module-not-found @ http://localhost:3000/_next/static/chunks/node_modules_next_dist_1gdrd03._.js:1945
[180357760ms] [LOG] [Fast Refresh] rebuilding @ http://localhost:3000/_next/static/chunks/node_modules_next_dist_1gdrd03._.js:1226
[180357948ms] [ERROR] ./src/app/layout.tsx:7:1
Module not found: Can't resolve '@/components/SiteFooter'
   5 |   IBM_Plex_Sans_Condensed,
   6 | } from "next/font/google";
>  7 | import { SiteFooter } from "@/components/SiteFooter";
     | ^^^^^^^^^^^^^^^^^^^^^^^^^^^^^^^^^^^^^^^^^^^^^^^^^^^^^
   8 | import { SiteHeader } from "@/components/SiteHeader";
   9 | import "./globals.css";
  10 |

Import map: aliased to relative './src/components/SiteFooter' inside of [project]/

https://nextjs.org/docs/messages/module-not-found @ http://localhost:3000/_next/static/chunks/node_modules_next_dist_1gdrd03._.js:1945
[180357996ms] [ERROR] ./src/app/layout.tsx:7:1
Module not found: Can't resolve '@/components/SiteFooter'
   5 |   IBM_Plex_Sans_Condensed,
   6 | } from "next/font/google";
>  7 | import { SiteFooter } from "@/components/SiteFooter";
     | ^^^^^^^^^^^^^^^^^^^^^^^^^^^^^^^^^^^^^^^^^^^^^^^^^^^^^
   8 | import { SiteHeader } from "@/components/SiteHeader";
   9 | import "./globals.css";
  10 |

Import map: aliased to relative './src/components/SiteFooter' inside of [project]/

https://nextjs.org/docs/messages/module-not-found @ http://localhost:3000/_next/static/chunks/node_modules_next_dist_1gdrd03._.js:1945
[180358046ms] [ERROR] ./src/app/layout.tsx:7:1
Module not found: Can't resolve '@/components/SiteFooter'
   5 |   IBM_Plex_Sans_Condensed,
   6 | } from "next/font/google";
>  7 | import { SiteFooter } from "@/components/SiteFooter";
     | ^^^^^^^^^^^^^^^^^^^^^^^^^^^^^^^^^^^^^^^^^^^^^^^^^^^^^
   8 | import { SiteHeader } from "@/components/SiteHeader";
   9 | import "./globals.css";
  10 |

Import map: aliased to relative './src/components/SiteFooter' inside of [project]/

https://nextjs.org/docs/messages/module-not-found @ http://localhost:3000/_next/static/chunks/node_modules_next_dist_1gdrd03._.js:1945
[180358134ms] [ERROR] ./src/app/layout.tsx:7:1
Module not found: Can't resolve '@/components/SiteFooter'
   5 |   IBM_Plex_Sans_Condensed,
   6 | } from "next/font/google";
>  7 | import { SiteFooter } from "@/components/SiteFooter";
     | ^^^^^^^^^^^^^^^^^^^^^^^^^^^^^^^^^^^^^^^^^^^^^^^^^^^^^
   8 | import { SiteHeader } from "@/components/SiteHeader";
   9 | import "./globals.css";
  10 |

Import map: aliased to relative './src/components/SiteFooter' inside of [project]/

https://nextjs.org/docs/messages/module-not-found @ http://localhost:3000/_next/static/chunks/node_modules_next_dist_1gdrd03._.js:1945
[180358210ms] [ERROR] ./src/app/layout.tsx:7:1
Module not found: Can't resolve '@/components/SiteFooter'
   5 |   IBM_Plex_Sans_Condensed,
   6 | } from "next/font/google";
>  7 | import { SiteFooter } from "@/components/SiteFooter";
     | ^^^^^^^^^^^^^^^^^^^^^^^^^^^^^^^^^^^^^^^^^^^^^^^^^^^^^
   8 | import { SiteHeader } from "@/components/SiteHeader";
   9 | import "./globals.css";
  10 |

Import map: aliased to relative './src/components/SiteFooter' inside of [project]/

https://nextjs.org/docs/messages/module-not-found @ http://localhost:3000/_next/static/chunks/node_modules_next_dist_1gdrd03._.js:1945
[180358276ms] [ERROR] ./src/app/layout.tsx:7:1
Module not found: Can't resolve '@/components/SiteFooter'
   5 |   IBM_Plex_Sans_Condensed,
   6 | } from "next/font/google";
>  7 | import { SiteFooter } from "@/components/SiteFooter";
     | ^^^^^^^^^^^^^^^^^^^^^^^^^^^^^^^^^^^^^^^^^^^^^^^^^^^^^
   8 | import { SiteHeader } from "@/components/SiteHeader";
   9 | import "./globals.css";
  10 |

Import map: aliased to relative './src/components/SiteFooter' inside of [project]/

https://nextjs.org/docs/messages/module-not-found @ http://localhost:3000/_next/static/chunks/node_modules_next_dist_1gdrd03._.js:1945
[180358358ms] [ERROR] ./src/app/layout.tsx:7:1
Module not found: Can't resolve '@/components/SiteFooter'
   5 |   IBM_Plex_Sans_Condensed,
   6 | } from "next/font/google";
>  7 | import { SiteFooter } from "@/components/SiteFooter";
     | ^^^^^^^^^^^^^^^^^^^^^^^^^^^^^^^^^^^^^^^^^^^^^^^^^^^^^
   8 | import { SiteHeader } from "@/components/SiteHeader";
   9 | import "./globals.css";
  10 |

Import map: aliased to relative './src/components/SiteFooter' inside of [project]/

https://nextjs.org/docs/messages/module-not-found @ http://localhost:3000/_next/static/chunks/node_modules_next_dist_1gdrd03._.js:1945
[180358422ms] [ERROR] ./src/app/layout.tsx:7:1
Module not found: Can't resolve '@/components/SiteFooter'
   5 |   IBM_Plex_Sans_Condensed,
   6 | } from "next/font/google";
>  7 | import { SiteFooter } from "@/components/SiteFooter";
     | ^^^^^^^^^^^^^^^^^^^^^^^^^^^^^^^^^^^^^^^^^^^^^^^^^^^^^
   8 | import { SiteHeader } from "@/components/SiteHeader";
   9 | import "./globals.css";
  10 |

Import map: aliased to relative './src/components/SiteFooter' inside of [project]/

https://nextjs.org/docs/messages/module-not-found @ http://localhost:3000/_next/static/chunks/node_modules_next_dist_1gdrd03._.js:1945
[180358475ms] [ERROR] ./src/app/layout.tsx:7:1
Module not found: Can't resolve '@/components/SiteFooter'
   5 |   IBM_Plex_Sans_Condensed,
   6 | } from "next/font/google";
>  7 | import { SiteFooter } from "@/components/SiteFooter";
     | ^^^^^^^^^^^^^^^^^^^^^^^^^^^^^^^^^^^^^^^^^^^^^^^^^^^^^
   8 | import { SiteHeader } from "@/components/SiteHeader";
   9 | import "./globals.css";
  10 |

Import map: aliased to relative './src/components/SiteFooter' inside of [project]/

https://nextjs.org/docs/messages/module-not-found @ http://localhost:3000/_next/static/chunks/node_modules_next_dist_1gdrd03._.js:1945
[180358545ms] [ERROR] ./src/app/layout.tsx:7:1
Module not found: Can't resolve '@/components/SiteFooter'
   5 |   IBM_Plex_Sans_Condensed,
   6 | } from "next/font/google";
>  7 | import { SiteFooter } from "@/components/SiteFooter";
     | ^^^^^^^^^^^^^^^^^^^^^^^^^^^^^^^^^^^^^^^^^^^^^^^^^^^^^
   8 | import { SiteHeader } from "@/components/SiteHeader";
   9 | import "./globals.css";
  10 |

Import map: aliased to relative './src/components/SiteFooter' inside of [project]/

https://nextjs.org/docs/messages/module-not-found @ http://localhost:3000/_next/static/chunks/node_modules_next_dist_1gdrd03._.js:1945
[180358610ms] [ERROR] ./src/app/layout.tsx:7:1
Module not found: Can't resolve '@/components/SiteFooter'
   5 |   IBM_Plex_Sans_Condensed,
   6 | } from "next/font/google";
>  7 | import { SiteFooter } from "@/components/SiteFooter";
     | ^^^^^^^^^^^^^^^^^^^^^^^^^^^^^^^^^^^^^^^^^^^^^^^^^^^^^
   8 | import { SiteHeader } from "@/components/SiteHeader";
   9 | import "./globals.css";
  10 |

Import map: aliased to relative './src/components/SiteFooter' inside of [project]/

https://nextjs.org/docs/messages/module-not-found @ http://localhost:3000/_next/static/chunks/node_modules_next_dist_1gdrd03._.js:1945
[180358662ms] [ERROR] ./src/app/layout.tsx:7:1
Module not found: Can't resolve '@/components/SiteFooter'
   5 |   IBM_Plex_Sans_Condensed,
   6 | } from "next/font/google";
>  7 | import { SiteFooter } from "@/components/SiteFooter";
     | ^^^^^^^^^^^^^^^^^^^^^^^^^^^^^^^^^^^^^^^^^^^^^^^^^^^^^
   8 | import { SiteHeader } from "@/components/SiteHeader";
   9 | import "./globals.css";
  10 |

Import map: aliased to relative './src/components/SiteFooter' inside of [project]/

https://nextjs.org/docs/messages/module-not-found @ http://localhost:3000/_next/static/chunks/node_modules_next_dist_1gdrd03._.js:1945
[180358744ms] [ERROR] ./src/app/layout.tsx:7:1
Module not found: Can't resolve '@/components/SiteFooter'
   5 |   IBM_Plex_Sans_Condensed,
   6 | } from "next/font/google";
>  7 | import { SiteFooter } from "@/components/SiteFooter";
     | ^^^^^^^^^^^^^^^^^^^^^^^^^^^^^^^^^^^^^^^^^^^^^^^^^^^^^
   8 | import { SiteHeader } from "@/components/SiteHeader";
   9 | import "./globals.css";
  10 |

Import map: aliased to relative './src/components/SiteFooter' inside of [project]/

https://nextjs.org/docs/messages/module-not-found @ http://localhost:3000/_next/static/chunks/node_modules_next_dist_1gdrd03._.js:1945
[180358811ms] [ERROR] ./src/app/layout.tsx:7:1
Module not found: Can't resolve '@/components/SiteFooter'
   5 |   IBM_Plex_Sans_Condensed,
   6 | } from "next/font/google";
>  7 | import { SiteFooter } from "@/components/SiteFooter";
     | ^^^^^^^^^^^^^^^^^^^^^^^^^^^^^^^^^^^^^^^^^^^^^^^^^^^^^
   8 | import { SiteHeader } from "@/components/SiteHeader";
   9 | import "./globals.css";
  10 |

Import map: aliased to relative './src/components/SiteFooter' inside of [project]/

https://nextjs.org/docs/messages/module-not-found @ http://localhost:3000/_next/static/chunks/node_modules_next_dist_1gdrd03._.js:1945
[180358878ms] [ERROR] ./src/app/layout.tsx:7:1
Module not found: Can't resolve '@/components/SiteFooter'
   5 |   IBM_Plex_Sans_Condensed,
   6 | } from "next/font/google";
>  7 | import { SiteFooter } from "@/components/SiteFooter";
     | ^^^^^^^^^^^^^^^^^^^^^^^^^^^^^^^^^^^^^^^^^^^^^^^^^^^^^
   8 | import { SiteHeader } from "@/components/SiteHeader";
   9 | import "./globals.css";
  10 |

Import map: aliased to relative './src/components/SiteFooter' inside of [project]/

https://nextjs.org/docs/messages/module-not-found @ http://localhost:3000/_next/static/chunks/node_modules_next_dist_1gdrd03._.js:1945
[180358933ms] [ERROR] ./src/app/layout.tsx:7:1
Module not found: Can't resolve '@/components/SiteFooter'
   5 |   IBM_Plex_Sans_Condensed,
   6 | } from "next/font/google";
>  7 | import { SiteFooter } from "@/components/SiteFooter";
     | ^^^^^^^^^^^^^^^^^^^^^^^^^^^^^^^^^^^^^^^^^^^^^^^^^^^^^
   8 | import { SiteHeader } from "@/components/SiteHeader";
   9 | import "./globals.css";
  10 |

Import map: aliased to relative './src/components/SiteFooter' inside of [project]/

https://nextjs.org/docs/messages/module-not-found @ http://localhost:3000/_next/static/chunks/node_modules_next_dist_1gdrd03._.js:1945
[180358994ms] [ERROR] ./src/app/layout.tsx:7:1
Module not found: Can't resolve '@/components/SiteFooter'
   5 |   IBM_Plex_Sans_Condensed,
   6 | } from "next/font/google";
>  7 | import { SiteFooter } from "@/components/SiteFooter";
     | ^^^^^^^^^^^^^^^^^^^^^^^^^^^^^^^^^^^^^^^^^^^^^^^^^^^^^
   8 | import { SiteHeader } from "@/components/SiteHeader";
   9 | import "./globals.css";
  10 |

Import map: aliased to relative './src/components/SiteFooter' inside of [project]/

https://nextjs.org/docs/messages/module-not-found @ http://localhost:3000/_next/static/chunks/node_modules_next_dist_1gdrd03._.js:1945
[180359047ms] [ERROR] ./src/app/layout.tsx:7:1
Module not found: Can't resolve '@/components/SiteFooter'
   5 |   IBM_Plex_Sans_Condensed,
   6 | } from "next/font/google";
>  7 | import { SiteFooter } from "@/components/SiteFooter";
     | ^^^^^^^^^^^^^^^^^^^^^^^^^^^^^^^^^^^^^^^^^^^^^^^^^^^^^
   8 | import { SiteHeader } from "@/components/SiteHeader";
   9 | import "./globals.css";
  10 |

Import map: aliased to relative './src/components/SiteFooter' inside of [project]/

https://nextjs.org/docs/messages/module-not-found @ http://localhost:3000/_next/static/chunks/node_modules_next_dist_1gdrd03._.js:1945
[180359098ms] [ERROR] ./src/app/layout.tsx:7:1
Module not found: Can't resolve '@/components/SiteFooter'
   5 |   IBM_Plex_Sans_Condensed,
   6 | } from "next/font/google";
>  7 | import { SiteFooter } from "@/components/SiteFooter";
     | ^^^^^^^^^^^^^^^^^^^^^^^^^^^^^^^^^^^^^^^^^^^^^^^^^^^^^
   8 | import { SiteHeader } from "@/components/SiteHeader";
   9 | import "./globals.css";
  10 |

Import map: aliased to relative './src/components/SiteFooter' inside of [project]/

https://nextjs.org/docs/messages/module-not-found @ http://localhost:3000/_next/static/chunks/node_modules_next_dist_1gdrd03._.js:1945
[180359162ms] [ERROR] ./src/app/layout.tsx:7:1
Module not found: Can't resolve '@/components/SiteFooter'
   5 |   IBM_Plex_Sans_Condensed,
   6 | } from "next/font/google";
>  7 | import { SiteFooter } from "@/components/SiteFooter";
     | ^^^^^^^^^^^^^^^^^^^^^^^^^^^^^^^^^^^^^^^^^^^^^^^^^^^^^
   8 | import { SiteHeader } from "@/components/SiteHeader";
   9 | import "./globals.css";
  10 |

Import map: aliased to relative './src/components/SiteFooter' inside of [project]/

https://nextjs.org/docs/messages/module-not-found @ http://localhost:3000/_next/static/chunks/node_modules_next_dist_1gdrd03._.js:1945
[180359248ms] [ERROR] ./src/app/layout.tsx:7:1
Module not found: Can't resolve '@/components/SiteFooter'
   5 |   IBM_Plex_Sans_Condensed,
   6 | } from "next/font/google";
>  7 | import { SiteFooter } from "@/components/SiteFooter";
     | ^^^^^^^^^^^^^^^^^^^^^^^^^^^^^^^^^^^^^^^^^^^^^^^^^^^^^
   8 | import { SiteHeader } from "@/components/SiteHeader";
   9 | import "./globals.css";
  10 |

Import map: aliased to relative './src/components/SiteFooter' inside of [project]/

https://nextjs.org/docs/messages/module-not-found @ http://localhost:3000/_next/static/chunks/node_modules_next_dist_1gdrd03._.js:1945
[180359308ms] [ERROR] ./src/app/layout.tsx:7:1
Module not found: Can't resolve '@/components/SiteFooter'
   5 |   IBM_Plex_Sans_Condensed,
   6 | } from "next/font/google";
>  7 | import { SiteFooter } from "@/components/SiteFooter";
     | ^^^^^^^^^^^^^^^^^^^^^^^^^^^^^^^^^^^^^^^^^^^^^^^^^^^^^
   8 | import { SiteHeader } from "@/components/SiteHeader";
   9 | import "./globals.css";
  10 |

Import map: aliased to relative './src/components/SiteFooter' inside of [project]/

https://nextjs.org/docs/messages/module-not-found @ http://localhost:3000/_next/static/chunks/node_modules_next_dist_1gdrd03._.js:1945
[180359374ms] [ERROR] ./src/app/layout.tsx:7:1
Module not found: Can't resolve '@/components/SiteFooter'
   5 |   IBM_Plex_Sans_Condensed,
   6 | } from "next/font/google";
>  7 | import { SiteFooter } from "@/components/SiteFooter";
     | ^^^^^^^^^^^^^^^^^^^^^^^^^^^^^^^^^^^^^^^^^^^^^^^^^^^^^
   8 | import { SiteHeader } from "@/components/SiteHeader";
   9 | import "./globals.css";
  10 |

Import map: aliased to relative './src/components/SiteFooter' inside of [project]/

https://nextjs.org/docs/messages/module-not-found @ http://localhost:3000/_next/static/chunks/node_modules_next_dist_1gdrd03._.js:1945
[180359428ms] [ERROR] ./src/app/layout.tsx:7:1
Module not found: Can't resolve '@/components/SiteFooter'
   5 |   IBM_Plex_Sans_Condensed,
   6 | } from "next/font/google";
>  7 | import { SiteFooter } from "@/components/SiteFooter";
     | ^^^^^^^^^^^^^^^^^^^^^^^^^^^^^^^^^^^^^^^^^^^^^^^^^^^^^
   8 | import { SiteHeader } from "@/components/SiteHeader";
   9 | import "./globals.css";
  10 |

Import map: aliased to relative './src/components/SiteFooter' inside of [project]/

https://nextjs.org/docs/messages/module-not-found @ http://localhost:3000/_next/static/chunks/node_modules_next_dist_1gdrd03._.js:1945
[180359483ms] [ERROR] ./src/app/layout.tsx:7:1
Module not found: Can't resolve '@/components/SiteFooter'
   5 |   IBM_Plex_Sans_Condensed,
   6 | } from "next/font/google";
>  7 | import { SiteFooter } from "@/components/SiteFooter";
     | ^^^^^^^^^^^^^^^^^^^^^^^^^^^^^^^^^^^^^^^^^^^^^^^^^^^^^
   8 | import { SiteHeader } from "@/components/SiteHeader";
   9 | import "./globals.css";
  10 |

Import map: aliased to relative './src/components/SiteFooter' inside of [project]/

https://nextjs.org/docs/messages/module-not-found @ http://localhost:3000/_next/static/chunks/node_modules_next_dist_1gdrd03._.js:1945
[180359537ms] [ERROR] ./src/app/layout.tsx:7:1
Module not found: Can't resolve '@/components/SiteFooter'
   5 |   IBM_Plex_Sans_Condensed,
   6 | } from "next/font/google";
>  7 | import { SiteFooter } from "@/components/SiteFooter";
     | ^^^^^^^^^^^^^^^^^^^^^^^^^^^^^^^^^^^^^^^^^^^^^^^^^^^^^
   8 | import { SiteHeader } from "@/components/SiteHeader";
   9 | import "./globals.css";
  10 |

Import map: aliased to relative './src/components/SiteFooter' inside of [project]/

https://nextjs.org/docs/messages/module-not-found @ http://localhost:3000/_next/static/chunks/node_modules_next_dist_1gdrd03._.js:1945
[180359644ms] [LOG] [Fast Refresh] rebuilding @ http://localhost:3000/_next/static/chunks/node_modules_next_dist_1gdrd03._.js:1226
[180360892ms] [LOG] [Fast Refresh] done in 1346ms @ http://localhost:3000/_next/static/chunks/node_modules_next_dist_1gdrd03._.js:1226
[180361483ms] [LOG] [Fast Refresh] rebuilding @ http://localhost:3000/_next/static/chunks/node_modules_next_dist_1gdrd03._.js:1226
[180361880ms] [LOG] [Fast Refresh] done in 510ms @ http://localhost:3000/_next/static/chunks/node_modules_next_dist_1gdrd03._.js:1226
[180362380ms] [INFO] %cDownload the React DevTools for a better development experience: https://react.dev/link/react-devtools font-weight:bold @ http://localhost:3000/_next/static/chunks/node_modules_next_dist_1ybzpk2._.js:2477
[180362440ms] [LOG] [HMR] connected @ http://localhost:3000/_next/static/chunks/node_modules_next_dist_1ybzpk2._.js:2477
[180382548ms] [LOG] [Fast Refresh] rebuilding @ http://localhost:3000/_next/static/chunks/node_modules_next_dist_1ybzpk2._.js:2477
[180382915ms] [LOG] [Fast Refresh] done in 116ms @ http://localhost:3000/_next/static/chunks/node_modules_next_dist_1ybzpk2._.js:2477
[180383056ms] [LOG] [Fast Refresh] rebuilding @ http://localhost:3000/_next/static/chunks/node_modules_next_dist_1ybzpk2._.js:2477
[180383161ms] [LOG] [Fast Refresh] done in 220ms @ http://localhost:3000/_next/static/chunks/node_modules_next_dist_1ybzpk2._.js:2477
[180383291ms] [LOG] [Fast Refresh] rebuilding @ http://localhost:3000/_next/static/chunks/node_modules_next_dist_1ybzpk2._.js:2477
[180383401ms] [LOG] [Fast Refresh] done in 211ms @ http://localhost:3000/_next/static/chunks/node_modules_next_dist_1ybzpk2._.js:2477
[180392818ms] [LOG] [Fast Refresh] rebuilding @ http://localhost:3000/_next/static/chunks/node_modules_next_dist_1ybzpk2._.js:2477
[180392944ms] [LOG] [Fast Refresh] done in 230ms @ http://localhost:3000/_next/static/chunks/node_modules_next_dist_1ybzpk2._.js:2477
[180416534ms] [LOG] [Fast Refresh] rebuilding @ http://localhost:3000/_next/static/chunks/node_modules_next_dist_1ybzpk2._.js:2477
[180416603ms] [LOG] [Fast Refresh] done in 137ms @ http://localhost:3000/_next/static/chunks/node_modules_next_dist_1ybzpk2._.js:2477
[180426055ms] [LOG] [Fast Refresh] rebuilding @ http://localhost:3000/_next/static/chunks/node_modules_next_dist_1ybzpk2._.js:2477
[180426106ms] [LOG] [Fast Refresh] done in 87ms @ http://localhost:3000/_next/static/chunks/node_modules_next_dist_1ybzpk2._.js:2477
[180437964ms] [LOG] [Fast Refresh] rebuilding @ http://localhost:3000/_next/static/chunks/node_modules_next_dist_1ybzpk2._.js:2477
[180438073ms] [LOG] [Fast Refresh] done in 211ms @ http://localhost:3000/_next/static/chunks/node_modules_next_dist_1ybzpk2._.js:2477
[180439226ms] [LOG] [Fast Refresh] rebuilding @ http://localhost:3000/_next/static/chunks/node_modules_next_dist_1ybzpk2._.js:2477
[180439272ms] [LOG] [Fast Refresh] done in 152ms @ http://localhost:3000/_next/static/chunks/node_modules_next_dist_1ybzpk2._.js:2477
[180481531ms] [LOG] [Fast Refresh] rebuilding @ http://localhost:3000/_next/static/chunks/node_modules_next_dist_1ybzpk2._.js:2477
[180481951ms] [LOG] [Fast Refresh] done in 80ms @ http://localhost:3000/_next/static/chunks/node_modules_next_dist_1ybzpk2._.js:2477
[180482116ms] [LOG] [Fast Refresh] rebuilding @ http://localhost:3000/_next/static/chunks/node_modules_next_dist_1ybzpk2._.js:2477
[180482235ms] [LOG] [Fast Refresh] done in 225ms @ http://localhost:3000/_next/static/chunks/node_modules_next_dist_1ybzpk2._.js:2477
[180501019ms] [LOG] [Fast Refresh] rebuilding @ http://localhost:3000/_next/static/chunks/node_modules_next_dist_1ybzpk2._.js:2477
[180501082ms] [LOG] [Fast Refresh] done in 171ms @ http://localhost:3000/_next/static/chunks/node_modules_next_dist_1ybzpk2._.js:2477
[180558164ms] [LOG] [Fast Refresh] rebuilding @ http://localhost:3000/_next/static/chunks/node_modules_next_dist_1ybzpk2._.js:2477
[180558644ms] [LOG] [Fast Refresh] done in 128ms @ http://localhost:3000/_next/static/chunks/node_modules_next_dist_1ybzpk2._.js:2477
[180558780ms] [LOG] [Fast Refresh] rebuilding @ http://localhost:3000/_next/static/chunks/node_modules_next_dist_1ybzpk2._.js:2477
[180558881ms] [LOG] [Fast Refresh] done in 207ms @ http://localhost:3000/_next/static/chunks/node_modules_next_dist_1ybzpk2._.js:2477
[180565629ms] [LOG] [Fast Refresh] rebuilding @ http://localhost:3000/_next/static/chunks/node_modules_next_dist_1ybzpk2._.js:2477
[180565710ms] [LOG] [Fast Refresh] done in 187ms @ http://localhost:3000/_next/static/chunks/node_modules_next_dist_1ybzpk2._.js:2477
[180568318ms] [LOG] [Fast Refresh] rebuilding @ http://localhost:3000/_next/static/chunks/node_modules_next_dist_1ybzpk2._.js:2477
[180568394ms] [LOG] [Fast Refresh] done in 179ms @ http://localhost:3000/_next/static/chunks/node_modules_next_dist_1ybzpk2._.js:2477
[180580819ms] [LOG] [Fast Refresh] rebuilding @ http://localhost:3000/_next/static/chunks/node_modules_next_dist_1ybzpk2._.js:2477
[180582767ms] [LOG] [Fast Refresh] done in 2052ms @ http://localhost:3000/_next/static/chunks/node_modules_next_dist_1ybzpk2._.js:2477
[180599272ms] [LOG] [Fast Refresh] rebuilding @ http://localhost:3000/_next/static/chunks/node_modules_next_dist_1ybzpk2._.js:2477
[180599309ms] [LOG] [Fast Refresh] done in 138ms @ http://localhost:3000/_next/static/chunks/node_modules_next_dist_1ybzpk2._.js:2477
[180603236ms] [LOG] [Fast Refresh] rebuilding @ http://localhost:3000/_next/static/chunks/node_modules_next_dist_1ybzpk2._.js:2477
[180603248ms] [LOG] [Fast Refresh] done in 124ms @ http://localhost:3000/_next/static/chunks/node_modules_next_dist_1ybzpk2._.js:2477
[180604995ms] [LOG] [Fast Refresh] rebuilding @ http://localhost:3000/_next/static/chunks/node_modules_next_dist_1ybzpk2._.js:2477
[180604998ms] [LOG] [Fast Refresh] done in 103ms @ http://localhost:3000/_next/static/chunks/node_modules_next_dist_1ybzpk2._.js:2477
[180605645ms] [LOG] [Fast Refresh] rebuilding @ http://localhost:3000/_next/static/chunks/node_modules_next_dist_1ybzpk2._.js:2477
[180605871ms] [LOG] [Fast Refresh] done in 105ms @ http://localhost:3000/_next/static/chunks/node_modules_next_dist_1ybzpk2._.js:2477
[180605980ms] [LOG] [Fast Refresh] rebuilding @ http://localhost:3000/_next/static/chunks/node_modules_next_dist_1ybzpk2._.js:2477
[180606315ms] [LOG] [Fast Refresh] done in 437ms @ http://localhost:3000/_next/static/chunks/node_modules_next_dist_1ybzpk2._.js:2477
[180606682ms] [LOG] [Fast Refresh] rebuilding @ http://localhost:3000/_next/static/chunks/node_modules_next_dist_1ybzpk2._.js:2477
[180606833ms] [LOG] [Fast Refresh] done in 257ms @ http://localhost:3000/_next/static/chunks/node_modules_next_dist_1ybzpk2._.js:2477
[180612908ms] [LOG] [Fast Refresh] rebuilding @ http://localhost:3000/_next/static/chunks/node_modules_next_dist_1ybzpk2._.js:2477
[180612926ms] [LOG] [Fast Refresh] done in 129ms @ http://localhost:3000/_next/static/chunks/node_modules_next_dist_1ybzpk2._.js:2477
[180647647ms] [LOG] [Fast Refresh] rebuilding @ http://localhost:3000/_next/static/chunks/node_modules_next_dist_1ybzpk2._.js:2477
[180647671ms] [LOG] [Fast Refresh] done in 126ms @ http://localhost:3000/_next/static/chunks/node_modules_next_dist_1ybzpk2._.js:2477
[180663639ms] [LOG] [Fast Refresh] rebuilding @ http://localhost:3000/_next/static/chunks/node_modules_next_dist_1ybzpk2._.js:2477
[180663655ms] [LOG] [Fast Refresh] done in 119ms @ http://localhost:3000/_next/static/chunks/node_modules_next_dist_1ybzpk2._.js:2477
[180694732ms] [LOG] [Fast Refresh] rebuilding @ http://localhost:3000/_next/static/chunks/node_modules_next_dist_1ybzpk2._.js:2477
[180694795ms] [LOG] [Fast Refresh] done in 166ms @ http://localhost:3000/_next/static/chunks/node_modules_next_dist_1ybzpk2._.js:2477
[180763640ms] [LOG] [Fast Refresh] rebuilding @ http://localhost:3000/_next/static/chunks/node_modules_next_dist_1ybzpk2._.js:2477
[180763733ms] [LOG] [Fast Refresh] done in 196ms @ http://localhost:3000/_next/static/chunks/node_modules_next_dist_1ybzpk2._.js:2477
[180765661ms] [LOG] [Fast Refresh] rebuilding @ http://localhost:3000/_next/static/chunks/node_modules_next_dist_1ybzpk2._.js:2477
[180765662ms] [LOG] [Fast Refresh] done in 102ms @ http://localhost:3000/_next/static/chunks/node_modules_next_dist_1ybzpk2._.js:2477
[180800970ms] [LOG] [Fast Refresh] rebuilding @ http://localhost:3000/_next/static/chunks/node_modules_next_dist_1ybzpk2._.js:2477
[180801033ms] [LOG] [Fast Refresh] done in 166ms @ http://localhost:3000/_next/static/chunks/node_modules_next_dist_1ybzpk2._.js:2477
[180851773ms] [LOG] [Fast Refresh] rebuilding @ http://localhost:3000/_next/static/chunks/node_modules_next_dist_1ybzpk2._.js:2477
[180851778ms] [LOG] [Fast Refresh] done in 117ms @ http://localhost:3000/_next/static/chunks/node_modules_next_dist_1ybzpk2._.js:2477
[180865012ms] [LOG] [Fast Refresh] rebuilding @ http://localhost:3000/_next/static/chunks/node_modules_next_dist_1ybzpk2._.js:2477
[180865028ms] [LOG] [Fast Refresh] done in 117ms @ http://localhost:3000/_next/static/chunks/node_modules_next_dist_1ybzpk2._.js:2477
[180901406ms] [LOG] [Fast Refresh] rebuilding @ http://localhost:3000/_next/static/chunks/node_modules_next_dist_1ybzpk2._.js:2477
[180901445ms] [LOG] [Fast Refresh] done in 149ms @ http://localhost:3000/_next/static/chunks/node_modules_next_dist_1ybzpk2._.js:2477
[180943724ms] [LOG] [Fast Refresh] rebuilding @ http://localhost:3000/_next/static/chunks/node_modules_next_dist_1ybzpk2._.js:2477
[180943741ms] [LOG] [Fast Refresh] done in 121ms @ http://localhost:3000/_next/static/chunks/node_modules_next_dist_1ybzpk2._.js:2477
[180947078ms] [LOG] [Fast Refresh] rebuilding @ http://localhost:3000/_next/static/chunks/node_modules_next_dist_1ybzpk2._.js:2477
[180947483ms] [LOG] [Fast Refresh] done in 498ms @ http://localhost:3000/_next/static/chunks/node_modules_next_dist_1ybzpk2._.js:2477
[180970209ms] [LOG] [Fast Refresh] rebuilding @ http://localhost:3000/_next/static/chunks/node_modules_next_dist_1ybzpk2._.js:2477
[180970417ms] [LOG] [Fast Refresh] done in 281ms @ http://localhost:3000/_next/static/chunks/node_modules_next_dist_1ybzpk2._.js:2477
[180983228ms] [LOG] [Fast Refresh] rebuilding @ http://localhost:3000/_next/static/chunks/node_modules_next_dist_1ybzpk2._.js:2477
[180983294ms] [LOG] [Fast Refresh] done in 141ms @ http://localhost:3000/_next/static/chunks/node_modules_next_dist_1ybzpk2._.js:2477
[181049666ms] [LOG] [Fast Refresh] rebuilding @ http://localhost:3000/_next/static/chunks/node_modules_next_dist_1ybzpk2._.js:2477
[181050491ms] [LOG] [Fast Refresh] done in 936ms @ http://localhost:3000/_next/static/chunks/node_modules_next_dist_1ybzpk2._.js:2477
[181051189ms] [LOG] [Fast Refresh] rebuilding @ http://localhost:3000/_next/static/chunks/node_modules_next_dist_1ybzpk2._.js:2477
[181051268ms] [LOG] [Fast Refresh] done in 191ms @ http://localhost:3000/_next/static/chunks/node_modules_next_dist_1ybzpk2._.js:2477
[181051514ms] [LOG] [Fast Refresh] rebuilding @ http://localhost:3000/_next/static/chunks/node_modules_next_dist_1ybzpk2._.js:2477
[181051906ms] [LOG] [Fast Refresh] done in 493ms @ http://localhost:3000/_next/static/chunks/node_modules_next_dist_1ybzpk2._.js:2477
[181052025ms] [LOG] [Fast Refresh] rebuilding @ http://localhost:3000/_next/static/chunks/node_modules_next_dist_1ybzpk2._.js:2477
[181052326ms] [LOG] [Fast Refresh] done in 403ms @ http://localhost:3000/_next/static/chunks/node_modules_next_dist_1ybzpk2._.js:2477
[181060151ms] [LOG] [Fast Refresh] rebuilding @ http://localhost:3000/_next/static/chunks/node_modules_next_dist_1ybzpk2._.js:2477
[181060168ms] [LOG] [Fast Refresh] done in 122ms @ http://localhost:3000/_next/static/chunks/node_modules_next_dist_1ybzpk2._.js:2477
[181230621ms] [LOG] [Fast Refresh] rebuilding @ http://localhost:3000/_next/static/chunks/node_modules_next_dist_1ybzpk2._.js:2477
[181230713ms] [LOG] [Fast Refresh] done in 194ms @ http://localhost:3000/_next/static/chunks/node_modules_next_dist_1ybzpk2._.js:2477
[181243425ms] [LOG] [Fast Refresh] rebuilding @ http://localhost:3000/_next/static/chunks/node_modules_next_dist_1ybzpk2._.js:2477
[181243450ms] [LOG] [Fast Refresh] done in 135ms @ http://localhost:3000/_next/static/chunks/node_modules_next_dist_1ybzpk2._.js:2477
[181437318ms] [LOG] [Fast Refresh] rebuilding @ http://localhost:3000/_next/static/chunks/node_modules_next_dist_1ybzpk2._.js:2477
[181437488ms] [LOG] [Fast Refresh] done in 274ms @ http://localhost:3000/_next/static/chunks/node_modules_next_dist_1ybzpk2._.js:2477
[181486856ms] [LOG] [Fast Refresh] rebuilding @ http://localhost:3000/_next/static/chunks/node_modules_next_dist_1ybzpk2._.js:2477
[181486896ms] [LOG] [Fast Refresh] done in 143ms @ http://localhost:3000/_next/static/chunks/node_modules_next_dist_1ybzpk2._.js:2477
[181521914ms] [LOG] [Fast Refresh] rebuilding @ http://localhost:3000/_next/static/chunks/node_modules_next_dist_1ybzpk2._.js:2477
[181521935ms] [LOG] [Fast Refresh] done in 125ms @ http://localhost:3000/_next/static/chunks/node_modules_next_dist_1ybzpk2._.js:2477
[181624879ms] [LOG] [Fast Refresh] rebuilding @ http://localhost:3000/_next/static/chunks/node_modules_next_dist_1ybzpk2._.js:2477
[181626002ms] [LOG] [Fast Refresh] done in 777ms @ http://localhost:3000/_next/static/chunks/node_modules_next_dist_1ybzpk2._.js:2477
[181626126ms] [LOG] [Fast Refresh] rebuilding @ http://localhost:3000/_next/static/chunks/node_modules_next_dist_1ybzpk2._.js:2477
[181626657ms] [LOG] [Fast Refresh] done in 634ms @ http://localhost:3000/_next/static/chunks/node_modules_next_dist_1ybzpk2._.js:2477
[181626758ms] [LOG] [Fast Refresh] rebuilding @ http://localhost:3000/_next/static/chunks/node_modules_next_dist_1ybzpk2._.js:2477
[181627266ms] [INFO] %cDownload the React DevTools for a better development experience: https://react.dev/link/react-devtools font-weight:bold @ http://localhost:3000/_next/static/chunks/node_modules_next_dist_1ybzpk2._.js:2477
[181627340ms] [LOG] [HMR] connected @ http://localhost:3000/_next/static/chunks/node_modules_next_dist_1ybzpk2._.js:2477
[181645009ms] [LOG] [Fast Refresh] rebuilding @ http://localhost:3000/_next/static/chunks/node_modules_next_dist_1ybzpk2._.js:2477
[181645400ms] [LOG] [Fast Refresh] done in 106ms @ http://localhost:3000/_next/static/chunks/node_modules_next_dist_1ybzpk2._.js:2477
[181645542ms] [LOG] [Fast Refresh] rebuilding @ http://localhost:3000/_next/static/chunks/node_modules_next_dist_1ybzpk2._.js:2477
[181645677ms] [LOG] [Fast Refresh] done in 246ms @ http://localhost:3000/_next/static/chunks/node_modules_next_dist_1ybzpk2._.js:2477
[181658838ms] [LOG] [Fast Refresh] rebuilding @ http://localhost:3000/_next/static/chunks/node_modules_next_dist_1ybzpk2._.js:2477
[181658916ms] [LOG] [Fast Refresh] done in 182ms @ http://localhost:3000/_next/static/chunks/node_modules_next_dist_1ybzpk2._.js:2477
[181741856ms] [LOG] [Fast Refresh] rebuilding @ http://localhost:3000/_next/static/chunks/node_modules_next_dist_1ybzpk2._.js:2477
[181742041ms] [LOG] [Fast Refresh] done in 289ms @ http://localhost:3000/_next/static/chunks/node_modules_next_dist_1ybzpk2._.js:2477
[181791585ms] [LOG] [Fast Refresh] rebuilding @ http://localhost:3000/_next/static/chunks/node_modules_next_dist_1ybzpk2._.js:2477
[181791712ms] [LOG] [Fast Refresh] done in 198ms @ http://localhost:3000/_next/static/chunks/node_modules_next_dist_1ybzpk2._.js:2477
[181815545ms] [LOG] [Fast Refresh] rebuilding @ http://localhost:3000/_next/static/chunks/node_modules_next_dist_1ybzpk2._.js:2477
[181815545ms] [LOG] [Fast Refresh] done in 108ms @ http://localhost:3000/_next/static/chunks/node_modules_next_dist_1ybzpk2._.js:2477
[181846429ms] [LOG] [Fast Refresh] rebuilding @ http://localhost:3000/_next/static/chunks/node_modules_next_dist_1ybzpk2._.js:2477
[181846493ms] [LOG] [Fast Refresh] done in 166ms @ http://localhost:3000/_next/static/chunks/node_modules_next_dist_1ybzpk2._.js:2477
[181941602ms] [LOG] [Fast Refresh] rebuilding @ http://localhost:3000/_next/static/chunks/node_modules_next_dist_1ybzpk2._.js:2477
[181941718ms] [LOG] [Fast Refresh] done in 181ms @ http://localhost:3000/_next/static/chunks/node_modules_next_dist_1ybzpk2._.js:2477
[181993539ms] [LOG] [Fast Refresh] rebuilding @ http://localhost:3000/_next/static/chunks/node_modules_next_dist_1ybzpk2._.js:2477
[181993930ms] [LOG] [Fast Refresh] done in 502ms @ http://localhost:3000/_next/static/chunks/node_modules_next_dist_1ybzpk2._.js:2477
[182025815ms] [LOG] [Fast Refresh] rebuilding @ http://localhost:3000/_next/static/chunks/node_modules_next_dist_1ybzpk2._.js:2477
[182025877ms] [LOG] [Fast Refresh] done in 167ms @ http://localhost:3000/_next/static/chunks/node_modules_next_dist_1ybzpk2._.js:2477
[182040944ms] [LOG] [Fast Refresh] rebuilding @ http://localhost:3000/_next/static/chunks/node_modules_next_dist_1ybzpk2._.js:2477
[182041008ms] [LOG] [Fast Refresh] done in 165ms @ http://localhost:3000/_next/static/chunks/node_modules_next_dist_1ybzpk2._.js:2477
[182046982ms] [LOG] [Fast Refresh] rebuilding @ http://localhost:3000/_next/static/chunks/node_modules_next_dist_1ybzpk2._.js:2477
[182046983ms] [LOG] [Fast Refresh] done in 104ms @ http://localhost:3000/_next/static/chunks/node_modules_next_dist_1ybzpk2._.js:2477
[182118459ms] [LOG] [Fast Refresh] rebuilding @ http://localhost:3000/_next/static/chunks/node_modules_next_dist_1ybzpk2._.js:2477
[182118533ms] [LOG] [Fast Refresh] done in 181ms @ http://localhost:3000/_next/static/chunks/node_modules_next_dist_1ybzpk2._.js:2477
[182119004ms] [LOG] [Fast Refresh] rebuilding @ http://localhost:3000/_next/static/chunks/node_modules_next_dist_1ybzpk2._.js:2477
[182119030ms] [LOG] [Fast Refresh] done in 138ms @ http://localhost:3000/_next/static/chunks/node_modules_next_dist_1ybzpk2._.js:2477
[182119220ms] [LOG] [Fast Refresh] rebuilding @ http://localhost:3000/_next/static/chunks/node_modules_next_dist_1ybzpk2._.js:2477
[182119643ms] [LOG] [Fast Refresh] done in 532ms @ http://localhost:3000/_next/static/chunks/node_modules_next_dist_1ybzpk2._.js:2477
[182122563ms] [LOG] [Fast Refresh] rebuilding @ http://localhost:3000/_next/static/chunks/node_modules_next_dist_1ybzpk2._.js:2477
[182122676ms] [LOG] [Fast Refresh] done in 173ms @ http://localhost:3000/_next/static/chunks/node_modules_next_dist_1ybzpk2._.js:2477
[182138220ms] [LOG] [Fast Refresh] rebuilding @ http://localhost:3000/_next/static/chunks/node_modules_next_dist_1ybzpk2._.js:2477
[182139283ms] [WARNING] [Fast Refresh] performing full reload

Fast Refresh will perform a full reload when you edit a file that's imported by modules outside of the React rendering tree.
You might have a file which exports a React component but also exports a value that is imported by a non-React component file.
Consider migrating the non-React component export to a separate file and importing it into both files.

It is also possible the parent component of the component you edited is a class component, which disables Fast Refresh.
Fast Refresh requires at least one parent function component in your React tree. @ http://localhost:3000/_next/static/chunks/node_modules_next_dist_1ybzpk2._.js:2477
[182139289ms] [LOG] [Fast Refresh] done in 1164ms @ http://localhost:3000/_next/static/chunks/node_modules_next_dist_1ybzpk2._.js:2477
[182139499ms] [LOG] [Fast Refresh] rebuilding @ http://localhost:3000/_next/static/chunks/node_modules_next_dist_1ybzpk2._.js:2477
[182139540ms] [LOG] [Fast Refresh] done in 143ms @ http://localhost:3000/_next/static/chunks/node_modules_next_dist_1ybzpk2._.js:2477
[182139644ms] [LOG] [Fast Refresh] rebuilding @ http://localhost:3000/_next/static/chunks/node_modules_next_dist_1ybzpk2._.js:2477
[182139926ms] [LOG] [Fast Refresh] done in 385ms @ http://localhost:3000/_next/static/chunks/node_modules_next_dist_1ybzpk2._.js:2477
[182140461ms] [LOG] [Fast Refresh] rebuilding @ http://localhost:3000/_next/static/chunks/node_modules_next_dist_1ybzpk2._.js:2477
[182140474ms] [LOG] [Fast Refresh] done in 117ms @ http://localhost:3000/_next/static/chunks/node_modules_next_dist_1ybzpk2._.js:2477
[182140579ms] [LOG] [Fast Refresh] rebuilding @ http://localhost:3000/_next/static/chunks/node_modules_next_dist_1ybzpk2._.js:2477
[182140832ms] [LOG] [Fast Refresh] done in 357ms @ http://localhost:3000/_next/static/chunks/node_modules_next_dist_1ybzpk2._.js:2477
[182141344ms] [INFO] %cDownload the React DevTools for a better development experience: https://react.dev/link/react-devtools font-weight:bold @ http://localhost:3000/_next/static/chunks/node_modules_next_dist_1ybzpk2._.js:2477
[182141437ms] [LOG] [HMR] connected @ http://localhost:3000/_next/static/chunks/node_modules_next_dist_1ybzpk2._.js:2477
[182143745ms] [LOG] [Fast Refresh] rebuilding @ http://localhost:3000/_next/static/chunks/node_modules_next_dist_1ybzpk2._.js:2477
[182146570ms] [LOG] [Fast Refresh] done in 2932ms @ http://localhost:3000/_next/static/chunks/node_modules_next_dist_1ybzpk2._.js:2477
[182154649ms] [LOG] [Fast Refresh] rebuilding @ http://localhost:3000/_next/static/chunks/node_modules_next_dist_1ybzpk2._.js:2477
[182154650ms] [LOG] [Fast Refresh] done in 103ms @ http://localhost:3000/_next/static/chunks/node_modules_next_dist_1ybzpk2._.js:2477
[182208432ms] [LOG] [Fast Refresh] rebuilding @ http://localhost:3000/_next/static/chunks/node_modules_next_dist_1ybzpk2._.js:2477
[182208433ms] [LOG] [Fast Refresh] done in 107ms @ http://localhost:3000/_next/static/chunks/node_modules_next_dist_1ybzpk2._.js:2477
[182210063ms] [LOG] [Fast Refresh] rebuilding @ http://localhost:3000/_next/static/chunks/node_modules_next_dist_1ybzpk2._.js:2477
[182210125ms] [LOG] [Fast Refresh] done in 163ms @ http://localhost:3000/_next/static/chunks/node_modules_next_dist_1ybzpk2._.js:2477
[182258089ms] [LOG] [Fast Refresh] rebuilding @ http://localhost:3000/_next/static/chunks/node_modules_next_dist_1ybzpk2._.js:2477
[182258090ms] [LOG] [Fast Refresh] done in 105ms @ http://localhost:3000/_next/static/chunks/node_modules_next_dist_1ybzpk2._.js:2477
[182284379ms] [LOG] [Fast Refresh] rebuilding @ http://localhost:3000/_next/static/chunks/node_modules_next_dist_1ybzpk2._.js:2477
[182284395ms] [LOG] [Fast Refresh] done in 121ms @ http://localhost:3000/_next/static/chunks/node_modules_next_dist_1ybzpk2._.js:2477
[182314750ms] [LOG] [Fast Refresh] rebuilding @ http://localhost:3000/_next/static/chunks/node_modules_next_dist_1ybzpk2._.js:2477
[182315802ms] [LOG] [Fast Refresh] done in 1153ms @ http://localhost:3000/_next/static/chunks/node_modules_next_dist_1ybzpk2._.js:2477
[182316045ms] [LOG] [Fast Refresh] rebuilding @ http://localhost:3000/_next/static/chunks/node_modules_next_dist_1ybzpk2._.js:2477
[182316078ms] [LOG] [Fast Refresh] done in 139ms @ http://localhost:3000/_next/static/chunks/node_modules_next_dist_1ybzpk2._.js:2477
[182316179ms] [LOG] [Fast Refresh] rebuilding @ http://localhost:3000/_next/static/chunks/node_modules_next_dist_1ybzpk2._.js:2477
[182316242ms] [LOG] [Fast Refresh] done in 163ms @ http://localhost:3000/_next/static/chunks/node_modules_next_dist_1ybzpk2._.js:2477
[182316705ms] [LOG] [Fast Refresh] rebuilding @ http://localhost:3000/_next/static/chunks/node_modules_next_dist_1ybzpk2._.js:2477
[182317409ms] [LOG] [Fast Refresh] done in 805ms @ http://localhost:3000/_next/static/chunks/node_modules_next_dist_1ybzpk2._.js:2477
[182376445ms] [LOG] [Fast Refresh] rebuilding @ http://localhost:3000/_next/static/chunks/node_modules_next_dist_1ybzpk2._.js:2477
[182376563ms] [LOG] [Fast Refresh] done in 75ms @ http://localhost:3000/_next/static/chunks/node_modules_next_dist_1ybzpk2._.js:2477
[182396010ms] [LOG] [Fast Refresh] rebuilding @ http://localhost:3000/_next/static/chunks/node_modules_next_dist_1ybzpk2._.js:2477
[182396129ms] [LOG] [Fast Refresh] done in 58ms @ http://localhost:3000/_next/static/chunks/node_modules_next_dist_1ybzpk2._.js:2477
[182401183ms] [LOG] [Fast Refresh] rebuilding @ http://localhost:3000/_next/static/chunks/node_modules_next_dist_1ybzpk2._.js:2477
[182401298ms] [LOG] [Fast Refresh] done in 58ms @ http://localhost:3000/_next/static/chunks/node_modules_next_dist_1ybzpk2._.js:2477
[182436969ms] [LOG] [Fast Refresh] rebuilding @ http://localhost:3000/_next/static/chunks/node_modules_next_dist_1ybzpk2._.js:2477
[182437132ms] [LOG] [Fast Refresh] done in 17ms @ http://localhost:3000/_next/static/chunks/node_modules_next_dist_1ybzpk2._.js:2477
[182443697ms] [LOG] [Fast Refresh] rebuilding @ http://localhost:3000/_next/static/chunks/node_modules_next_dist_1ybzpk2._.js:2477
[182443698ms] [LOG] [Fast Refresh] done in 102ms @ http://localhost:3000/_next/static/chunks/node_modules_next_dist_1ybzpk2._.js:2477
[182467014ms] [LOG] [Fast Refresh] rebuilding @ http://localhost:3000/_next/static/chunks/node_modules_next_dist_1ybzpk2._.js:2477
[182467139ms] [LOG] [Fast Refresh] done in 233ms @ http://localhost:3000/_next/static/chunks/node_modules_next_dist_1ybzpk2._.js:2477
[182487404ms] [LOG] [Fast Refresh] rebuilding @ http://localhost:3000/_next/static/chunks/node_modules_next_dist_1ybzpk2._.js:2477
[182487514ms] [LOG] [Fast Refresh] done in 217ms @ http://localhost:3000/_next/static/chunks/node_modules_next_dist_1ybzpk2._.js:2477
[182750665ms] [LOG] [Fast Refresh] rebuilding @ http://localhost:3000/_next/static/chunks/node_modules_next_dist_1ybzpk2._.js:2477
[182750709ms] [LOG] [Fast Refresh] done in 151ms @ http://localhost:3000/_next/static/chunks/node_modules_next_dist_1ybzpk2._.js:2477
[182758588ms] [LOG] [Fast Refresh] rebuilding @ http://localhost:3000/_next/static/chunks/node_modules_next_dist_1ybzpk2._.js:2477
[182758609ms] [LOG] [Fast Refresh] done in 133ms @ http://localhost:3000/_next/static/chunks/node_modules_next_dist_1ybzpk2._.js:2477
[182760908ms] [LOG] [Fast Refresh] rebuilding @ http://localhost:3000/_next/static/chunks/node_modules_next_dist_1ybzpk2._.js:2477
[182760920ms] [LOG] [Fast Refresh] done in 121ms @ http://localhost:3000/_next/static/chunks/node_modules_next_dist_1ybzpk2._.js:2477
[182777697ms] [LOG] [Fast Refresh] rebuilding @ http://localhost:3000/_next/static/chunks/node_modules_next_dist_1ybzpk2._.js:2477
[182778039ms] [LOG] [Fast Refresh] done in 45ms @ http://localhost:3000/_next/static/chunks/node_modules_next_dist_1ybzpk2._.js:2477
[183036945ms] [LOG] [Fast Refresh] rebuilding @ http://localhost:3000/_next/static/chunks/node_modules_next_dist_1ybzpk2._.js:2477
[183036982ms] [LOG] [Fast Refresh] done in 155ms @ http://localhost:3000/_next/static/chunks/node_modules_next_dist_1ybzpk2._.js:2477
[183176894ms] [LOG] [Fast Refresh] rebuilding @ http://localhost:3000/_next/static/chunks/node_modules_next_dist_1ybzpk2._.js:2477
[183177004ms] [LOG] [Fast Refresh] done in 220ms @ http://localhost:3000/_next/static/chunks/node_modules_next_dist_1ybzpk2._.js:2477
[205080606ms] [LOG] [HMR] connected @ http://localhost:3000/_next/static/chunks/node_modules_next_dist_1ybzpk2._.js:2477
[205080880ms] [LOG] [Fast Refresh] rebuilding @ http://localhost:3000/_next/static/chunks/node_modules_next_dist_1ybzpk2._.js:2477
[205081792ms] [LOG] [Fast Refresh] done in 1018ms @ http://localhost:3000/_next/static/chunks/node_modules_next_dist_1ybzpk2._.js:2477
[205081911ms] [LOG] [Fast Refresh] rebuilding @ http://localhost:3000/_next/static/chunks/node_modules_next_dist_1ybzpk2._.js:2477
[205081996ms] [LOG] [Fast Refresh] done in 198ms @ http://localhost:3000/_next/static/chunks/node_modules_next_dist_1ybzpk2._.js:2477
[205104368ms] [ERROR] Failed to load resource: net::ERR_NAME_NOT_RESOLVED @ https://www.youtube-nocookie.com/youtubei/v1/att/get?prettyPrint=false:0
[205104377ms] [ERROR] Failed to load resource: net::ERR_NAME_NOT_RESOLVED @ https://www.youtube-nocookie.com/youtubei/v1/log_event?alt=json:0
[206679109ms] [LOG] [Fast Refresh] rebuilding @ http://localhost:3000/_next/static/chunks/node_modules_next_dist_1ybzpk2._.js:2477
[206679861ms] [LOG] [Fast Refresh] done in 856ms @ http://localhost:3000/_next/static/chunks/node_modules_next_dist_1ybzpk2._.js:2477
[206680043ms] [LOG] [Fast Refresh] rebuilding @ http://localhost:3000/_next/static/chunks/node_modules_next_dist_1ybzpk2._.js:2477
[206680721ms] [LOG] [Fast Refresh] done in 779ms @ http://localhost:3000/_next/static/chunks/node_modules_next_dist_1ybzpk2._.js:2477
[206680850ms] [LOG] [Fast Refresh] rebuilding @ http://localhost:3000/_next/static/chunks/node_modules_next_dist_1ybzpk2._.js:2477
[206680862ms] [LOG] [Fast Refresh] done in 116ms @ http://localhost:3000/_next/static/chunks/node_modules_next_dist_1ybzpk2._.js:2477
[206680966ms] [LOG] [Fast Refresh] rebuilding @ http://localhost:3000/_next/static/chunks/node_modules_next_dist_1ybzpk2._.js:2477
[206681464ms] [LOG] [Fast Refresh] done in 602ms @ http://localhost:3000/_next/static/chunks/node_modules_next_dist_1ybzpk2._.js:2477
[206681599ms] [LOG] [Fast Refresh] rebuilding @ http://localhost:3000/_next/static/chunks/node_modules_next_dist_1ybzpk2._.js:2477
[206681656ms] [LOG] [Fast Refresh] done in 167ms @ http://localhost:3000/_next/static/chunks/node_modules_next_dist_1ybzpk2._.js:2477
[206681900ms] [LOG] [Fast Refresh] rebuilding @ http://localhost:3000/_next/static/chunks/node_modules_next_dist_1ybzpk2._.js:2477
[206681908ms] [LOG] [Fast Refresh] done in 115ms @ http://localhost:3000/_next/static/chunks/node_modules_next_dist_1ybzpk2._.js:2477
[206708495ms] [LOG] [Fast Refresh] rebuilding @ http://localhost:3000/_next/static/chunks/node_modules_next_dist_1ybzpk2._.js:2477
[206708620ms] [LOG] [Fast Refresh] done in 228ms @ http://localhost:3000/_next/static/chunks/node_modules_next_dist_1ybzpk2._.js:2477
[206742620ms] [LOG] [Fast Refresh] rebuilding @ http://localhost:3000/_next/static/chunks/node_modules_next_dist_1ybzpk2._.js:2477
[206743029ms] [LOG] [Fast Refresh] done in 159ms @ http://localhost:3000/_next/static/chunks/node_modules_next_dist_1ybzpk2._.js:2477
[206776002ms] [LOG] [Fast Refresh] rebuilding @ http://localhost:3000/_next/static/chunks/node_modules_next_dist_1ybzpk2._.js:2477
[206776365ms] [LOG] [Fast Refresh] done in 304ms @ http://localhost:3000/_next/static/chunks/node_modules_next_dist_1ybzpk2._.js:2477
[206776474ms] [LOG] [Fast Refresh] rebuilding @ http://localhost:3000/_next/static/chunks/node_modules_next_dist_1ybzpk2._.js:2477
[206776594ms] [LOG] [Fast Refresh] done in 226ms @ http://localhost:3000/_next/static/chunks/node_modules_next_dist_1ybzpk2._.js:2477
[206776707ms] [LOG] [Fast Refresh] rebuilding @ http://localhost:3000/_next/static/chunks/node_modules_next_dist_1ybzpk2._.js:2477
[206776797ms] [LOG] [Fast Refresh] done in 191ms @ http://localhost:3000/_next/static/chunks/node_modules_next_dist_1ybzpk2._.js:2477
[206776918ms] [LOG] [Fast Refresh] rebuilding @ http://localhost:3000/_next/static/chunks/node_modules_next_dist_1ybzpk2._.js:2477
[206776983ms] [LOG] [Fast Refresh] done in 166ms @ http://localhost:3000/_next/static/chunks/node_modules_next_dist_1ybzpk2._.js:2477
[206996173ms] [LOG] [Fast Refresh] rebuilding @ http://localhost:3000/_next/static/chunks/node_modules_next_dist_1ybzpk2._.js:2477
[206996181ms] [LOG] [Fast Refresh] done in 112ms @ http://localhost:3000/_next/static/chunks/node_modules_next_dist_1ybzpk2._.js:2477
[207000254ms] [ERROR] WebSocket connection to 'ws://localhost:3000/_next/webpack-hmr?id=Ns-0SwvX3YVO1vknIWe5q' failed: Error in connection establishment: net::ERR_CONNECTION_REFUSED @ http://localhost:3000/_next/static/chunks/node_modules_next_dist_client_0r5nbpw._.js:13422
[207003617ms] [ERROR] WebSocket connection to 'ws://localhost:3000/_next/webpack-hmr?id=Ns-0SwvX3YVO1vknIWe5q' failed: Error in connection establishment: net::ERR_CONNECTION_REFUSED @ http://localhost:3000/_next/static/chunks/node_modules_next_dist_client_0r5nbpw._.js:13422
[207006954ms] [ERROR] WebSocket connection to 'ws://localhost:3000/_next/webpack-hmr?id=Ns-0SwvX3YVO1vknIWe5q' failed: Error in connection establishment: net::ERR_CONNECTION_REFUSED @ http://localhost:3000/_next/static/chunks/node_modules_next_dist_client_0r5nbpw._.js:13422
[207010312ms] [ERROR] WebSocket connection to 'ws://localhost:3000/_next/webpack-hmr?id=Ns-0SwvX3YVO1vknIWe5q' failed: Error in connection establishment: net::ERR_CONNECTION_REFUSED @ http://localhost:3000/_next/static/chunks/node_modules_next_dist_client_0r5nbpw._.js:13422
[207013708ms] [ERROR] WebSocket connection to 'ws://localhost:3000/_next/webpack-hmr?id=Ns-0SwvX3YVO1vknIWe5q' failed: Error in connection establishment: net::ERR_CONNECTION_REFUSED @ http://localhost:3000/_next/static/chunks/node_modules_next_dist_client_0r5nbpw._.js:13422
[207019874ms] [LOG] [HMR] connected @ http://localhost:3000/_next/static/chunks/node_modules_next_dist_1ybzpk2._.js:2477
[207022985ms] [INFO] %cDownload the React DevTools for a better development experience: https://react.dev/link/react-devtools font-weight:bold @ http://localhost:3000/_next/static/chunks/node_modules_next_dist_1ybzpk2._.js:2477
[207023146ms] [LOG] [HMR] connected @ http://localhost:3000/_next/static/chunks/node_modules_next_dist_1ybzpk2._.js:2477
[207024092ms] [LOG] [Fast Refresh] rebuilding @ http://localhost:3000/_next/static/chunks/node_modules_next_dist_1ybzpk2._.js:2477
[207024161ms] [LOG] [Fast Refresh] done in 181ms @ http://localhost:3000/_next/static/chunks/node_modules_next_dist_1ybzpk2._.js:2477
[207073153ms] [LOG] [Fast Refresh] rebuilding @ http://localhost:3000/_next/static/chunks/node_modules_next_dist_1ybzpk2._.js:2477
[207073728ms] [LOG] [Fast Refresh] done in 642ms @ http://localhost:3000/_next/static/chunks/node_modules_next_dist_1ybzpk2._.js:2477
[207073854ms] [LOG] [Fast Refresh] rebuilding @ http://localhost:3000/_next/static/chunks/node_modules_next_dist_1ybzpk2._.js:2477
[207073953ms] [LOG] [Fast Refresh] done in 202ms @ http://localhost:3000/_next/static/chunks/node_modules_next_dist_1ybzpk2._.js:2477
[207074391ms] [LOG] [Fast Refresh] rebuilding @ http://localhost:3000/_next/static/chunks/node_modules_next_dist_1ybzpk2._.js:2477
[207074473ms] [LOG] [Fast Refresh] done in 184ms @ http://localhost:3000/_next/static/chunks/node_modules_next_dist_1ybzpk2._.js:2477
[207074909ms] [LOG] [Fast Refresh] rebuilding @ http://localhost:3000/_next/static/chunks/node_modules_next_dist_1ybzpk2._.js:2477
[207074928ms] [LOG] [Fast Refresh] done in 121ms @ http://localhost:3000/_next/static/chunks/node_modules_next_dist_1ybzpk2._.js:2477
[207170186ms] [LOG] [Fast Refresh] rebuilding @ http://localhost:3000/_next/static/chunks/node_modules_next_dist_1ybzpk2._.js:2477
[207170199ms] [LOG] [Fast Refresh] done in 118ms @ http://localhost:3000/_next/static/chunks/node_modules_next_dist_1ybzpk2._.js:2477
[207259797ms] [LOG] [Fast Refresh] rebuilding @ http://localhost:3000/_next/static/chunks/node_modules_next_dist_1ybzpk2._.js:2477
[207260097ms] [LOG] [Fast Refresh] done in 144ms @ http://localhost:3000/_next/static/chunks/node_modules_next_dist_1ybzpk2._.js:2477
[207260203ms] [LOG] [Fast Refresh] rebuilding @ http://localhost:3000/_next/static/chunks/node_modules_next_dist_1ybzpk2._.js:2477
[207260270ms] [LOG] [Fast Refresh] done in 169ms @ http://localhost:3000/_next/static/chunks/node_modules_next_dist_1ybzpk2._.js:2477
[207842816ms] [LOG] [Fast Refresh] rebuilding @ http://localhost:3000/_next/static/chunks/node_modules_next_dist_1ybzpk2._.js:2477
[207842988ms] [LOG] [Fast Refresh] done in 278ms @ http://localhost:3000/_next/static/chunks/node_modules_next_dist_1ybzpk2._.js:2477
[207952858ms] [LOG] [Fast Refresh] rebuilding @ http://localhost:3000/_next/static/chunks/node_modules_next_dist_1ybzpk2._.js:2477
[207952891ms] [LOG] [Fast Refresh] done in 137ms @ http://localhost:3000/_next/static/chunks/node_modules_next_dist_1ybzpk2._.js:2477
[208007752ms] [LOG] [Fast Refresh] rebuilding @ http://localhost:3000/_next/static/chunks/node_modules_next_dist_1ybzpk2._.js:2477
[208008171ms] [LOG] [Fast Refresh] done in 250ms @ http://localhost:3000/_next/static/chunks/node_modules_next_dist_1ybzpk2._.js:2477
[208008294ms] [LOG] [Fast Refresh] rebuilding @ http://localhost:3000/_next/static/chunks/node_modules_next_dist_1ybzpk2._.js:2477
[208008439ms] [LOG] [Fast Refresh] done in 253ms @ http://localhost:3000/_next/static/chunks/node_modules_next_dist_1ybzpk2._.js:2477
[208008573ms] [LOG] [Fast Refresh] rebuilding @ http://localhost:3000/_next/static/chunks/node_modules_next_dist_1ybzpk2._.js:2477
[208008607ms] [LOG] [Fast Refresh] done in 135ms @ http://localhost:3000/_next/static/chunks/node_modules_next_dist_1ybzpk2._.js:2477
[208008709ms] [LOG] [Fast Refresh] rebuilding @ http://localhost:3000/_next/static/chunks/node_modules_next_dist_1ybzpk2._.js:2477
[208008737ms] [LOG] [Fast Refresh] done in 129ms @ http://localhost:3000/_next/static/chunks/node_modules_next_dist_1ybzpk2._.js:2477
[208032408ms] [LOG] [Fast Refresh] rebuilding @ http://localhost:3000/_next/static/chunks/node_modules_next_dist_1ybzpk2._.js:2477
[208032628ms] [LOG] [Fast Refresh] done in 320ms @ http://localhost:3000/_next/static/chunks/node_modules_next_dist_1ybzpk2._.js:2477
[208053288ms] [LOG] [Fast Refresh] rebuilding @ http://localhost:3000/_next/static/chunks/node_modules_next_dist_1ybzpk2._.js:2477
[208053571ms] [LOG] [Fast Refresh] done in 335ms @ http://localhost:3000/_next/static/chunks/node_modules_next_dist_1ybzpk2._.js:2477
[208073272ms] [LOG] [Fast Refresh] rebuilding @ http://localhost:3000/_next/static/chunks/node_modules_next_dist_1ybzpk2._.js:2477
[208073350ms] [LOG] [Fast Refresh] done in 193ms @ http://localhost:3000/_next/static/chunks/node_modules_next_dist_1ybzpk2._.js:2477
[208073473ms] [LOG] [Fast Refresh] rebuilding @ http://localhost:3000/_next/static/chunks/node_modules_next_dist_1ybzpk2._.js:2477
[208073521ms] [LOG] [Fast Refresh] done in 152ms @ http://localhost:3000/_next/static/chunks/node_modules_next_dist_1ybzpk2._.js:2477
[208131143ms] [LOG] [Fast Refresh] rebuilding @ http://localhost:3000/_next/static/chunks/node_modules_next_dist_1ybzpk2._.js:2477
[208131206ms] [LOG] [Fast Refresh] done in 167ms @ http://localhost:3000/_next/static/chunks/node_modules_next_dist_1ybzpk2._.js:2477
[208133409ms] [LOG] [Fast Refresh] rebuilding @ http://localhost:3000/_next/static/chunks/node_modules_next_dist_1ybzpk2._.js:2477
[208133454ms] [LOG] [Fast Refresh] done in 153ms @ http://localhost:3000/_next/static/chunks/node_modules_next_dist_1ybzpk2._.js:2477
[208167572ms] [LOG] [Fast Refresh] rebuilding @ http://localhost:3000/_next/static/chunks/node_modules_next_dist_1ybzpk2._.js:2477
[208167588ms] [LOG] [Fast Refresh] done in 127ms @ http://localhost:3000/_next/static/chunks/node_modules_next_dist_1ybzpk2._.js:2477
[208219244ms] [LOG] [Fast Refresh] rebuilding @ http://localhost:3000/_next/static/chunks/node_modules_next_dist_1ybzpk2._.js:2477
[208219367ms] [LOG] [Fast Refresh] done in 225ms @ http://localhost:3000/_next/static/chunks/node_modules_next_dist_1ybzpk2._.js:2477
[208336410ms] [LOG] [Fast Refresh] rebuilding @ http://localhost:3000/_next/static/chunks/node_modules_next_dist_1ybzpk2._.js:2477
[208336534ms] [LOG] [Fast Refresh] done in 201ms @ http://localhost:3000/_next/static/chunks/node_modules_next_dist_1ybzpk2._.js:2477
[208413546ms] [LOG] [Fast Refresh] rebuilding @ http://localhost:3000/_next/static/chunks/node_modules_next_dist_1ybzpk2._.js:2477
[208413656ms] [LOG] [Fast Refresh] done in 174ms @ http://localhost:3000/_next/static/chunks/node_modules_next_dist_1ybzpk2._.js:2477
[208439249ms] [LOG] [Fast Refresh] rebuilding @ http://localhost:3000/_next/static/chunks/node_modules_next_dist_1ybzpk2._.js:2477
[208439344ms] [LOG] [Fast Refresh] done in 161ms @ http://localhost:3000/_next/static/chunks/node_modules_next_dist_1ybzpk2._.js:2477
[208484177ms] [LOG] [Fast Refresh] rebuilding @ http://localhost:3000/_next/static/chunks/node_modules_next_dist_1ybzpk2._.js:2477
[208484536ms] [LOG] [Fast Refresh] done in 462ms @ http://localhost:3000/_next/static/chunks/node_modules_next_dist_1ybzpk2._.js:2477
[208521982ms] [LOG] [Fast Refresh] rebuilding @ http://localhost:3000/_next/static/chunks/node_modules_next_dist_1ybzpk2._.js:2477
[208521983ms] [LOG] [Fast Refresh] done in 105ms @ http://localhost:3000/_next/static/chunks/node_modules_next_dist_1ybzpk2._.js:2477
[208579928ms] [LOG] [Fast Refresh] rebuilding @ http://localhost:3000/_next/static/chunks/node_modules_next_dist_1ybzpk2._.js:2477
[208579929ms] [LOG] [Fast Refresh] done in 105ms @ http://localhost:3000/_next/static/chunks/node_modules_next_dist_1ybzpk2._.js:2477
[208614572ms] [LOG] [Fast Refresh] rebuilding @ http://localhost:3000/_next/static/chunks/node_modules_next_dist_1ybzpk2._.js:2477
[208614573ms] [LOG] [Fast Refresh] done in 106ms @ http://localhost:3000/_next/static/chunks/node_modules_next_dist_1ybzpk2._.js:2477
[208676110ms] [LOG] [Fast Refresh] rebuilding @ http://localhost:3000/_next/static/chunks/node_modules_next_dist_1ybzpk2._.js:2477
[208676204ms] [LOG] [Fast Refresh] done in 167ms @ http://localhost:3000/_next/static/chunks/node_modules_next_dist_1ybzpk2._.js:2477
[208693127ms] [LOG] [Fast Refresh] rebuilding @ http://localhost:3000/_next/static/chunks/node_modules_next_dist_1ybzpk2._.js:2477
[208693128ms] [LOG] [Fast Refresh] done in 114ms @ http://localhost:3000/_next/static/chunks/node_modules_next_dist_1ybzpk2._.js:2477
[208769521ms] [LOG] [Fast Refresh] rebuilding @ http://localhost:3000/_next/static/chunks/node_modules_next_dist_1ybzpk2._.js:2477
[208769538ms] [LOG] [Fast Refresh] done in 121ms @ http://localhost:3000/_next/static/chunks/node_modules_next_dist_1ybzpk2._.js:2477
[208769740ms] [LOG] [Fast Refresh] rebuilding @ http://localhost:3000/_next/static/chunks/node_modules_next_dist_1ybzpk2._.js:2477
[208769741ms] [LOG] [Fast Refresh] done in 104ms @ http://localhost:3000/_next/static/chunks/node_modules_next_dist_1ybzpk2._.js:2477
[209180100ms] [LOG] [Fast Refresh] rebuilding @ http://localhost:3000/_next/static/chunks/node_modules_next_dist_1ybzpk2._.js:2477
[209180170ms] [LOG] [Fast Refresh] done in 178ms @ http://localhost:3000/_next/static/chunks/node_modules_next_dist_1ybzpk2._.js:2477
[209218515ms] [LOG] [Fast Refresh] rebuilding @ http://localhost:3000/_next/static/chunks/node_modules_next_dist_1ybzpk2._.js:2477
[209218912ms] [LOG] [Fast Refresh] done in 509ms @ http://localhost:3000/_next/static/chunks/node_modules_next_dist_1ybzpk2._.js:2477
[209221647ms] [LOG] [Fast Refresh] rebuilding @ http://localhost:3000/_next/static/chunks/node_modules_next_dist_1ybzpk2._.js:2477
[209221663ms] [LOG] [Fast Refresh] done in 123ms @ http://localhost:3000/_next/static/chunks/node_modules_next_dist_1ybzpk2._.js:2477
[209272375ms] [LOG] [Fast Refresh] rebuilding @ http://localhost:3000/_next/static/chunks/node_modules_next_dist_1ybzpk2._.js:2477
[209272501ms] [LOG] [Fast Refresh] done in 241ms @ http://localhost:3000/_next/static/chunks/node_modules_next_dist_1ybzpk2._.js:2477
[209301749ms] [LOG] [Fast Refresh] rebuilding @ http://localhost:3000/_next/static/chunks/node_modules_next_dist_1ybzpk2._.js:2477
[209301749ms] [LOG] [Fast Refresh] done in 104ms @ http://localhost:3000/_next/static/chunks/node_modules_next_dist_1ybzpk2._.js:2477
[209320002ms] [LOG] [Fast Refresh] rebuilding @ http://localhost:3000/_next/static/chunks/node_modules_next_dist_1ybzpk2._.js:2477
[209320010ms] [LOG] [Fast Refresh] done in 110ms @ http://localhost:3000/_next/static/chunks/node_modules_next_dist_1ybzpk2._.js:2477
[211326227ms] [LOG] [HMR] connected @ http://localhost:3000/_next/static/chunks/node_modules_next_dist_1ybzpk2._.js:2477
[211326478ms] [LOG] [Fast Refresh] rebuilding @ http://localhost:3000/_next/static/chunks/node_modules_next_dist_1ybzpk2._.js:2477
[211332160ms] [ERROR] WebSocket connection to 'ws://localhost:3000/_next/webpack-hmr?id=tC8ydUwh2cMppYMCxPsc_' failed: Error in connection establishment: net::ERR_CONNECTION_REFUSED @ http://localhost:3000/_next/static/chunks/node_modules_next_dist_client_0r5nbpw._.js:13422
[211335491ms] [ERROR] WebSocket connection to 'ws://localhost:3000/_next/webpack-hmr?id=tC8ydUwh2cMppYMCxPsc_' failed: Error in connection establishment: net::ERR_CONNECTION_REFUSED @ http://localhost:3000/_next/static/chunks/node_modules_next_dist_client_0r5nbpw._.js:13422
[211338827ms] [ERROR] WebSocket connection to 'ws://localhost:3000/_next/webpack-hmr?id=tC8ydUwh2cMppYMCxPsc_' failed: Error in connection establishment: net::ERR_CONNECTION_REFUSED @ http://localhost:3000/_next/static/chunks/node_modules_next_dist_client_0r5nbpw._.js:13422
[211342168ms] [ERROR] WebSocket connection to 'ws://localhost:3000/_next/webpack-hmr?id=tC8ydUwh2cMppYMCxPsc_' failed: Error in connection establishment: net::ERR_CONNECTION_REFUSED @ http://localhost:3000/_next/static/chunks/node_modules_next_dist_client_0r5nbpw._.js:13422
[211345527ms] [ERROR] WebSocket connection to 'ws://localhost:3000/_next/webpack-hmr?id=tC8ydUwh2cMppYMCxPsc_' failed: Error in connection establishment: net::ERR_CONNECTION_REFUSED @ http://localhost:3000/_next/static/chunks/node_modules_next_dist_client_0r5nbpw._.js:13422
[211352889ms] [ERROR] WebSocket connection to 'ws://localhost:3000/_next/webpack-hmr?id=tC8ydUwh2cMppYMCxPsc_' failed: Error in connection establishment: net::ERR_CONNECTION_REFUSED @ http://localhost:3000/_next/static/chunks/node_modules_next_dist_client_0r5nbpw._.js:13422
[211360271ms] [ERROR] WebSocket connection to 'ws://localhost:3000/_next/webpack-hmr?id=tC8ydUwh2cMppYMCxPsc_' failed: Error in connection establishment: net::ERR_CONNECTION_REFUSED @ http://localhost:3000/_next/static/chunks/node_modules_next_dist_client_0r5nbpw._.js:13422
[211367615ms] [ERROR] WebSocket connection to 'ws://localhost:3000/_next/webpack-hmr?id=tC8ydUwh2cMppYMCxPsc_' failed: Error in connection establishment: net::ERR_CONNECTION_REFUSED @ http://localhost:3000/_next/static/chunks/node_modules_next_dist_client_0r5nbpw._.js:13422
[211374968ms] [ERROR] WebSocket connection to 'ws://localhost:3000/_next/webpack-hmr?id=tC8ydUwh2cMppYMCxPsc_' failed: Error in connection establishment: net::ERR_CONNECTION_REFUSED @ http://localhost:3000/_next/static/chunks/node_modules_next_dist_client_0r5nbpw._.js:13422
[211382308ms] [ERROR] WebSocket connection to 'ws://localhost:3000/_next/webpack-hmr?id=tC8ydUwh2cMppYMCxPsc_' failed: Error in connection establishment: net::ERR_CONNECTION_REFUSED @ http://localhost:3000/_next/static/chunks/node_modules_next_dist_client_0r5nbpw._.js:13422
[211391846ms] [LOG] [HMR] connected @ http://localhost:3000/_next/static/chunks/node_modules_next_dist_1ybzpk2._.js:2477
[211396367ms] [INFO] %cDownload the React DevTools for a better development experience: https://react.dev/link/react-devtools font-weight:bold @ http://localhost:3000/_next/static/chunks/node_modules_next_dist_1ybzpk2._.js:2477
[211396880ms] [LOG] [HMR] connected @ http://localhost:3000/_next/static/chunks/node_modules_next_dist_1ybzpk2._.js:2477
[211398599ms] [LOG] [Fast Refresh] rebuilding @ http://localhost:3000/_next/static/chunks/node_modules_next_dist_1ybzpk2._.js:2477
[211398800ms] [LOG] [Fast Refresh] done in 303ms @ http://localhost:3000/_next/static/chunks/node_modules_next_dist_1ybzpk2._.js:2477
[211527017ms] [LOG] [Fast Refresh] rebuilding @ http://localhost:3000/_next/static/chunks/node_modules_next_dist_1ybzpk2._.js:2477
[211527066ms] [LOG] [Fast Refresh] done in 161ms @ http://localhost:3000/_next/static/chunks/node_modules_next_dist_1ybzpk2._.js:2477
[211531606ms] [LOG] [Fast Refresh] rebuilding @ http://localhost:3000/_next/static/chunks/node_modules_next_dist_1ybzpk2._.js:2477
[211531740ms] [LOG] [Fast Refresh] done in 251ms @ http://localhost:3000/_next/static/chunks/node_modules_next_dist_1ybzpk2._.js:2477
[211562017ms] [LOG] [Fast Refresh] rebuilding @ http://localhost:3000/_next/static/chunks/node_modules_next_dist_1ybzpk2._.js:2477
[211562018ms] [LOG] [Fast Refresh] done in 102ms @ http://localhost:3000/_next/static/chunks/node_modules_next_dist_1ybzpk2._.js:2477
[213359020ms] [LOG] [HMR] connected @ http://localhost:3000/_next/static/chunks/node_modules_next_dist_1ybzpk2._.js:2477
[213818808ms] [ERROR] WebSocket connection to 'ws://localhost:3000/_next/webpack-hmr?id=ZeSpJPhxJi1AFuw4rZMJg' failed: Error in connection establishment: net::ERR_CONNECTION_REFUSED @ http://localhost:3000/_next/static/chunks/node_modules_next_dist_client_0r5nbpw._.js:13422
[213822155ms] [ERROR] WebSocket connection to 'ws://localhost:3000/_next/webpack-hmr?id=ZeSpJPhxJi1AFuw4rZMJg' failed: Error in connection establishment: net::ERR_CONNECTION_REFUSED @ http://localhost:3000/_next/static/chunks/node_modules_next_dist_client_0r5nbpw._.js:13422
[213825505ms] [ERROR] WebSocket connection to 'ws://localhost:3000/_next/webpack-hmr?id=ZeSpJPhxJi1AFuw4rZMJg' failed: Error in connection establishment: net::ERR_CONNECTION_REFUSED @ http://localhost:3000/_next/static/chunks/node_modules_next_dist_client_0r5nbpw._.js:13422
[213828851ms] [ERROR] WebSocket connection to 'ws://localhost:3000/_next/webpack-hmr?id=ZeSpJPhxJi1AFuw4rZMJg' failed: Error in connection establishment: net::ERR_CONNECTION_REFUSED @ http://localhost:3000/_next/static/chunks/node_modules_next_dist_client_0r5nbpw._.js:13422
[213836194ms] [ERROR] WebSocket connection to 'ws://localhost:3000/_next/webpack-hmr?id=ZeSpJPhxJi1AFuw4rZMJg' failed: Error in connection establishment: net::ERR_CONNECTION_REFUSED @ http://localhost:3000/_next/static/chunks/node_modules_next_dist_client_0r5nbpw._.js:13422
[213843543ms] [ERROR] WebSocket connection to 'ws://localhost:3000/_next/webpack-hmr?id=ZeSpJPhxJi1AFuw4rZMJg' failed: Error in connection establishment: net::ERR_CONNECTION_REFUSED @ http://localhost:3000/_next/static/chunks/node_modules_next_dist_client_0r5nbpw._.js:13422
[213850936ms] [ERROR] WebSocket connection to 'ws://localhost:3000/_next/webpack-hmr?id=ZeSpJPhxJi1AFuw4rZMJg' failed: Error in connection establishment: net::ERR_CONNECTION_REFUSED @ http://localhost:3000/_next/static/chunks/node_modules_next_dist_client_0r5nbpw._.js:13422
[213858298ms] [ERROR] WebSocket connection to 'ws://localhost:3000/_next/webpack-hmr?id=ZeSpJPhxJi1AFuw4rZMJg' failed: Error in connection establishment: net::ERR_CONNECTION_REFUSED @ http://localhost:3000/_next/static/chunks/node_modules_next_dist_client_0r5nbpw._.js:13422
[213865645ms] [ERROR] WebSocket connection to 'ws://localhost:3000/_next/webpack-hmr?id=ZeSpJPhxJi1AFuw4rZMJg' failed: Error in connection establishment: net::ERR_CONNECTION_REFUSED @ http://localhost:3000/_next/static/chunks/node_modules_next_dist_client_0r5nbpw._.js:13422
[213872997ms] [ERROR] WebSocket connection to 'ws://localhost:3000/_next/webpack-hmr?id=ZeSpJPhxJi1AFuw4rZMJg' failed: Error in connection establishment: net::ERR_CONNECTION_REFUSED @ http://localhost:3000/_next/static/chunks/node_modules_next_dist_client_0r5nbpw._.js:13422
[213880348ms] [ERROR] WebSocket connection to 'ws://localhost:3000/_next/webpack-hmr?id=ZeSpJPhxJi1AFuw4rZMJg' failed: Error in connection establishment: net::ERR_CONNECTION_REFUSED @ http://localhost:3000/_next/static/chunks/node_modules_next_dist_client_0r5nbpw._.js:13422
